Date,Price,Action,TradeShares,Shares,Balance,TotalValue,BaselineValue,Confidence
2009-11-23,38.437557220458984,Hold,0,0,100000.0,100000.0,99416.03933380604,0.9698829650878906
2009-11-24,38.6855354309082,Hold,0,0,100000.0,100000.0,100057.18904894218,0.9800801873207092
2009-11-25,38.87152099609375,Hold,0,0,100000.0,100000.0,100538.05626675996,0.9962928891181946
2009-11-26,38.437557220458984,Hold,0,0,100000.0,100000.0,99416.03933380604,0.9990092515945435
2009-11-27,37.197635650634766,Hold,0,0,100000.0,100000.0,96210.21185467453,0.9995044469833374
2009-11-30,37.879581451416016,Hold,0,0,100000.0,100000.0,97973.38836569595,0.9996021389961243
2009-12-01,37.63160705566406,Hold,0,0,100000.0,100000.0,97332.24851349115,0.999602735042572
2009-12-02,37.6935920715332,Hold,0,0,100000.0,100000.0,97492.51128494683,0.9995423555374146
2009-12-03,38.1275634765625,Hold,0,0,100000.0,100000.0,98614.54794376345,0.9994640946388245
2009-12-04,38.1275634765625,Hold,0,0,100000.0,100000.0,98614.54794376345,0.9991990923881531
2009-12-07,38.747528076171875,Hold,0,0,100000.0,100000.0,100217.47154626054,0.9988225102424622
2009-12-08,38.6855354309082,Hold,0,0,100000.0,100000.0,100057.18904894218,0.9975544810295105
2009-12-09,38.6855354309082,Hold,0,0,100000.0,100000.0,100057.18904894218,0.9970424771308899
2009-12-10,38.003578186035156,Hold,0,0,100000.0,100000.0,98293.98294912672,0.9946780204772949
2009-12-11,38.80952835083008,Hold,0,0,100000.0,100000.0,100377.7737694416,0.9902942180633545
2009-12-14,38.87152099609375,Hold,0,0,100000.0,100000.0,100538.05626675996,0.9803757667541504
2009-12-15,38.87152099609375,Hold,0,0,100000.0,100000.0,100538.05626675996,0.9721339344978333
2009-12-16,38.313560485839844,Hold,0,0,100000.0,100000.0,99095.44475037527,0.9806616306304932
2009-12-17,38.56154251098633,Hold,0,0,100000.0,100000.0,99736.60432844276,0.9867846369743347
2009-12-18,38.375553131103516,Hold,0,0,100000.0,100000.0,99255.72724769363,0.9938785433769226
2009-12-21,38.56154251098633,Hold,0,0,100000.0,100000.0,99736.60432844276,0.9930216670036316
2009-12-22,38.99551773071289,Hold,0,0,100000.0,100000.0,100858.65085019074,0.947517991065979
2009-12-23,39.30550003051758,Hold,0,0,100000.0,100000.0,101660.11265143928,0.8963936567306519
2009-12-24,39.429481506347656,Hold,0,0,100000.0,100000.0,101980.66778314466,0.9190776348114014
2009-12-25,39.30550003051758,Hold,0,0,100000.0,100000.0,101660.11265143928,0.9447075128555298
2009-12-28,39.49147415161133,Hold,0,0,100000.0,100000.0,102140.95028046303,0.93194580078125
2009-12-29,39.243499755859375,Hold,0,0,100000.0,100000.0,101499.81042825822,0.9521954655647278
2009-12-30,39.61547088623047,Hold,0,0,100000.0,100000.0,102461.5448638938,0.9671382308006287
2009-12-31,39.98744201660156,Hold,0,0,100000.0,100000.0,103423.27929952936,0.9723486304283142
2010-01-04,40.23543167114258,Hold,0,0,100000.0,100000.0,104064.45860345954,0.9529945850372314
2010-01-05,39.98744201660156,Hold,0,0,100000.0,100000.0,103423.27929952936,0.9344425201416016
2010-01-06,40.23543167114258,Hold,0,0,100000.0,100000.0,104064.45860345954,0.9138566255569458
2010-01-07,39.801456451416016,Hold,0,0,100000.0,100000.0,102942.41208171158,0.7467087507247925
2010-01-08,39.67746353149414,Hold,0,0,100000.0,100000.0,102621.82736121216,0.5019420981407166
2010-01-11,39.98744201660156,Hold,0,0,100000.0,100000.0,103423.27929952936,0.7090349197387695
2010-01-12,39.429481506347656,Hold,0,0,100000.0,100000.0,101980.66778314466,0.848090410232544
2010-01-13,38.93351745605469,Hold,0,0,100000.0,100000.0,100698.34862700968,0.9361132383346558
2010-01-14,39.18150329589844,Hold,0,0,100000.0,100000.0,101339.51806800852,0.9525507688522339
2010-01-15,39.36749267578125,Hold,0,0,100000.0,100000.0,101820.39514875764,0.9724934697151184
2010-01-18,38.99551773071289,Hold,0,0,100000.0,100000.0,100858.65085019074,0.9817696213722229
2010-01-19,38.747528076171875,Hold,0,0,100000.0,100000.0,100217.47154626054,0.9854182004928589
2010-01-20,39.05751037597656,Hold,0,0,100000.0,100000.0,101018.9333475091,0.9858497977256775
2010-01-21,38.80952835083008,Hold,0,0,100000.0,100000.0,100377.7737694416,0.9863878488540649
2010-01-22,37.879581451416016,Hold,0,0,100000.0,100000.0,97973.38836569595,0.9869116544723511
2010-01-25,37.44561004638672,Hold,0,0,100000.0,100000.0,96851.35170687933,0.9850983619689941
2010-01-26,37.25962448120117,Hold,0,0,100000.0,100000.0,96370.48448906155,0.9828934073448181
2010-01-27,36.94964599609375,Hold,0,0,100000.0,100000.0,95569.03255074433,0.9796477556228638
2010-01-28,37.197635650634766,Hold,0,0,100000.0,100000.0,96210.21185467453,0.981045126914978
2010-01-29,38.1275634765625,Hold,0,0,100000.0,100000.0,98614.54794376345,0.9746431112289429
2010-02-01,37.07363510131836,Hold,0,0,100000.0,100000.0,95889.60740831241,0.9478782415390015
2010-02-02,36.577667236328125,Hold,0,0,100000.0,100000.0,94607.27838924609,0.9075546860694885
2010-02-03,37.07363510131836,Hold,0,0,100000.0,100000.0,95889.60740831241,0.8819862008094788
2010-02-04,36.63966369628906,Hold,0,0,100000.0,100000.0,94767.57074949579,0.8869417309761047
2010-02-05,35.461734771728516,Hold,0,0,100000.0,100000.0,91722.02576768264,0.9264229536056519
2010-02-08,35.585731506347656,Hold,0,0,100000.0,100000.0,92042.62035111341,0.963744580745697
2010-02-09,36.32967758178711,Hold,0,0,100000.0,100000.0,93966.09908531589,0.9625135660171509
2010-02-10,36.205692291259766,Hold,0,0,100000.0,100000.0,93645.53409067917,0.9356060028076172
2010-02-22,36.577667236328125,Hold,0,0,100000.0,100000.0,94607.27838924609,0.9368306994438171
2010-02-23,37.07363510131836,Hold,0,0,100000.0,100000.0,95889.60740831241,0.8671297430992126
2010-02-24,36.2676887512207,Hold,0,0,100000.0,100000.0,93805.82645092887,0.8517072796821594
2010-02-25,36.081703186035156,Hold,0,0,100000.0,100000.0,93324.95923311109,0.8628268241882324
2010-02-26,36.453678131103516,Hold,0,0,100000.0,100000.0,94286.70353167801,0.7689223289489746
2010-03-01,36.94964599609375,Buy,1351,1351,50009.89372454681,99707.97401531677,95569.03255074433,0.5377911925315857
2010-03-02,37.13564682006836,Hold,0,1351,50009.89372454681,99958.1491830306,96049.93922028752,0.715728223323822
2010-03-03,37.197635650634766,Hold,0,1351,50009.89372454681,100041.52551304865,96210.21185467453,0.6000498533248901
2010-03-04,36.701656341552734,Hold,0,1351,50009.89372454681,99374.4225175849,94927.85324681415,0.5973460078239441
2010-03-05,37.44561004638672,Buy,666,2017,25035.579677438735,100229.1646460745,96851.35170687933,0.5869965553283691
2010-03-08,37.94157791137695,Buy,329,2346,12535.012584331416,101152.08094704484,98133.68072594565,0.7715747952461243
2010-03-09,38.003578186035156,Buy,164,2510,6293.544325599574,101260.42933053007,98293.98294912672,0.6294635534286499
2010-03-10,38.06557846069336,Buy,82,2592,3167.7189289795865,101397.101340384,98454.28517230778,0.6570076942443848
2010-03-11,38.06557846069336,Buy,41,2633,1604.8062306695927,101387.97131139021,98454.28517230778,0.5512927770614624
2010-03-12,37.6935920715332,Hold,0,2633,1604.8062306695927,100412.86517145128,97492.51128494683,0.6024389266967773
2010-03-15,37.07363510131836,Buy,21,2654,825.1504650115002,98783.18710696229,95889.60740831241,0.5032155513763428
2010-03-16,37.01164245605469,Buy,11,2665,417.44224049939993,98617.0049657668,95729.32491099405,0.5756044983863831
2010-03-17,37.50760269165039,Hold,0,2665,417.44224049939993,99932.89032055606,97011.63420419769,0.5131109952926636
2010-03-18,37.44561004638672,Hold,0,2665,417.44224049939993,99768.41097694673,96851.35170687933,0.6662495732307434
2010-03-19,37.197635650634766,Hold,0,2665,417.44224049939993,99110.48348132648,96210.21185467453,0.827001690864563
2010-03-22,36.577667236328125,Hold,0,2665,417.44224049939993,97465.57871222105,94607.27838924609,0.8901852965354919
2010-03-23,36.94964599609375,Hold,0,2665,417.44224049939993,98452.51550097455,95569.03255074433,0.955350935459137
2010-03-24,37.56959533691406,Hold,0,2665,417.44224049939993,100097.3696641654,97171.91670151605,0.9595829844474792
2010-03-25,38.1275634765625,Hold,0,2665,417.44224049939993,101577.77484729566,98614.54794376345,0.954477846622467
2010-03-26,38.437557220458984,Hold,0,2665,417.44224049939993,102400.25253480568,99416.03933380604,0.9503528475761414
2010-03-29,38.56154251098633,Hold,0,2665,417.44224049939993,102729.21122202434,99736.60432844276,0.9453906416893005
2010-03-30,38.56154251098633,Hold,0,2665,417.44224049939993,102729.21122202434,99736.60432844276,0.93625408411026
2010-03-31,38.1275634765625,Hold,0,2665,417.44224049939993,101577.77484729566,98614.54794376345,0.9278939962387085
2010-04-01,38.499542236328125,Hold,0,2665,417.44224049939993,102564.71163604916,99576.30210526171,0.9282011985778809
2010-04-02,38.6855354309082,Hold,0,2665,417.44224049939993,103058.19015160884,100057.18904894218,0.9216774106025696
2010-04-06,39.30550003051758,Hold,0,2665,417.44224049939993,104703.08479953135,101660.11265143928,0.9195957183837891
2010-04-07,39.36749267578125,Hold,0,2665,417.44224049939993,104867.5641431407,101820.39514875764,0.8723748922348022
2010-04-08,38.62353515625,Hold,0,2665,417.44224049939993,102893.69056563367,99896.88682576113,0.8822726011276245
2010-04-09,38.87152099609375,Hold,0,2665,417.44224049939993,103551.64842480268,100538.05626675996,0.8731355667114258
2010-04-12,39.119510650634766,Hold,0,2665,417.44224049939993,104209.61640515461,101179.23557069016,0.8714150190353394
2010-04-13,38.99551773071289,Hold,0,2665,417.44224049939993,103880.6374755701,100858.65085019074,0.8847242593765259
2010-04-14,39.5534782409668,Hold,0,2665,417.44224049939993,105361.02241633453,102301.26236657544,0.8720561265945435
2010-04-15,39.92544937133789,Hold,0,2665,417.44224049939993,106347.9389627222,103262.996802211,0.8093283772468567
2010-04-16,39.05751037597656,Hold,0,2665,417.44224049939993,104045.11681917943,101018.9333475091,0.6329496502876282
2010-04-19,38.80952835083008,Hold,0,2665,417.44224049939993,103387.16908119335,100377.7737694416,0.5625770688056946
2010-04-20,38.93351745605469,Buy,5,2670,222.4972519072521,103714.99908420934,100698.34862700968,0.6016378998756409
2010-04-21,38.6855354309082,Buy,5,2675,28.79394031276584,103054.68537078847,100057.18904894218,0.8604809641838074
2010-04-22,38.189571380615234,Hold,0,2675,28.79394031276584,101733.8522007226,98774.8698928072,0.9157733917236328
2010-04-23,38.25156021118164,Hold,0,2675,28.79394031276584,101898.93856844892,98935.14252719421,0.9445217847824097
2010-04-26,39.36749267578125,Hold,0,2675,28.79394031276584,104870.84875816097,101820.39514875764,0.9680818319320679
2010-04-27,39.49147415161133,Hold,0,2675,28.79394031276584,105201.03165277472,102140.95028046303,0.9677390456199646
2010-04-28,38.499542236328125,Hold,0,2675,28.79394031276584,102559.35515348187,99576.30210526171,0.9363679885864258
2010-04-29,38.189571380615234,Hold,0,2675,28.79394031276584,101733.8522007226,98774.8698928072,0.849646806716919
2010-04-30,38.313560485839844,Hold,0,2675,28.79394031276584,102064.05541365853,99095.44475037527,0.7836626768112183
2010-05-03,38.189571380615234,Hold,0,2675,28.79394031276584,101733.8522007226,98774.8698928072,0.7995095252990723
2010-05-04,37.81758499145508,Hold,0,2675,28.79394031276584,100743.19176610938,97813.09600544623,0.8401868939399719
2010-05-05,37.07363510131836,Hold,0,2675,28.79394031276584,98761.93185184945,95889.60740831241,0.775187611579895
2010-05-06,36.88764572143555,Hold,0,2675,28.79394031276584,98266.61179370394,95408.73032756329,0.7000908851623535
2010-05-07,36.825653076171875,Hold,0,2675,28.79394031276584,98101.51526681652,95248.44783024491,0.6836130023002625
2010-05-10,37.07363510131836,Hold,0,2675,28.79394031276584,98761.93185184945,95889.60740831241,0.6411380767822266
2010-05-11,37.25962448120117,Hold,0,2675,28.79394031276584,99257.25190999499,96370.48448906155,0.6677821278572083
2010-05-12,37.25962448120117,Hold,0,2675,28.79394031276584,99257.25190999499,96370.48448906155,0.7577645182609558
2010-05-13,37.94157791137695,Hold,0,2675,28.79394031276584,101073.40513820639,98133.68072594565,0.7769434452056885
2010-05-14,37.94157791137695,Hold,0,2675,28.79394031276584,101073.40513820639,98133.68072594565,0.8196192383766174
2010-05-17,36.701656341552734,Hold,0,2675,28.79394031276584,97771.2917355584,94927.85324681415,0.7747886180877686
2010-05-18,36.88764572143555,Hold,0,2675,28.79394031276584,98266.61179370394,95408.73032756329,0.7264769077301025
2010-05-19,36.76365661621094,Hold,0,2675,28.79394031276584,97936.40858076801,95088.15546999521,0.7833157777786255
2010-05-20,36.51567077636719,Hold,0,2675,28.79394031276584,97275.98183657398,94446.98602899637,0.801081120967865
2010-05-21,36.453678131103516,Hold,0,2675,28.79394031276584,97110.88530968656,94286.70353167801,0.8379423022270203
2010-05-24,36.577667236328125,Hold,0,2675,28.79394031276584,97441.0885226225,94607.27838924609,0.7668890357017517
2010-05-25,36.205692291259766,Hold,0,2675,28.79394031276584,96450.45856549253,93645.53409067917,0.6497332453727722
2010-05-26,36.51567077636719,Hold,0,2675,28.79394031276584,97275.98183657398,94446.98602899637,0.7604897022247314
2010-05-27,36.39167785644531,Hold,0,2675,28.79394031276584,96945.76846447696,94126.40130849695,0.619306743144989
2010-05-28,36.39167785644531,Hold,0,2675,28.79394031276584,96945.76846447696,94126.40130849695,0.6263864636421204
2010-05-31,37.32162094116211,Hold,0,2675,28.79394031276584,99422.35859604349,96530.77684931125,0.7252794504165649
2010-06-01,37.07363510131836,Hold,0,2675,28.79394031276584,98761.93185184945,95889.60740831241,0.839577317237854
2010-06-02,37.07363510131836,Hold,0,2675,28.79394031276584,98761.93185184945,95889.60740831241,0.8703024983406067
2010-06-03,37.6935920715332,Hold,0,2675,28.79394031276584,100412.97839401236,97492.51128494683,0.8781036734580994
2010-06-04,37.81758499145508,Hold,0,2675,28.79394031276584,100743.19176610938,97813.09600544623,0.8586575984954834
2010-06-07,36.701656341552734,Hold,0,2675,28.79394031276584,97771.2917355584,94927.85324681415,0.8447945713996887
2010-06-08,36.2676887512207,Hold,0,2675,28.79394031276584,96615.56525154105,93805.82645092887,0.7443025708198547
2010-06-09,36.32967758178711,Hold,0,2675,28.79394031276584,96780.65161926737,93966.09908531589,0.5518466234207153
2010-06-10,36.825653076171875,Hold,0,2675,28.79394031276584,98101.51526681652,95248.44783024491,0.9627034664154053
2010-06-11,37.50760269165039,Hold,0,2675,28.79394031276584,99917.65833586683,97011.63420419769,0.9336435198783875
2010-06-14,37.879581451416016,Hold,0,2675,28.79394031276584,100908.29845215788,97973.38836569595,0.7633016705513
2010-06-15,38.06557846069336,Hold,0,2675,28.79394031276584,101403.63882862558,98454.28517230778,0.8688795566558838
2010-06-17,38.499542236328125,Hold,0,2675,28.79394031276584,102559.35515348187,99576.30210526171,0.9284935593605042
2010-06-18,38.87152099609375,Hold,0,2675,28.79394031276584,103549.99526977292,100538.05626675996,0.9633011817932129
2010-06-21,39.243499755859375,Hold,0,2675,28.79394031276584,104540.63538606395,101499.81042825822,0.9710806012153625
2010-06-22,38.80952835083008,Hold,0,2675,28.79394031276584,103384.89874288549,100377.7737694416,0.9673388600349426
2010-06-23,38.499542236328125,Hold,0,2675,28.79394031276584,102559.35515348187,99576.30210526171,0.9818611145019531
2010-06-24,38.437557220458984,Hold,0,2675,28.79394031276584,102394.27894491663,99416.03933380604,0.9864025712013245
2010-06-25,38.06557846069336,Hold,0,2675,28.79394031276584,101403.63882862558,98454.28517230778,0.988154411315918
2010-06-28,38.25156021118164,Hold,0,2675,28.79394031276584,101898.93856844892,98935.14252719421,0.9953792095184326
2010-06-29,37.81758499145508,Hold,0,2675,28.79394031276584,100743.19176610938,97813.09600544623,0.9964199066162109
2010-06-30,37.56959533691406,Hold,0,2675,28.79394031276584,100082.75486275424,97171.91670151605,0.9963410496711731
2010-07-01,37.32162094116211,Hold,0,2675,28.79394031276584,99422.35859604349,96530.77684931125,0.9967026114463806
2010-07-02,37.383609771728516,Hold,0,2675,28.79394031276584,99587.44496376981,96691.04948369827,0.9967584013938904
2010-07-05,38.06557846069336,Hold,0,2675,28.79394031276584,101403.63882862558,98454.28517230778,0.9964249730110168
2010-07-06,39.04310989379883,Hold,0,2675,28.79394031276584,104006.96449480047,100981.70078167458,0.9966339468955994
2010-07-07,38.782379150390625,Hold,0,2675,28.79394031276584,103312.5959934019,100307.57928704577,0.995795726776123
2010-07-08,39.36900329589844,Hold,0,2675,28.79394031276584,104874.87178595294,101824.30086957102,0.9957947731018066
2010-07-09,39.36900329589844,Hold,0,2675,28.79394031276584,104874.87178595294,101824.30086957102,0.9959291815757751
2010-07-12,38.97791290283203,Hold,0,2675,28.79394031276584,103833.33427259674,100813.13342202482,0.9959151148796082
2010-07-13,38.84756088256836,Hold,0,2675,28.79394031276584,103486.18557896127,100476.10719497013,0.9956532716751099
2010-07-14,39.36900329589844,Hold,0,2675,28.79394031276584,104874.87178595294,101824.30086957102,0.9949707388877869
2010-07-15,39.3038215637207,Hold,0,2675,28.79394031276584,104701.28220039359,101655.77296164665,0.9943933486938477
2010-07-16,39.04310989379883,Hold,0,2675,28.79394031276584,104006.96449480047,100981.70078167458,0.9928604960441589
2010-07-19,39.82526397705078,Hold,0,2675,28.79394031276584,106089.96840738525,103003.96663624754,0.991163969039917
2010-07-20,40.08599090576172,Hold,0,2675,28.79394031276584,106784.32674962272,103678.078267945,0.9880252480506897
2010-07-21,40.28154373168945,Hold,0,2675,28.79394031276584,107305.11582462302,104183.6817175808,0.9777694940567017
2010-07-22,40.41189193725586,Hold,0,2675,28.79394031276584,107652.25435909738,104520.69808170413,0.9452180862426758
2010-07-23,40.9333381652832,Hold,0,2675,28.79394031276584,109040.95072525015,105868.90161923638,0.805820107460022
2010-07-26,40.802974700927734,Sell,1337,1338,54340.97153645315,108693.77155413141,105531.84580338764,0.6422394514083862
2010-07-27,40.73780059814453,Sell,1338,0,108606.95447765914,108606.95447765914,105363.33762132596,0.8796507120132446
2010-07-28,41.06370162963867,Hold,0,0,108606.95447765914,108606.95447765914,106205.9574350851,0.9731082916259766
2010-07-29,41.06370162963867,Hold,0,0,108606.95447765914,108606.95447765914,106205.9574350851,0.9966821074485779
2010-07-30,40.672611236572266,Hold,0,0,108606.95447765914,108606.95447765914,105194.78998753891,0.9968358874320984
2010-08-02,40.60744094848633,Hold,0,0,108606.95447765914,108606.95447765914,105026.29166840858,0.9949896931648254
2010-08-03,40.41189193725586,Hold,0,0,108606.95447765914,108606.95447765914,104520.69808170413,0.9988572597503662
2010-08-04,40.41189193725586,Hold,0,0,108606.95447765914,108606.95447765914,104520.69808170413,0.9972092509269714
2010-08-05,40.346717834472656,Hold,0,0,108606.95447765914,108606.95447765914,104352.18989964247,0.997871994972229
2010-08-06,39.69490432739258,Hold,0,0,108606.95447765914,108606.95447765914,102666.92068333016,0.9969723224639893
2010-08-09,39.564544677734375,Hold,0,0,108606.95447765914,108606.95447765914,102329.87473041276,0.993018388748169
2010-08-10,39.76008605957031,Hold,0,0,108606.95447765914,108606.95447765914,102835.44859125452,0.9602351188659668
2010-08-11,39.76008605957031,Hold,0,0,108606.95447765914,108606.95447765914,102835.44859125452,0.9108970761299133
2010-08-12,39.238651275634766,Hold,0,0,108606.95447765914,108606.95447765914,101487.27464251632,0.6884779930114746
2010-08-13,39.173458099365234,Hold,0,0,108606.95447765914,108606.95447765914,101318.71714579791,0.46594440937042236
2010-08-16,39.3038215637207,Hold,0,0,108606.95447765914,108606.95447765914,101655.77296164665,0.5510596036911011
2010-08-17,38.97791290283203,Hold,0,0,108606.95447765914,108606.95447765914,100813.13342202482,0.8037090301513672
2010-08-18,38.84756088256836,Hold,0,0,108606.95447765914,108606.95447765914,100476.10719497013,0.922690749168396
2010-08-19,39.173458099365234,Hold,0,0,108606.95447765914,108606.95447765914,101318.71714579791,0.951192319393158
2010-08-20,39.04310989379883,Hold,0,0,108606.95447765914,108606.95447765914,100981.70078167458,0.9712569117546082
2010-08-23,39.173458099365234,Hold,0,0,108606.95447765914,108606.95447765914,101318.71714579791,0.9745152592658997
2010-08-24,38.84756088256836,Hold,0,0,108606.95447765914,108606.95447765914,100476.10719497013,0.9824074506759644
2010-08-25,38.26093673706055,Hold,0,0,108606.95447765914,108606.95447765914,98959.38561244488,0.9889985918998718
2010-08-26,38.32611846923828,Hold,0,0,108606.95447765914,108606.95447765914,99127.91352036924,0.9912443161010742
2010-08-27,38.32611846923828,Hold,0,0,108606.95447765914,108606.95447765914,99127.91352036924,0.9925386309623718
2010-08-30,38.717201232910156,Hold,0,0,108606.95447765914,108606.95447765914,100139.06124205275,0.9937272071838379
2010-08-31,38.39130401611328,Hold,0,0,108606.95447765914,108606.95447765914,99296.45129122495,0.9941052198410034
2010-09-01,38.52165985107422,Hold,0,0,108606.95447765914,108606.95447765914,99633.48738121099,0.9937291145324707
2010-09-02,38.782379150390625,Hold,0,0,108606.95447765914,108606.95447765914,100307.57928704577,0.9938939213752747
2010-09-03,38.97791290283203,Hold,0,0,108606.95447765914,108606.95447765914,100813.13342202482,0.9941394329071045
2010-09-06,39.434181213378906,Hold,0,0,108606.95447765914,108606.95447765914,101992.81891456404,0.9947465062141418
2010-09-07,39.238651275634766,Hold,0,0,108606.95447765914,108606.95447765914,101487.27464251632,0.9952183365821838
2010-09-08,38.652015686035156,Hold,0,0,108606.95447765914,108606.95447765914,99970.52347119703,0.9940570592880249
2010-09-09,38.782379150390625,Hold,0,0,108606.95447765914,108606.95447765914,100307.57928704577,0.9881933331489563
2010-09-10,38.652015686035156,Hold,0,0,108606.95447765914,108606.95447765914,99970.52347119703,0.900906503200531
2010-09-13,39.69490432739258,Hold,0,0,108606.95447765914,108606.95447765914,102666.92068333016,0.8425529599189758
2010-09-14,39.76008605957031,Buy,2454,2454,10896.664254527568,108036.16265819654,102835.44859125452,0.9833841323852539
2010-09-15,39.89044952392578,Buy,245,2699,1109.5773679757112,108297.48600260343,103172.50440710325,0.9777581095695496
2010-09-16,39.434181213378906,Buy,25,2724,122.31799493551193,107065.69983008795,101992.81891456404,0.9880465269088745
2010-09-17,39.89044952392578,Buy,2,2726,42.423408106517186,108302.60826842337,103172.50440710325,0.9931209683418274
2010-09-20,40.41189193725586,Hold,0,2726,42.423408106517186,109717.77036197826,104520.69808170413,0.7500576972961426
2010-09-21,40.28154373168945,Hold,0,2726,42.423408106517186,109364.01348535129,104183.6817175808,0.640656054019928
2010-09-23,39.108280181884766,Hold,0,2726,42.423408106517186,106179.84959881639,101150.1991008049,0.6550140380859375
2010-09-24,39.173458099365234,Hold,0,2726,42.423408106517186,106356.73838997966,101318.71714579791,0.5216829180717468
2010-09-27,39.564544677734375,Hold,0,2726,42.423408106517186,107418.12290120803,102329.87473041276,0.701568603515625
2010-09-28,39.76008605957031,Hold,0,2726,42.423408106517186,107948.80998039732,102835.44859125452,0.7635818123817444
2010-09-29,40.08599090576172,Hold,0,2726,42.423408106517186,108833.29534761267,103678.078267945,0.8906291723251343
2010-09-30,40.41189193725586,Hold,0,2726,42.423408106517186,109717.77036197826,104520.69808170413,0.7542966604232788
2010-10-01,40.41189193725586,Hold,0,2726,42.423408106517186,109717.77036197826,104520.69808170413,0.7595692276954651
2010-10-04,40.346717834472656,Hold,0,2726,42.423408106517186,109540.89192366476,104352.18989964247,0.8134528398513794
2010-10-05,39.82526397705078,Hold,0,2726,42.423408106517186,108125.69877156058,103003.96663624754,0.8482034206390381
2010-10-06,40.28154373168945,Hold,0,2726,42.423408106517186,109364.01348535129,104183.6817175808,0.8427093029022217
2010-10-07,39.955631256103516,Hold,0,2726,42.423408106517186,108479.50741243639,103341.03231502761,0.7370721697807312
2010-10-08,40.28154373168945,Hold,0,2726,42.423408106517186,109364.01348535129,104183.6817175808,0.6740738749504089
2010-10-11,40.08599090576172,Hold,0,2726,42.423408106517186,108833.29534761267,103678.078267945,0.5177635550498962
2010-10-12,39.76008605957031,Hold,0,2726,42.423408106517186,107948.80998039732,102835.44859125452,0.6983152627944946
2010-10-13,39.76008605957031,Hold,0,2726,42.423408106517186,107948.80998039732,102835.44859125452,0.9090445637702942
2010-10-14,40.28154373168945,Hold,0,2726,42.423408106517186,109364.01348535129,104183.6817175808,0.9459935426712036
2010-10-15,40.346717834472656,Hold,0,2726,42.423408106517186,109540.89192366476,104352.18989964247,0.9578512907028198
2010-10-18,39.434181213378906,Hold,0,2726,42.423408106517186,107064.32461318198,101992.81891456404,0.9761417508125305
2010-10-19,39.564544677734375,Hold,0,2726,42.423408106517186,107418.12290120803,102329.87473041276,0.9880677461624146
2010-10-20,39.76008605957031,Hold,0,2726,42.423408106517186,107948.80998039732,102835.44859125452,0.9903090596199036
2010-10-21,39.76008605957031,Hold,0,2726,42.423408106517186,107948.80998039732,102835.44859125452,0.9914417862892151
2010-10-22,40.28154373168945,Hold,0,2726,42.423408106517186,109364.01348535129,104183.6817175808,0.9940767288208008
2010-10-25,40.41189193725586,Hold,0,2726,42.423408106517186,109717.77036197826,104520.69808170413,0.9937260746955872
2010-10-26,40.60744094848633,Hold,0,2726,42.423408106517186,110248.47814686708,105026.29166840858,0.992987334728241
2010-10-27,40.41189193725586,Hold,0,2726,42.423408106517186,109717.77036197826,104520.69808170413,0.9945245981216431
2010-10-28,40.868160247802734,Hold,0,2726,42.423408106517186,110956.05401721965,105700.38357424336,0.9937478303909302
2010-10-29,40.9333381652832,Hold,0,2726,42.423408106517186,111132.9428083829,105868.90161923638,0.993996262550354
2010-11-01,41.38959884643555,Hold,0,2726,42.423408106517186,112371.20575792475,107048.56738591289,0.9934303164482117
2010-11-02,41.25923538208008,Hold,0,2726,42.423408106517186,112017.40746989871,106711.51157006416,0.993057370185852
2010-11-03,41.65031814575195,Hold,0,2726,42.423408106517186,113078.7816282773,107722.65929174767,0.9920361638069153
2010-11-04,41.65031814575195,Hold,0,2726,42.423408106517186,113078.7816282773,107722.65929174767,0.9925315976142883
2010-11-05,41.845863342285156,Hold,0,2726,42.423408106517186,113609.47906031637,108228.24301552075,0.992369532585144
2010-11-08,41.25923538208008,Hold,0,2726,42.423408106517186,112017.40746989871,106711.51157006416,0.9906774759292603
2010-11-09,41.71549987792969,Hold,0,2726,42.423408106517186,113255.68077229033,107891.18719967203,0.9910187721252441
2010-11-10,41.845863342285156,Hold,0,2726,42.423408106517186,113609.47906031637,108228.24301552075,0.9889735579490662
2010-11-11,41.51996612548828,Hold,0,2726,42.423408106517186,112725.01439880057,107385.63306469297,0.988193690776825
2010-11-12,41.06370162963867,Hold,0,2726,42.423408106517186,111486.74109640894,106205.9574350851,0.9892871379852295
2010-11-15,41.65031814575195,Hold,0,2726,42.423408106517186,113078.7816282773,107722.65929174767,0.9897251129150391
2010-11-16,42.04140090942383,Hold,0,2726,42.423408106517186,114140.1557866559,108733.80701343117,0.9897609353065491
2010-11-17,41.58515167236328,Hold,0,2726,42.423408106517186,112901.92389566336,107554.17083554869,0.9913901090621948
2010-11-18,41.25923538208008,Hold,0,2726,42.423408106517186,112017.40746989871,106711.51157006416,0.9939590692520142
2010-11-19,41.51996612548828,Hold,0,2726,42.423408106517186,112725.01439880057,107385.63306469297,0.9954538345336914
2010-11-22,41.58515167236328,Hold,0,2726,42.423408106517186,112901.92389566336,107554.17083554869,0.9955869913101196
2010-11-23,41.324424743652344,Hold,0,2726,42.423408106517186,112194.32731961127,106880.05920385123,0.9955418705940247
2010-11-24,41.194053649902344,Hold,0,2726,42.423408106517186,111840.50832588568,106542.9836621398,0.9955877065658569
2010-11-25,41.97623062133789,Hold,0,2726,42.423408106517186,113963.2877011922,108565.30869430084,0.9949517250061035
2010-11-26,41.97623062133789,Hold,0,2726,42.423408106517186,113963.2877011922,108565.30869430084,0.9949817061424255
2010-11-29,41.911041259765625,Hold,0,2726,42.423408106517186,113786.36785147963,108396.76106051377,0.9953210949897766
2010-11-30,41.324424743652344,Hold,0,2726,42.423408106517186,112194.32731961127,106880.05920385123,0.9936058521270752
2010-12-01,42.10658264160156,Hold,0,2726,42.423408106517186,114317.05493066894,108902.33492135553,0.989978551864624
2010-12-02,43.149471282958984,Hold,0,2726,42.423408106517186,117147.38947062846,111598.73213348865,0.9929118752479553
2010-12-03,44.51826095581055,Hold,0,2726,42.423408106517186,120862.19902495356,115137.74915938091,0.9897996187210083
2010-12-06,44.648624420166016,Hold,0,2726,42.423408106517186,121215.99731297961,115474.80497522964,0.9888408780097961
2010-12-07,44.32271957397461,Hold,0,2726,42.423408106517186,120331.51194576426,114632.17529853916,0.9836975932121277
2010-12-08,44.32271957397461,Hold,0,2726,42.423408106517186,120331.51194576426,114632.17529853916,0.7138444781303406
2010-12-09,45.62632369995117,Hold,0,2726,42.423408106517186,123869.41200322656,118002.6545535757,0.9976527094841003
2010-12-10,45.4307861328125,Hold,0,2726,42.423408106517186,123338.73527688703,117497.0905556653,0.9983162879943848
2010-12-13,45.23525619506836,Hold,0,2726,42.423408106517186,122808.07925624705,116991.54628361759,0.9989023208618164
2010-12-14,44.97453308105469,Hold,0,2726,42.423408106517186,122100.49303304472,116317.44451485148,0.9993274211883545
2010-12-15,45.62632369995117,Hold,0,2726,42.423408106517186,123869.41200322656,118002.6545535757,0.999563992023468
2010-12-16,46.408504486083984,Hold,0,2726,42.423408106517186,125992.20173138285,120024.9894486681,0.9997155070304871
2010-12-17,47.51657485961914,Hold,0,2726,42.423408106517186,128999.4354153554,122889.91456872558,0.9998420476913452
2010-12-20,46.408504486083984,Hold,0,2726,42.423408106517186,125992.20173138285,120024.9894486681,0.9998997449874878
2010-12-21,46.47367477416992,Hold,0,2726,42.423408106517186,126169.06981684656,120193.48776779842,0.9977572560310364
2010-12-22,46.408504486083984,Hold,0,2726,42.423408106517186,125992.20173138285,120024.9894486681,0.9868752956390381
2010-12-23,46.278133392333984,Hold,0,2726,42.423408106517186,125638.38273765726,119687.91390695667,0.9869419932365417
2010-12-24,46.14777755737305,Hold,0,2726,42.423408106517186,125284.60515533076,119350.87781697063,0.9822001457214355
2010-12-27,46.08259582519531,Hold,0,2726,42.423408106517186,125107.70601131773,119182.34990904627,0.9949365854263306
2010-12-28,46.21296691894531,Hold,0,2726,42.423408106517186,125461.52500504332,119519.4254507577,0.9933961033821106
2010-12-29,46.01741409301758,Hold,0,2726,42.423408106517186,124930.80686730471,119013.8220011219,0.983353853225708
2010-12-30,46.01741409301758,Hold,0,2726,42.423408106517186,124930.80686730471,119013.8220011219,0.9936891794204712
2010-12-31,46.278133392333984,Hold,0,2726,42.423408106517186,125638.38273765726,119687.91390695667,0.9834808707237244
2011-01-03,46.343318939208984,Hold,0,2726,42.423408106517186,125815.29223452006,119856.45167781238,0.9258858561515808
2011-01-04,46.408504486083984,Hold,0,2726,42.423408106517186,125992.20173138285,120024.9894486681,0.7106254696846008
2011-01-05,45.495967864990234,Hold,0,2726,42.423408106517186,123515.63442090007,117665.61846358966,0.5153756141662598
2011-01-06,46.278133392333984,Hold,0,2726,42.423408106517186,125638.38273765726,119687.91390695667,0.5213249325752258
2011-01-07,47.25584411621094,Hold,0,2726,42.423408106517186,128291.82848645354,122215.79307409677,0.549887478351593
2011-01-10,48.36391067504883,Hold,0,2726,42.423408106517186,131299.0518175763,125080.70833122291,0.639685869216919
2011-01-11,48.5594482421875,Hold,0,2726,42.423408106517186,131829.72854391584,125586.27232913332,0.5980184674263
2011-01-12,48.820167541503906,Hold,0,2726,42.423408106517186,132537.3044142684,126260.36423496809,0.5700402855873108
2011-01-13,48.624637603759766,Hold,0,2726,42.423408106517186,132006.64839362842,125754.81996292037,0.8362348675727844
2011-01-14,48.7549934387207,Hold,0,2726,42.423408106517186,132360.42597595492,126091.85605290641,0.9361368417739868
2011-01-17,49.406795501708984,Hold,0,2726,42.423408106517186,134129.37600468608,127777.09568042468,0.973795473575592
2011-01-18,50.05860900878906,Hold,0,2726,42.423408106517186,135898.35709196655,129462.364896737,0.9868981838226318
2011-01-19,50.840782165527344,Hold,0,2726,42.423408106517186,138021.12611442327,131484.6800659667,0.9913936257362366
2011-01-20,49.797874450683594,Hold,0,2726,42.423408106517186,135190.7398102149,128788.23353917684,0.9933003187179565
2011-01-21,48.624637603759766,Hold,0,2726,42.423408106517186,132006.64839362842,125754.81996292037,0.9965770840644836
2011-01-24,49.08089828491211,Hold,0,2726,42.423408106517186,133244.91134317027,126934.4857295969,0.9966306090354919
2011-01-25,48.88535690307617,Hold,0,2726,42.423408106517186,132714.22426398096,126428.91186875515,0.9960814118385315
2011-01-26,48.624637603759766,Hold,0,2726,42.423408106517186,132006.64839362842,125754.81996292037,0.9967842102050781
2011-01-27,49.01571273803711,Hold,0,2726,42.423408106517186,133068.00184630748,126765.94795874119,0.9967185854911804
2011-01-28,49.73270034790039,Hold,0,2726,42.423408106517186,135013.8613719014,128619.72535711517,0.9957423806190491
2011-02-08,49.21125411987305,Hold,0,2726,42.423408106517186,133598.68892549677,127271.52181958294,0.9959585070610046
2011-02-09,48.10319137573242,Hold,0,2726,42.423408106517186,130591.47594722376,124406.61642538814,0.9954908490180969
2011-02-10,46.9299430847168,Hold,0,2726,42.423408106517186,127407.35347208795,121373.17326033763,0.9952699542045593
2011-02-11,46.53886413574219,Hold,0,2726,42.423408106517186,126345.98966655912,120362.03540158548,0.9944469928741455
2011-02-14,47.25584411621094,Hold,0,2726,42.423408106517186,128291.82848645354,122215.79307409677,0.9940681457519531
2011-02-15,47.25584411621094,Hold,0,2726,42.423408106517186,128291.82848645354,122215.79307409677,0.993517279624939
2011-02-16,46.995121002197266,Hold,0,2726,42.423408106517186,127584.24226325122,121541.69130533065,0.9942703247070312
2011-02-17,47.25584411621094,Hold,0,2726,42.423408106517186,128291.82848645354,122215.79307409677,0.9941123127937317
2011-02-18,47.58174514770508,Hold,0,2726,42.423408106517186,129176.30350081911,123058.41288785591,0.9939594268798828
2011-02-21,47.842472076416016,Hold,0,2726,42.423408106517186,129883.90007687121,123732.52451955338,0.9940361976623535
2011-02-22,47.25584411621094,Hold,0,2726,42.423408106517186,128291.82848645354,122215.79307409677,0.9937580823898315
2011-02-23,46.278133392333984,Hold,0,2726,42.423408106517186,125638.38273765726,119687.91390695667,0.9943919777870178
2011-02-24,45.952232360839844,Hold,0,2726,42.423408106517186,124753.90772329169,118845.29409319753,0.9926907420158386
2011-02-25,45.952232360839844,Hold,0,2726,42.423408106517186,124753.90772329169,118845.29409319753,0.9938861727714539
2011-03-01,46.53886413574219,Hold,0,2726,42.423408106517186,126345.98966655912,120362.03540158548,0.9928425550460815
2011-03-02,45.88703918457031,Hold,0,2726,42.423408106517186,124576.97752072936,118676.73659647912,0.9923222661018372
2011-03-03,46.14777755737305,Hold,0,2726,42.423408106517186,125284.60515533076,119350.87781697063,0.9922509789466858
2011-03-04,46.799583435058594,Hold,0,2726,42.423408106517186,127053.56553691169,121036.12730742025,0.9928240776062012
2011-03-07,46.21296691894531,Hold,0,2726,42.423408106517186,125461.52500504332,119519.4254507577,0.9919609427452087
2011-03-08,46.604042053222656,Hold,0,2726,42.423408106517186,126522.87845772239,120530.5534465785,0.9917540550231934
2011-03-09,46.53886413574219,Hold,0,2726,42.423408106517186,126345.98966655912,120362.03540158548,0.9906237721443176
2011-03-10,45.952232360839844,Hold,0,2726,42.423408106517186,124753.90772329169,118845.29409319753,0.9891752600669861
2011-03-11,45.62632369995117,Hold,0,2726,42.423408106517186,123869.41200322656,118002.6545535757,0.9871857762336731
2011-03-14,45.821876525878906,Hold,0,2726,42.423408106517186,124400.13014096518,118508.2580032115,0.9849071502685547
2011-03-15,44.32271957397461,Hold,0,2726,42.423408106517186,120331.51194576426,114632.17529853916,0.9771056175231934
2011-03-16,44.648624420166016,Hold,0,2726,42.423408106517186,121215.99731297961,115474.80497522964,0.9765090346336365
2011-03-17,43.931636810302734,Hold,0,2726,42.423408106517186,119270.13778738565,113621.02757685566,0.9786326289176941
2011-03-18,44.51826095581055,Hold,0,2726,42.423408106517186,120862.19902495356,115137.74915938091,0.967507004737854
2011-03-21,44.97453308105469,Hold,0,2726,42.423408106517186,122100.49303304472,116317.44451485148,0.9568714499473572
2011-03-22,44.71379852294922,Hold,0,2726,42.423408106517186,121392.87575129309,115643.31315729131,0.964669406414032
2011-03-23,44.77899169921875,Hold,0,2726,42.423408106517186,121569.80595385542,115811.87065400972,0.90720134973526
2011-03-24,45.23525619506836,Hold,0,2726,42.423408106517186,122808.07925624705,116991.54628361759,0.5217990875244141
2011-03-25,46.408504486083984,Hold,0,2726,42.423408106517186,125992.20173138285,120024.9894486681,0.9331405758857727
2011-03-28,46.278133392333984,Hold,0,2726,42.423408106517186,125638.38273765726,119687.91390695667,0.9568913578987122
2011-03-29,46.14777755737305,Hold,0,2726,42.423408106517186,125284.60515533076,119350.87781697063,0.9905076026916504
2011-03-30,45.821876525878906,Hold,0,2726,42.423408106517186,124400.13014096518,118508.2580032115,0.9880815744400024
2011-03-31,46.01741409301758,Hold,0,2726,42.423408106517186,124930.80686730471,119013.8220011219,0.8271297812461853
2011-04-01,46.08259582519531,Hold,0,2726,42.423408106517186,125107.70601131773,119182.34990904627,0.9540809392929077
2011-04-06,47.51657485961914,Hold,0,2726,42.423408106517186,128999.4354153554,122889.91456872558,0.9809051752090454
2011-04-07,47.451377868652344,Hold,0,2726,42.423408106517186,128822.4948599433,122721.34720907583,0.9871450066566467
2011-04-08,47.51657485961914,Hold,0,2726,42.423408106517186,128999.4354153554,122889.91456872558,0.9926613569259644
2011-04-11,46.343318939208984,Hold,0,2726,42.423408106517186,125815.29223452006,119856.45167781238,0.9953795671463013
2011-04-12,45.69150161743164,Hold,0,2726,42.423408106517186,124046.30079438983,118171.17259856872,0.996791660785675
2011-04-13,46.08259582519531,Hold,0,2726,42.423408106517186,125107.70601131773,119182.34990904627,0.9973604083061218
2011-04-14,45.495967864990234,Hold,0,2726,42.423408106517186,123515.63442090007,117665.61846358966,0.9975799322128296
2011-04-15,45.104881286621094,Hold,0,2726,42.423408106517186,122454.2499096717,116654.46087897482,0.9968836903572083
2011-04-18,44.97453308105469,Hold,0,2726,42.423408106517186,122100.49303304472,116317.44451485148,0.9963433146476746
2011-04-19,44.38789367675781,Hold,0,2726,42.423408106517186,120508.39038407775,114800.68348060083,0.9948061108589172
2011-04-20,45.495967864990234,Hold,0,2726,42.423408106517186,123515.63442090007,117665.61846358966,0.991182804107666
2011-04-21,46.08259582519531,Hold,0,2726,42.423408106517186,125107.70601131773,119182.34990904627,0.9867299795150757
2011-04-22,46.21296691894531,Hold,0,2726,42.423408106517186,125461.52500504332,119519.4254507577,0.9807581901550293
2011-04-25,45.821876525878906,Hold,0,2726,42.423408106517186,124400.13014096518,118508.2580032115,0.9824835062026978
2011-04-26,45.821876525878906,Hold,0,2726,42.423408106517186,124400.13014096518,118508.2580032115,0.9753201007843018
2011-04-27,47.12547302246094,Hold,0,2726,42.423408106517186,127938.00949272796,121878.71753238534,0.9733031392097473
2011-04-28,47.58174514770508,Hold,0,2726,42.423408106517186,129176.30350081911,123058.41288785591,0.9704716801643372
2011-04-29,47.71210861206055,Hold,0,2726,42.423408106517186,129530.10178884516,123395.46870370464,0.9635496139526367
2011-05-03,48.624637603759766,Hold,0,2726,42.423408106517186,132006.64839362842,125754.81996292037,0.9528118371963501
2011-05-04,48.10319137573242,Hold,0,2726,42.423408106517186,130591.47594722376,124406.61642538814,0.9334371089935303
2011-05-05,48.7549934387207,Hold,0,2726,42.423408106517186,132360.42597595492,126091.85605290641,0.9293866753578186
2011-05-06,48.88535690307617,Hold,0,2726,42.423408106517186,132714.22426398096,126428.91186875515,0.9075543284416199
2011-05-09,49.21125411987305,Hold,0,2726,42.423408106517186,133598.68892549677,127271.52181958294,0.9103752374649048
2011-05-10,48.494266510009766,Hold,0,2726,42.423408106517186,131652.8293999028,125417.74442120895,0.9344912171363831
2011-05-11,48.88535690307617,Hold,0,2726,42.423408106517186,132714.22426398096,126428.91186875515,0.9497227072715759
2011-05-12,49.341617584228516,Hold,0,2726,42.423408106517186,133952.4872135228,127608.57763543166,0.9583420753479004
2011-05-13,49.47197723388672,Hold,0,2726,42.423408106517186,134306.2751486991,127945.62358834906,0.9603089690208435
2011-05-16,48.820167541503906,Hold,0,2726,42.423408106517186,132537.3044142684,126260.36423496809,0.9677681922912598
2011-05-17,49.27643966674805,Hold,0,2726,42.423408106517186,133775.59842235956,127440.05959043864,0.9464645385742188
2011-05-18,49.08089828491211,Hold,0,2726,42.423408106517186,133244.91134317027,126934.4857295969,0.9281342029571533
2011-05-19,49.01571273803711,Hold,0,2726,42.423408106517186,133068.00184630748,126765.94795874119,0.8997151255607605
2011-05-20,49.21125411987305,Hold,0,2726,42.423408106517186,133598.68892549677,127271.52181958294,0.8751048445701599
2011-05-23,48.95052719116211,Hold,0,2726,42.423408106517186,132891.0923494447,126597.41018788547,0.7257412075996399
2011-05-24,48.7549934387207,Hold,0,2726,42.423408106517186,132360.42597595492,126091.85605290641,0.6650193929672241
2011-05-25,48.5594482421875,Hold,0,2726,42.423408106517186,131829.72854391584,125586.27232913332,0.940329909324646
2011-05-26,48.36391067504883,Hold,0,2726,42.423408106517186,131299.0518175763,125080.70833122291,0.9276174902915955
2011-05-27,48.233551025390625,Hold,0,2726,42.423408106517186,130945.26388240005,124743.66237830553,0.9506061673164368
2011-05-30,48.95052719116211,Hold,0,2726,42.423408106517186,132891.0923494447,126597.41018788547,0.9598942399024963
2011-05-31,49.9934196472168,Hold,0,2726,42.423408106517186,135721.43724225397,129293.81726294995,0.9737787246704102
2011-06-01,50.18897247314453,Hold,0,2726,42.423408106517186,136252.1553799926,129799.42071258574,0.9821262955665588
2011-06-02,49.797874450683594,Hold,0,2726,42.423408106517186,135190.7398102149,128788.23353917684,0.9923028945922852
2011-06-03,50.31932067871094,Hold,0,2726,42.423408106517186,136605.91225661954,130136.43707670907,0.9941651225090027
2011-06-07,50.514862060546875,Hold,0,2726,42.423408106517186,137136.59933580886,130642.01093755083,0.9938613176345825
2011-06-08,50.514862060546875,Hold,0,2726,42.423408106517186,137136.59933580886,130642.01093755083,0.9949833154678345
2011-06-09,50.123775482177734,Hold,0,2726,42.423408106517186,136075.21482458047,129630.85335293598,0.9944310784339905
2011-06-10,49.08089828491211,Hold,0,2726,42.423408106517186,133244.91134317027,126934.4857295969,0.9934486746788025
2011-06-13,48.6898078918457,Hold,0,2726,42.423408106517186,132183.51647909213,125923.3182820507,0.9932090640068054
2011-06-14,49.66754150390625,Hold,0,2726,42.423408106517186,134837.024344987,128451.25662677888,0.9922622442245483
2011-06-15,50.18897247314453,Hold,0,2726,42.423408106517186,136252.1553799926,129799.42071258574,0.9924943447113037
2011-06-16,49.21125411987305,Hold,0,2726,42.423408106517186,133598.68892549677,127271.52181958294,0.9925695061683655
2011-06-17,48.36391067504883,Hold,0,2726,42.423408106517186,131299.0518175763,125080.70833122291,0.9933114051818848
2011-06-20,48.820167541503906,Hold,0,2726,42.423408106517186,132537.3044142684,126260.36423496809,0.9931268692016602
2011-06-21,49.47197723388672,Hold,0,2726,42.423408106517186,134306.2751486991,127945.62358834906,0.9953706860542297
2011-06-22,48.88535690307617,Hold,0,2726,42.423408106517186,132714.22426398096,126428.91186875515,0.9925565719604492
2011-06-23,48.36391067504883,Hold,0,2726,42.423408106517186,131299.0518175763,125080.70833122291,0.9736716747283936
2011-06-24,47.51657485961914,Hold,0,2726,42.423408106517186,128999.4354153554,122889.91456872558,0.7517703175544739
2011-06-27,46.9299430847168,Hold,0,2726,42.423408106517186,127407.35347208795,121373.17326033763,0.5477932095527649
2011-06-28,47.25584411621094,Hold,0,2726,42.423408106517186,128291.82848645354,122215.79307409677,0.3515218198299408
2011-06-29,48.547393798828125,Sell,1363,1363,65919.71847337522,131797.01353864392,125555.10546607713,0.5508324503898621
2011-06-30,49.09135437011719,Sell,681,682,99202.99768488226,132535.15102151633,126961.52002441873,0.8162670135498047
2011-07-01,49.49929428100586,Sell,682,0,132812.13493928232,132812.13493928232,128016.25203972416,0.8633251190185547
2011-07-04,49.975250244140625,Hold,0,0,132812.13493928232,132812.13493928232,129246.84012094469,0.9491537809371948
2011-07-05,49.77127456665039,Hold,0,0,132812.13493928232,132812.13493928232,128719.45931889495,0.9661634564399719
2011-07-06,49.49929428100586,Hold,0,0,132812.13493928232,132812.13493928232,128016.25203972416,0.993794322013855
2011-07-07,48.68336486816406,Hold,0,0,132812.13493928232,132812.13493928232,125906.6597910058,0.9994010925292969
2011-07-08,49.295318603515625,Hold,0,0,132812.13493928232,132812.13493928232,127488.87123767442,0.9992507100105286
2011-07-11,48.479393005371094,Hold,0,0,132812.13493928232,132812.13493928232,125379.28885188741,0.9970871806144714
2011-07-12,47.799461364746094,Hold,0,0,132812.13493928232,132812.13493928232,123621.31996861716,0.9641023278236389
2011-07-13,49.09135437011719,Hold,0,0,132812.13493928232,132812.13493928232,126961.52002441873,0.5934023261070251
2011-07-14,48.07143020629883,Hold,0,0,132812.13493928232,132812.13493928232,124324.4976589939,0.6251606345176697
2011-07-15,47.52748107910156,Hold,0,0,132812.13493928232,132812.13493928232,122918.11268944635,0.5445858836174011
2011-07-18,47.39148712158203,Buy,2518,2518,13310.322602623462,132114.04411653528,122566.4991869296,0.8597845435142517
2011-07-19,46.57557678222656,Buy,256,2774,1369.9841759633055,129998.92129363678,120456.95625286798,0.9610124826431274
2011-07-20,48.68336486816406,Buy,25,2799,151.16570938577547,135812.93250854997,125906.6597910058,0.9845459461212158
2011-07-21,48.68336486816406,Buy,2,2801,53.660232059573076,135812.36291318102,125906.6597910058,0.9870027899742126
2011-07-22,48.955345153808594,Hold,0,2801,53.660232059573076,136570.80865401943,126609.8670701766,0.9896385669708252
2011-07-25,48.955345153808594,Hold,0,2801,53.660232059573076,136570.80865401943,126609.8670701766,0.9935459494590759
2011-07-26,50.11124038696289,Hold,0,2801,53.660232059573076,139794.14454530945,129598.44376053009,0.9934777021408081
2011-07-27,49.90726089477539,Hold,0,2801,53.660232059573076,139225.3261962097,129071.05309554901,0.9922890067100525
2011-07-28,49.635284423828125,Hold,0,2801,53.660232059573076,138466.89109305735,128367.85567930956,0.9900890588760376
2011-07-29,48.955345153808594,Hold,0,2801,53.660232059573076,136570.80865401943,126609.8670701766,0.986208438873291
2011-08-01,49.36330795288086,Hold,0,2801,53.660232059573076,137708.45598990496,127664.6582630701,0.9776750206947327
2011-08-02,48.547393798828125,Hold,0,2801,53.660232059573076,135433.1932311921,125555.10546607713,0.9671816229820251
2011-08-03,47.6634635925293,Buy,1,2802,5.9288480314244225,132967.98169873428,123269.69660316905,0.939687192440033
2011-08-04,47.59547424316406,Hold,0,2802,5.9288480314244225,132778.31853155725,123093.90957777337,0.9223576784133911
2011-08-05,45.28369140625,Hold,0,2802,5.9288480314244225,126329.36647115154,117116.7759229291,0.8846406936645508
2011-08-08,44.331783294677734,Hold,0,2802,5.9288480314244225,123673.92250841523,114655.60962341938,0.8587213754653931
2011-08-09,43.03990936279297,Hold,0,2802,5.9288480314244225,120070.10950237446,111315.45888227453,0.8538536429405212
2011-08-10,44.739742279052734,Hold,0,2802,5.9288480314244225,124811.96536038055,115710.39095338153,0.8780035376548767
2011-08-11,45.1477165222168,Hold,0,2802,5.9288480314244225,125950.05077828141,116765.21173506908,0.9143332242965698
2011-08-12,44.263797760009766,Hold,0,2802,5.9288480314244225,123484.2699827221,114479.83246095505,0.9306082725524902
2011-08-15,45.41968536376953,Hold,0,2802,5.9288480314244225,126708.73537144109,117468.38942544584,0.9333125948905945
2011-08-16,44.87574005126953,Hold,0,2802,5.9288480314244225,125191.34490215397,116062.01431882964,0.9407788515090942
2011-08-17,44.739742279052734,Hold,0,2802,5.9288480314244225,124811.96536038055,115710.39095338153,0.9475458264350891
2011-08-18,43.787845611572266,Hold,0,2802,5.9288480314244225,122156.55332209588,113249.25424266586,0.9615548253059387
2011-08-19,43.44786834716797,Hold,0,2802,5.9288480314244225,121208.15235433979,112370.24021223669,0.9634235501289368
2011-08-22,44.19580841064453,Hold,0,2802,5.9288480314244225,123294.60681554508,114304.04543555937,0.9503278732299805
2011-08-23,45.41968536376953,Hold,0,2802,5.9288480314244225,126708.73537144109,117468.38942544584,0.9312358498573303
2011-08-24,45.8956413269043,Hold,0,2802,5.9288480314244225,128036.46267355118,118698.97750666637,0.8680799603462219
2011-08-25,45.55567169189453,Hold,0,2802,5.9288480314244225,127088.08298876285,117819.98320209989,0.7925467491149902
2011-08-26,46.167606353759766,Hold,0,2802,5.9288480314244225,128795.13662522698,119402.14533411179,0.6325580477714539
2011-08-29,47.18752670288086,Hold,0,2802,5.9288480314244225,131640.30760404357,122039.15783660526,0.7059894800186157
2011-08-30,46.91554641723633,Hold,0,2802,5.9288480314244225,130881.59108643227,121335.95055743447,0.870682954788208
2011-08-31,47.18752670288086,Hold,0,2802,5.9288480314244225,131640.30760404357,122039.15783660526,0.8847992420196533
2011-09-01,46.6435661315918,Hold,0,2802,5.9288480314244225,130122.87456882096,120632.74327826366,0.8912383317947388
2011-09-02,45.8956413269043,Hold,0,2802,5.9288480314244225,128036.46267355118,118698.97750666637,0.9114002585411072
2011-09-05,45.28369140625,Hold,0,2802,5.9288480314244225,126329.36647115154,117116.7759229291,0.9457899332046509
2011-09-06,44.94373321533203,Hold,0,2802,5.9288480314244225,125381.01871081485,116237.81120715666,0.9636476635932922
2011-09-07,46.6435661315918,Hold,0,2802,5.9288480314244225,130122.87456882096,120632.74327826366,0.9484478831291199
2011-09-08,46.711570739746094,Hold,0,2802,5.9288480314244225,130312.58030193349,120808.56975538473,0.9482168555259705
2011-09-09,47.11952209472656,Hold,0,2802,5.9288480314244225,131450.60187093104,121863.33135948419,0.9317811131477356
2011-09-13,46.507572174072266,Hold,0,2802,5.9288480314244225,129743.50566853142,120281.12977574691,0.916016697883606
2011-09-14,45.69165802001953,Hold,0,2802,5.9288480314244225,127467.43060608463,118171.57697875395,0.8892960548400879
2011-09-15,46.98353958129883,Hold,0,2802,5.9288480314244225,131071.26489509316,121511.74744576149,0.7665160894393921
2011-09-16,48.34341049194336,Hold,0,2802,5.9288480314244225,134864.76235127868,125027.70493816471,0.5485389828681946
2011-09-19,48.411399841308594,Hold,0,2802,5.9288480314244225,135054.42551845568,125203.49196356039,0.9361873269081116
2011-09-20,47.93544006347656,Hold,0,2802,5.9288480314244225,133726.68757486172,123972.89401940852,0.9940040707588196
2011-09-21,48.955345153808594,Hold,0,2802,5.9288480314244225,136571.8159877428,126609.8670701766,0.9935694932937622
2011-09-22,46.91554641723633,Hold,0,2802,5.9288480314244225,130881.59108643227,121335.95055743447,0.9929553866386414
2011-09-23,45.8956413269043,Hold,0,2802,5.9288480314244225,128036.46267355118,118698.97750666637,0.9898631572723389
2011-09-26,45.69165802001953,Hold,0,2802,5.9288480314244225,127467.43060608463,118171.57697875395,0.9880574941635132
2011-09-27,47.52748107910156,Hold,0,2802,5.9288480314244225,132588.64472289637,122918.11268944635,0.9841583967208862
2011-09-28,47.799461364746094,Hold,0,2802,5.9288480314244225,133347.3612405077,123621.31996861716,0.9579446315765381
2011-09-29,47.799461364746094,Hold,0,2802,5.9288480314244225,133347.3612405077,123621.31996861716,0.7405056357383728
2011-09-30,47.59547424316406,Hold,0,2802,5.9288480314244225,132778.31853155725,123093.90957777337,0.6760366559028625
2011-10-03,46.6435661315918,Hold,0,2802,5.9288480314244225,130122.87456882096,120632.74327826366,0.733223021030426
2011-10-04,46.98353958129883,Hold,0,2802,5.9288480314244225,131071.26489509316,121511.74744576149,0.7138742208480835
2011-10-05,46.98353958129883,Hold,0,2802,5.9288480314244225,131071.26489509316,121511.74744576149,0.5454312562942505
2011-10-06,46.91554641723633,Hold,0,2802,5.9288480314244225,130881.59108643227,121335.95055743447,0.5731863975524902
2011-10-07,46.98353958129883,Hold,0,2802,5.9288480314244225,131071.26489509316,121511.74744576149,0.7992580533027649
2011-10-11,47.59547424316406,Hold,0,2802,5.9288480314244225,132778.31853155725,123093.90957777337,0.8916593194007874
2011-10-12,47.86744689941406,Hold,0,2802,5.9288480314244225,133537.0137662008,123797.09713108148,0.9597672820091248
2011-10-13,47.86744689941406,Hold,0,2802,5.9288480314244225,133537.0137662008,123797.09713108148,0.6714449524879456
2011-10-14,47.799461364746094,Sell,1401,1401,66676.64504426956,133347.3612405077,123621.31996861716,0.8382628560066223
2011-10-17,48.34341049194336,Sell,700,701,100367.28867463113,134106.06179589318,125027.70493816471,0.8091825842857361
2011-10-18,48.07143020629883,Hold,0,701,100367.28867463113,133916.24727810393,124324.4976589939,0.5606447458267212
2011-10-19,48.34341049194336,Sell,350,351,117212.61048981191,134106.0617958932,125027.70493816471,0.6639727354049683
2011-10-20,47.39148712158203,Sell,175,176,125469.421953249,133773.41519647714,122566.4991869296,0.7345004677772522
2011-10-21,47.799461364746094,Sell,176,0,133844.90093293344,133844.90093293344,123621.31996861716,0.9016534686088562
2011-10-24,48.75136947631836,Hold,0,0,133844.90093293344,133844.90093293344,126082.48626812687,0.9618426561355591
2011-10-25,48.615386962890625,Hold,0,0,133844.90093293344,133844.90093293344,125730.90235440416,0.979882001876831
2011-10-26,48.887359619140625,Hold,0,0,133844.90093293344,133844.90093293344,126434.08990771226,0.9590168595314026
2011-10-27,48.887359619140625,Hold,0,0,133844.90093293344,133844.90093293344,126434.08990771226,0.5284654498100281
2011-10-28,49.70328140258789,Hold,0,0,133844.90093293344,133844.90093293344,128543.66243056793,0.9569392800331116
2011-10-31,50.043243408203125,Hold,0,0,133844.90093293344,133844.90093293344,129422.63700927171,0.9874061942100525
2011-11-01,50.179229736328125,Hold,0,0,133844.90093293344,133844.90093293344,129774.23078592577,0.9898173213005066
2011-11-02,50.24723434448242,Hold,0,0,133844.90093293344,133844.90093293344,129950.05726304684,0.9928355813026428
2011-11-03,49.975250244140625,Hold,0,0,133844.90093293344,133844.90093293344,129246.84012094469,0.9929338693618774
2011-11-04,50.723182678222656,Hold,0,0,133844.90093293344,133844.90093293344,131180.62561840468,0.9944851994514465
2011-11-07,50.995155334472656,Hold,0,0,133844.90093293344,133844.90093293344,131883.81317171277,0.9882410168647766
2011-11-08,50.655189514160156,Hold,0,0,133844.90093293344,133844.90093293344,131004.82873007764,0.9893072247505188
2011-11-09,50.38322067260742,Hold,0,0,133844.90093293344,133844.90093293344,130301.65103970088,0.980236828327179
2011-11-10,49.36330795288086,Hold,0,0,133844.90093293344,133844.90093293344,127664.6582630701,0.9739218354225159
2011-11-11,49.90726089477539,Hold,0,0,133844.90093293344,133844.90093293344,129071.05309554901,0.9762661457061768
2011-11-14,51.60709762573242,Hold,0,0,133844.90093293344,133844.90093293344,133465.99502958736,0.9664208292961121
2011-11-15,51.675079345703125,Hold,0,0,133844.90093293344,133844.90093293344,133641.76232912033,0.9786650538444519
2011-11-16,51.26713562011719,Hold,0,0,133844.90093293344,133844.90093293344,132587.02045088357,0.9841222763061523
2011-11-17,51.47111511230469,Hold,0,0,133844.90093293344,133844.90093293344,133114.41111586464,0.9859861135482788
2011-11-18,50.45120620727539,Hold,0,0,133844.90093293344,133844.90093293344,130477.42820216522,0.9890156388282776
2011-11-21,49.839263916015625,Hold,0,0,133844.90093293344,133844.90093293344,128895.24634429063,0.9895530939102173
2011-11-22,50.31521987915039,Hold,0,0,133844.90093293344,133844.90093293344,130125.83442551117,0.9879178404808044
2011-11-23,49.90726089477539,Hold,0,0,133844.90093293344,133844.90093293344,129071.05309554901,0.9831642508506775
2011-11-24,49.49929428100586,Hold,0,0,133844.90093293344,133844.90093293344,128016.25203972416,0.9818026423454285
2011-11-25,48.68336486816406,Hold,0,0,133844.90093293344,133844.90093293344,125906.6597910058,0.9654742479324341
2011-11-28,50.043243408203125,Hold,0,0,133844.90093293344,133844.90093293344,129422.63700927171,0.9620819687843323
2011-11-29,50.043243408203125,Hold,0,0,133844.90093293344,133844.90093293344,129422.63700927171,0.9658719897270203
2011-11-30,50.723182678222656,Hold,0,0,133844.90093293344,133844.90093293344,131180.62561840468,0.9725629091262817
2011-12-01,52.08304977416992,Hold,0,0,133844.90093293344,133844.90093293344,134696.57324787654,0.9685595631599426
2011-12-02,51.675079345703125,Hold,0,0,133844.90093293344,133844.90093293344,133641.76232912033,0.9600932002067566
2011-12-05,51.87907028198242,Hold,0,0,133844.90093293344,133844.90093293344,134169.18258289548,0.9550931453704834
2011-12-06,51.26713562011719,Hold,0,0,133844.90093293344,133844.90093293344,132587.02045088357,0.9323362708091736
2011-12-07,51.947059631347656,Hold,0,0,133844.90093293344,133844.90093293344,134344.96960829114,0.9103769063949585
2011-12-08,51.87907028198242,Hold,0,0,133844.90093293344,133844.90093293344,134169.18258289548,0.9217207431793213
2011-12-09,50.38322067260742,Hold,0,0,133844.90093293344,133844.90093293344,130301.65103970088,0.9244362115859985
2011-12-12,50.995155334472656,Hold,0,0,133844.90093293344,133844.90093293344,131883.81317171277,0.9256682991981506
2011-12-13,51.13113784790039,Hold,0,0,133844.90093293344,133844.90093293344,132235.39708543548,0.9330311417579651
2011-12-14,50.655189514160156,Hold,0,0,133844.90093293344,133844.90093293344,131004.82873007764,0.8713299632072449
2011-12-15,49.295318603515625,Hold,0,0,133844.90093293344,133844.90093293344,127488.87123767442,0.7525957822799683
2011-12-16,49.431297302246094,Hold,0,0,133844.90093293344,133844.90093293344,127840.44528846578,0.6490767002105713
2011-12-19,49.295318603515625,Buy,1355,1355,66954.5611268612,133454.149266193,127488.87123767442,0.6967878937721252
2011-12-20,49.49929428100586,Buy,675,2030,33494.9253534957,133533.8529582349,128016.25203972416,0.7527252435684204
2011-12-21,51.675079345703125,Buy,582,2612,3377.172447241126,137755.2139636321,133641.76232912033,0.895923912525177
2011-12-22,50.995155334472656,Buy,59,2671,364.1708648224935,135969.51009814863,131883.81317171277,0.9501914978027344
2011-12-23,51.26713562011719,Buy,6,2677,56.129717092238366,136690.95538205234,132587.02045088357,0.969372034072876
2011-12-26,50.995155334472656,Hold,0,2677,56.129717092238366,135966.08596105108,131883.81317171277,0.9927983283996582
2011-12-27,51.335121154785156,Hold,0,2677,56.129717092238366,136872.14732041082,132762.7976133479,0.9922629594802856
2011-12-28,51.47111511230469,Hold,0,2677,56.129717092238366,137234.5921976682,133114.41111586464,0.9846823215484619
2011-12-29,51.53910446166992,Hold,0,2677,56.129717092238366,137415.7943027834,133290.19814126033,0.9633398056030273
2011-12-30,51.53910446166992,Hold,0,2677,56.129717092238366,137415.7943027834,133290.19814126033,0.6757078170776367
2012-01-02,47.4594841003418,Hold,0,2677,56.129717092238366,126542.9766564127,122742.30593818797,0.6051788330078125
2012-01-03,47.93544006347656,Hold,0,2677,56.129717092238366,127811.47272627306,123972.89401940852,0.7944263219833374
2012-01-04,47.93544006347656,Hold,0,2677,56.129717092238366,127811.47272627306,123972.89401940852,0.9250606298446655
2012-01-05,51.675079345703125,Hold,0,2677,56.129717092238366,137778.1883462571,133641.76232912033,0.9626031517982483
2012-01-06,51.40311813354492,Hold,0,2677,56.129717092238366,137053.3697590395,132938.6043646063,0.9436728358268738
2012-01-09,51.40311813354492,Hold,0,2677,56.129717092238366,137053.3697590395,132938.6043646063,0.8474829792976379
2012-01-10,52.01506805419922,Hold,0,2677,56.129717092238366,138684.3107061572,134520.80594834356,0.8110905885696411
2012-01-11,52.01506805419922,Hold,0,2677,56.129717092238366,138684.3107061572,134520.80594834356,0.6333526372909546
2012-01-12,52.35502624511719,Hold,0,2677,56.129717092238366,139590.3517320035,135399.770664116,0.6395447850227356
2012-01-13,52.69498062133789,Hold,0,2677,56.129717092238366,140496.38259109308,136278.72551695709,0.8923712968826294
2012-01-16,51.199134826660156,Hold,0,2677,56.129717092238366,136509.72277666692,132411.20383669387,0.910370409488678
2012-01-17,51.40311813354492,Hold,0,2677,56.129717092238366,137053.3697590395,132938.6043646063,0.7821028232574463
2012-01-18,52.15104675292969,Hold,0,2677,56.129717092238366,139046.71491638766,134872.37999913492,0.5355834364891052
2012-01-30,53.51091384887695,Hold,0,2677,56.129717092238366,142670.97052058336,138388.32762860678,0.7830421328544617
2012-01-31,53.37492370605469,Hold,0,2677,56.129717092238366,142308.5358100827,138036.72398902138,0.8106210231781006
2012-02-01,52.35502624511719,Hold,0,2677,56.129717092238366,139590.3517320035,135399.770664116,0.9932994842529297
2012-02-02,52.21904373168945,Hold,0,2677,56.129717092238366,139227.93735501633,135048.1867503933,0.982659101486206
2012-02-03,51.811092376708984,Hold,0,2677,56.129717092238366,138140.6840572981,133993.42514629383,0.9823620915412903
2012-02-06,52.62699890136719,Hold,0,2677,56.129717092238366,140315.2008194913,136102.9582174241,0.9770740866661072
2012-02-07,52.62699890136719,Hold,0,2677,56.129717092238366,140315.2008194913,136102.9582174241,0.9800618290901184
2012-02-08,52.69498062133789,Hold,0,2677,56.129717092238366,140496.38259109308,136278.72551695709,0.969983696937561
2012-02-09,53.03497314453125,Hold,0,2677,56.129717092238366,141402.5151177499,137157.77899911164,0.9544585347175598
2012-02-10,52.28702926635742,Hold,0,2677,56.129717092238366,139409.12929337483,135223.96391285764,0.9402081966400146
2012-02-13,52.08304977416992,Hold,0,2677,56.129717092238366,138865.492477759,134696.57324787654,0.9131327271461487
2012-02-14,52.559017181396484,Hold,0,2677,56.129717092238366,140134.0190478895,135927.19091789113,0.8982666730880737
2012-02-15,53.37492370605469,Hold,0,2677,56.129717092238366,142308.5358100827,138036.72398902138,0.8707681894302368
2012-02-16,53.37492370605469,Hold,0,2677,56.129717092238366,142308.5358100827,138036.72398902138,0.9046604633331299
2012-02-17,54.39482116699219,Hold,0,2677,56.129717092238366,145026.71988816196,140673.67731392678,0.8068978190422058
2012-02-20,54.39482116699219,Hold,0,2677,56.129717092238366,145026.71988816196,140673.67731392678,0.5848157405853271
2012-02-21,54.39482116699219,Hold,0,2677,56.129717092238366,145026.71988816196,140673.67731392678,0.6626795530319214
2012-02-22,54.19084930419922,Hold,0,2677,56.129717092238366,144483.10340605956,140146.3063748084,0.6957461833953857
2012-02-23,53.10294723510742,Hold,0,2677,56.129717092238366,141583.6765558382,137333.52657278194,0.8905928730964661
2012-02-24,53.78288650512695,Hold,0,2677,56.129717092238366,143395.81960807115,139091.5151819149,0.976771891117096
2012-02-29,55.14276123046875,Hold,0,2677,56.129717092238366,147020.0955457803,142607.48253724945,0.9920554757118225
2012-03-01,54.46282196044922,Hold,0,2677,56.129717092238366,145207.95249354735,140849.4939281165,0.9961323738098145
2012-03-02,54.39482116699219,Hold,0,2677,56.129717092238366,145026.71988816196,140673.67731392678,0.9977541565895081
2012-03-05,53.64691925048828,Hold,0,2677,56.129717092238366,143033.44589811086,138739.9707199176,0.9990121126174927
2012-03-06,54.054874420166016,Hold,0,2677,56.129717092238366,144120.70936258583,139794.7421869484,0.999517560005188
2012-03-07,53.78288650512695,Hold,0,2677,56.129717092238366,143395.81960807115,139091.5151819149,0.9997372031211853
2012-03-08,54.19084930419922,Hold,0,2677,56.129717092238366,144483.10340605956,140146.3063748084,0.9997019171714783
2012-03-09,54.39482116699219,Hold,0,2677,56.129717092238366,145026.71988816196,140673.67731392678,0.9998466968536377
2012-03-12,54.39482116699219,Hold,0,2677,56.129717092238366,145026.71988816196,140673.67731392678,0.9999005794525146
2012-03-13,55.27875518798828,Hold,0,2677,56.129717092238366,147382.54042303763,142959.0960397662,0.9999274015426636
2012-03-14,56.57062530517578,Hold,0,2677,56.129717092238366,150825.57358860463,146299.23691797972,0.9999542236328125
2012-03-15,56.57062530517578,Hold,0,2677,56.129717092238366,150825.57358860463,146299.23691797972,0.9999556541442871
2012-03-16,55.14276123046875,Hold,0,2677,56.129717092238366,147020.0955457803,142607.48253724945,0.999972939491272
2012-03-19,56.910587310791016,Hold,0,2677,56.129717092238366,151731.62478120765,147178.2114966835,0.9997453093528748
2012-03-20,56.57062530517578,Hold,0,2677,56.129717092238366,150825.57358860463,146299.23691797972,0.9897174835205078
2012-03-21,57.72652053833008,Hold,0,2677,56.129717092238366,153906.21271069793,149287.8136083332,0.984882652759552
2012-03-22,57.93048858642578,Hold,0,2677,56.129717092238366,154449.8190260436,149815.17468452023,0.9785758852958679
2012-03-23,58.06649398803711,Hold,0,2677,56.129717092238366,154812.29440357114,150166.81777583103,0.9451419115066528
2012-03-26,56.84259033203125,Hold,0,2677,56.129717092238366,151550.40234257898,147002.40474542513,0.6610671877861023
2012-03-27,58.33846664428711,Hold,0,2677,56.129717092238366,155537.14349105893,150870.00532913912,0.9971566200256348
2012-03-28,58.13448715209961,Hold,0,2677,56.129717092238366,154993.5066754431,150342.61466415806,0.9990307092666626
2012-03-29,57.18257522583008,Hold,0,2677,56.129717092238366,152456.51453572235,147881.438501717,0.9992998838424683
2012-03-30,57.72652053833008,Hold,0,2677,56.129717092238366,153906.21271069793,149287.8136083332,0.9997237324714661
2012-04-02,57.86250305175781,Hold,0,2677,56.129717092238366,154268.6270876851,149639.39752205592,0.9997785687446594
2012-04-03,57.79452133178711,Hold,0,2677,56.129717092238366,154087.44531608335,149463.63022252292,0.9996310472488403
2012-04-05,56.50261688232422,Hold,0,2677,56.129717092238366,150644.3206497058,146123.4005779273,0.9993778467178345
2012-04-06,56.978599548339844,Hold,0,2677,56.129717092238366,151912.88788686323,147354.05769966726,0.9991956353187561
2012-04-09,56.43464279174805,Hold,0,2677,56.129717092238366,150463.1592116175,145947.653004257,0.9985472559928894
2012-04-10,55.75469970703125,Hold,0,2677,56.129717092238366,148651.00599262782,144189.6545321927,0.9980822801589966
2012-04-11,56.02668380737305,Hold,0,2677,56.129717092238366,149375.88558038577,144892.87167429485,0.9971553087234497
2012-04-12,56.162662506103516,Hold,0,2677,56.129717092238366,149738.28979061623,145244.4457250862,0.9865325689315796
2012-04-13,57.72652053833008,Hold,0,2677,56.129717092238366,153906.21271069793,149287.8136083332,0.9495857357978821
2012-04-16,57.72652053833008,Hold,0,2677,56.129717092238366,153906.21271069793,149287.8136083332,0.9477012753486633
2012-04-17,56.978599548339844,Hold,0,2677,56.129717092238366,151912.88788686323,147354.05769966726,0.8818478584289551
2012-04-18,57.79452133178711,Hold,0,2677,56.129717092238366,154087.44531608335,149463.63022252292,0.5049728155136108
2012-04-19,58.33846664428711,Hold,0,2677,56.129717092238366,155537.14349105893,150870.00532913912,0.5701952576637268
2012-04-20,57.31855392456055,Hold,0,2677,56.129717092238366,152818.9187459528,148233.01255250836,0.8477074503898621
2012-04-23,57.31855392456055,Hold,0,2677,56.129717092238366,152818.9187459528,148233.01255250836,0.8621677756309509
2012-04-24,57.522525787353516,Hold,0,2677,56.129717092238366,153362.5352280552,148760.38349162674,0.9233474731445312
2012-04-25,57.25055694580078,Hold,0,2677,56.129717092238366,152637.69630732413,148057.20580124998,0.9317483901977539
2012-04-26,57.11457443237305,Hold,0,2677,56.129717092238366,152275.28193033696,147705.62188752726,0.9344560503959656
2012-04-27,58.47446060180664,Hold,0,2677,56.129717092238366,155899.58836831627,151221.61883165588,0.9376415014266968
2012-04-30,59.01839065551758,Hold,0,2677,56.129717092238366,157349.24587626496,152627.95448654672,0.9357464909553528
2012-05-02,60.106300354003906,Hold,0,2677,56.129717092238366,160248.69305999976,155440.75401443586,0.7055649161338806
2012-05-03,60.44626235961914,Hold,0,2677,56.129717092238366,161154.74425260277,156319.72859313965,0.9976080656051636
2012-05-04,59.562355041503906,Hold,0,2677,56.129717092238366,158798.99488502418,154034.37890781966,0.976996123790741
2012-05-07,58.20248031616211,Hold,0,2677,56.129717092238366,155174.71894731504,150518.41155248508,0.9807654023170471
2012-05-08,57.38655471801758,Hold,0,2677,56.129717092238366,153000.1513513382,148408.82916669807,0.980967104434967
2012-05-09,57.522525787353516,Hold,0,2677,56.129717092238366,153362.5352280552,148760.38349162674,0.985798716545105
2012-05-10,57.99848556518555,Hold,0,2677,56.129717092238366,154631.04146467228,149990.9814357786,0.9902517795562744
2012-05-11,58.13448715209961,Hold,0,2677,56.129717092238366,154993.5066754431,150342.61466415806,0.9903708100318909
2012-05-14,58.06649398803711,Hold,0,2677,56.129717092238366,154812.29440357114,150166.81777583103,0.9885025024414062
2012-05-15,58.13448715209961,Hold,0,2677,56.129717092238366,154993.5066754431,150342.61466415806,0.9872727990150452
2012-05-16,56.70661163330078,Hold,0,2677,56.129717092238366,151187.99813234856,146650.83069463377,0.9827215075492859
2012-05-17,57.86250305175781,Hold,0,2677,56.129717092238366,154268.6270876851,149639.39752205592,0.9769047498703003
2012-05-18,55.618709564208984,Hold,0,2677,56.129717092238366,148288.5712821272,143838.0508926073,0.9794792532920837
2012-05-21,56.09468460083008,Hold,0,2677,56.129717092238366,149557.1181857712,145068.68828848458,0.98234623670578
2012-05-22,55.890682220458984,Hold,0,2677,56.129717092238366,149013.420369615,144541.2384459154,0.9827291965484619
2012-05-23,53.78288650512695,Hold,0,2677,56.129717092238366,143395.81960807115,139091.5151819149,0.9783757328987122
2012-05-24,54.80278778076172,Hold,0,2677,56.129717092238366,146114.01385290708,141728.47836975165,0.9775429368019104
2012-05-25,54.39482116699219,Hold,0,2677,56.129717092238366,145026.71988816196,140673.67731392678,0.9764302372932434
2012-05-28,55.48272705078125,Hold,0,2677,56.129717092238366,147926.15690514003,143486.4669788846,0.9719812273979187
2012-05-29,55.958709716796875,Hold,0,2677,56.129717092238366,149194.72414229746,144717.12410062455,0.9731247425079346
2012-05-30,55.55072021484375,Hold,0,2677,56.129717092238366,148107.36917701198,143662.26386721162,0.9767530560493469
2012-05-31,57.86250305175781,Hold,0,2677,56.129717092238366,154268.6270876851,149639.39752205592,0.9742053747177124
2012-06-01,54.32684326171875,Hold,0,2677,56.129717092238366,144845.5482833169,140497.91987732516,0.9799025654792786
2012-06-04,52.01506805419922,Hold,0,2677,56.129717092238366,138684.3107061572,134520.80594834356,0.9870674014091492
2012-06-05,53.170936584472656,Hold,0,2677,56.129717092238366,141764.87866095343,137509.31359817763,0.9888494610786438
2012-06-06,52.898983001708984,Hold,0,2677,56.129717092238366,141040.08040724928,136806.17535952624,0.9896565675735474
2012-06-07,54.25886154174805,Hold,0,2677,56.129717092238366,144664.36651171514,140322.15257779218,0.9889248013496399
2012-06-08,52.966957092285156,Hold,0,2677,56.129717092238366,141221.2418453376,136981.92293319653,0.9866416454315186
2012-06-11,54.66680908203125,Hold,0,2677,56.129717092238366,145751.60964267663,141376.9043189603,0.9744554162025452
2012-06-12,53.98686981201172,Hold,0,2677,56.129717092238366,143939.4665904437,139618.91570982733,0.8828263282775879
2012-06-13,54.39482116699219,Hold,0,2677,56.129717092238366,145026.71988816196,140673.67731392678,0.6790326833724976
2012-06-14,53.85088348388672,Hold,0,2677,56.129717092238366,143577.04204669982,139267.32193317328,0.8556953072547913
2012-06-15,53.10294723510742,Hold,0,2677,56.129717092238366,141583.6765558382,137333.52657278194,0.895675539970398
2012-06-18,54.938777923583984,Hold,0,2677,56.129717092238366,146476.4485634077,142080.08200933703,0.9927957653999329
2012-06-19,54.73481369018555,Hold,0,2677,56.129717092238366,145932.85241481877,141552.73079608136,0.9983022212982178
2012-06-20,55.48272705078125,Hold,0,2677,56.129717092238366,147926.15690514003,143486.4669788846,0.9989215135574341
2012-06-21,54.80278778076172,Hold,0,2677,56.129717092238366,146114.01385290708,141728.47836975165,0.9992557168006897
2012-06-22,54.46282196044922,Hold,0,2677,56.129717092238366,145207.95249354735,140849.4939281165,0.9997316002845764
2012-06-25,54.12287139892578,Hold,0,2677,56.129717092238366,144301.9318012145,139970.54893820678,0.9998859167098999
2012-06-26,53.51091384887695,Hold,0,2677,56.129717092238366,142670.97052058336,138388.32762860678,0.9999061822891235
2012-06-27,53.918888092041016,Hold,0,2677,56.129717092238366,143758.28481884193,139443.14841029435,0.9998018145561218
2012-06-28,54.32684326171875,Hold,0,2677,56.129717092238366,144845.5482833169,140497.91987732516,0.9987902045249939
2012-06-29,55.27875518798828,Hold,0,2677,56.129717092238366,147382.54042303763,142959.0960397662,0.9950289130210876
2012-07-02,56.63862991333008,Hold,0,2677,56.129717092238366,151006.81636074677,146475.0633951008,0.9867947697639465
2012-07-03,57.25055694580078,Hold,0,2677,56.129717092238366,152637.69630732413,148057.20580124998,0.728425145149231
2012-07-04,57.25018310546875,Hold,0,2677,56.129717092238366,152636.69996516505,148056.23923397798,0.752106249332428
2012-07-05,57.109161376953125,Hold,0,2677,56.129717092238366,152260.85530254373,147691.62638794602,0.7788534164428711
2012-07-06,57.03868103027344,Hold,0,2677,56.129717092238366,152073.0143052869,147509.39886838084,0.9717649221420288
2012-07-09,56.40412139892578,Hold,0,2677,56.129717092238366,150381.81499105826,145868.73969055052,0.9710226058959961
2012-07-10,55.76958465576172,Hold,0,2677,56.129717092238366,148690.67667736998,144228.13969030828,0.9666311740875244
2012-07-11,55.06454086303711,Hold,0,2677,56.129717092238366,146811.6261991278,142405.24312998142,0.9899515509605408
2012-07-12,53.37242126464844,Hold,0,2677,56.129717092238366,142301.8664176709,138030.25390605783,0.9873840808868408
2012-07-13,53.44291687011719,Hold,0,2677,56.129717092238366,142489.74808195466,138212.52087734843,0.9914931654930115
2012-07-16,53.23140335083008,Hold,0,2677,56.129717092238366,141926.03192180634,137665.65092295723,0.9930543303489685
2012-07-17,52.73786544799805,Hold,0,2677,56.129717092238366,140610.67727019903,136389.60459115886,0.9889983534812927
2012-07-18,52.73786544799805,Hold,0,2677,56.129717092238366,140610.67727019903,136389.60459115886,0.9912018775939941
2012-07-19,54.64149856567383,Hold,0,2677,56.129717092238366,145684.1532118042,141311.46376947366,0.9891448616981506
2012-07-20,54.07746887207031,Hold,0,2677,56.129717092238366,144180.92706266986,139853.16032931604,0.9747582674026489
2012-07-23,52.38534164428711,Hold,0,2677,56.129717092238366,139671.14694769954,135478.15137952977,0.9816492199897766
2012-07-24,52.73786544799805,Hold,0,2677,56.129717092238366,140610.67727019903,136389.60459115886,0.9896329641342163
2012-07-25,52.596866607666016,Hold,0,2677,56.129717092238366,140234.89360811806,136025.050922715,0.9879008531570435
2012-07-26,53.79543685913086,Hold,0,2677,56.129717092238366,143429.26823769743,139123.96422604617,0.973287045955658
2012-07-27,55.910606384277344,Hold,0,2677,56.129717092238366,149066.52133999128,144592.75253634024,0.9636814594268799
2012-07-30,55.699092864990234,Hold,0,2677,56.129717092238366,148502.80517984295,144045.88258194903,0.8798785209655762
2012-07-31,57.109161376953125,Hold,0,2677,56.129717092238366,152260.85530254373,147691.62638794602,0.743316650390625
2012-08-01,56.40412139892578,Hold,0,2677,56.129717092238366,150381.81499105826,145868.73969055052,0.510423481464386
2012-08-02,56.40412139892578,Hold,0,2677,56.129717092238366,150381.81499105826,145868.73969055052,0.7752867937088013
2012-08-03,56.26313400268555,Hold,0,2677,56.129717092238366,150006.06182924748,145504.2156109007,0.9139090180397034
2012-08-06,57.03868103027344,Hold,0,2677,56.129717092238366,152073.0143052869,147509.39886838084,0.9807628393173218
2012-08-07,57.39120864868164,Hold,0,2677,56.129717092238366,153012.55479454307,148420.8619429413,0.9830068349838257
2012-08-08,56.756675720214844,Hold,0,2677,56.129717092238366,151321.42664761152,146780.2718056304,0.9931473135948181
2012-08-09,58.02577590942383,Hold,0,2677,56.129717092238366,154703.77444228515,150061.54084663428,0.9948720335960388
2012-08-10,57.814231872558594,Hold,0,2677,56.129717092238366,154139.97694808303,149514.59198879232,0.9946182370185852
2012-08-13,58.30777359008789,Hold,0,2677,56.129717092238366,155455.34176644706,150790.64818352202,0.9956104159355164
2012-08-14,58.660301208496094,Hold,0,2677,56.129717092238366,156394.88225570327,151702.11125808247,0.9956081509590149
2012-08-15,58.519290924072266,Hold,0,2677,56.129717092238366,156019.06809335214,151337.52800084458,0.9939476251602173
2012-08-16,58.448787689208984,Hold,0,2677,56.129717092238366,155831.16609555492,151155.2413036913,0.9947984218597412
2012-08-17,57.814231872558594,Hold,0,2677,56.129717092238366,154139.97694808303,149514.59198879232,0.9943270087242126
2012-08-20,58.09626388549805,Hold,0,2677,56.129717092238366,154891.63577305546,150243.7880920622,0.9915441274642944
2012-08-21,58.942298889160156,Hold,0,2677,56.129717092238366,157146.44957986518,152431.2185949702,0.9956114888191223
2012-08-22,58.09626388549805,Hold,0,2677,56.129717092238366,154891.63577305546,150243.7880920622,0.9970085024833679
2012-08-23,58.30777359008789,Hold,0,2677,56.129717092238366,155455.34176644706,150790.64818352202,0.996160626411438
2012-08-24,57.814231872558594,Hold,0,2677,56.129717092238366,154139.97694808303,149514.59198879232,0.9952876567840576
2012-08-27,58.519290924072266,Hold,0,2677,56.129717092238366,156019.06809335214,151337.52800084458,0.9945244789123535
2012-08-28,58.09626388549805,Hold,0,2677,56.129717092238366,154891.63577305546,150243.7880920622,0.9893301129341125
2012-08-29,58.30777359008789,Hold,0,2677,56.129717092238366,155455.34176644706,150790.64818352202,0.9828771948814392
2012-08-30,58.30777359008789,Hold,0,2677,56.129717092238366,155455.34176644706,150790.64818352202,0.9765369892120361
2012-08-31,58.73081588745117,Hold,0,2677,56.129717092238366,156582.81475377065,151884.4275440298,0.9031389951705933
2012-09-03,59.15383529663086,Hold,0,2677,56.129717092238366,157710.22674055386,152978.1477269495,0.7972844243049622
2012-09-04,59.22433090209961,Hold,0,2677,56.129717092238366,157898.1084048376,153160.41469824009,0.7406721115112305
2012-09-05,57.814231872558594,Hold,0,2677,56.129717092238366,154139.97694808303,149514.59198879232,0.6719913482666016
2012-09-06,57.179691314697266,Hold,0,2677,56.129717092238366,152448.82846763803,147873.98212561873,0.5793027877807617
2012-09-07,59.08333206176758,Hold,0,2677,56.129717092238366,157522.32474275667,152795.86102979622,0.6254838705062866
2012-09-10,58.871822357177734,Hold,0,2677,56.129717092238366,156958.61874936504,152249.00093833636,0.8463149070739746
2012-09-11,59.506378173828125,Hold,0,2677,56.129717092238366,158649.80789683695,153889.65025323533,0.8472787737846375
2012-09-12,59.57686996459961,Hold,0,2677,56.129717092238366,158837.67939436398,154071.90736159458,0.8917109966278076
2012-09-13,59.92938995361328,Hold,0,2677,56.129717092238366,159777.1995501067,154983.35071029235,0.9077831506729126
2012-09-14,60.98695755004883,Hold,0,2677,56.129717092238366,162595.7803508484,157717.7004822483,0.9474717378616333
2012-09-17,60.98695755004883,Hold,0,2677,56.129717092238366,162595.7803508484,157717.7004822483,0.9472143650054932
2012-09-18,60.42292404174805,Hold,0,2677,56.129717092238366,161092.5440349573,156259.38717915936,0.9142444729804993
2012-09-19,60.63444900512695,Hold,0,2677,56.129717092238366,161656.29069537582,156806.28672234458,0.917150616645813
2012-09-20,60.14091110229492,Hold,0,2677,56.129717092238366,160340.9360437685,155530.2403905462,0.8168178796768188
2012-09-21,60.42292404174805,Hold,0,2677,56.129717092238366,161092.5440349573,156259.38717915936,0.7070121169090271
2012-09-24,60.7049560546875,Hold,0,2677,56.129717092238366,161844.20285992976,156988.5832824292,0.5233980417251587
2012-09-25,60.563941955566406,Hold,0,2677,56.129717092238366,161468.3785308219,156623.99016225996,0.5117469429969788
2012-09-26,60.91645812988281,Hold,0,2677,56.129717092238366,162407.88851980792,157535.42364802636,0.5866373777389526
2012-09-27,61.76254653930664,Hold,0,2677,56.129717092238366,164662.84466121177,159722.99223197327,0.729227602481842
2012-09-28,63.313636779785156,Hold,0,2677,56.129717092238366,168796.73944653387,163733.34888400222,0.7276816368103027
2012-10-01,62.679100036621094,Hold,0,2677,56.129717092238366,167105.6011328456,162092.74888375998,0.6256822943687439
2012-10-02,63.172630310058594,Hold,0,2677,56.129717092238366,168420.93545093946,163368.77548969563,0.6146605610847473
2012-10-03,63.313636779785156,Hold,0,2677,56.129717092238366,168796.73944653387,163733.34888400222,0.6920393705368042
2012-10-04,63.87769317626953,Hold,0,2677,56.129717092238366,170300.0367629653,165191.72136467925,0.7822428941726685
2012-10-05,64.15970611572266,Hold,0,2677,56.129717092238366,171051.6447541541,165920.86815329237,0.7813725471496582
2012-10-08,62.820091247558594,Hold,0,2677,56.129717092238366,167481.3644614131,162457.28282634114,0.8287503719329834
2012-10-09,61.40999984741211,Hold,0,2677,56.129717092238366,163723.25333817195,158811.4798427561,0.75949627161026
2012-10-11,60.28192138671875,Hold,0,2677,56.129717092238366,160716.75020611964,155894.82364778413,0.784433901309967
2012-10-12,60.84595489501953,Hold,0,2677,56.129717092238366,162219.9865220107,157353.13695087307,0.8672090768814087
2012-10-15,60.91645812988281,Hold,0,2677,56.129717092238366,162407.88851980792,157535.42364802636,0.6805700063705444
2012-10-16,61.692012786865234,Hold,0,2677,56.129717092238366,164474.86132936078,159540.6266313692,0.6619441509246826
2012-10-17,61.621524810791016,Hold,0,2677,56.129717092238366,164286.99999859047,159358.3793859413,0.5067854523658752
2012-10-18,62.11505126953125,Hold,0,2677,56.129717092238366,165602.32414992762,160634.39612894563,0.8905919194221497
2012-10-19,61.127967834472656,Hold,0,2677,56.129717092238366,162971.59451319952,158082.2837394862,0.8866922855377197
2012-10-22,60.63444900512695,Hold,0,2677,56.129717092238366,161656.29069537582,156806.28672234458,0.9168381690979004
2012-10-23,60.42292404174805,Hold,0,2677,56.129717092238366,161092.5440349573,156259.38717915936,0.5520602464675903
2012-10-24,60.21142578125,Hold,0,2677,56.129717092238366,160528.8685418359,155712.55667649355,0.512721598148346
2012-10-25,59.78837966918945,Hold,0,2677,56.129717092238366,159401.38538775558,154618.76745305443,0.7316724061965942
2012-10-26,61.551025390625,Hold,0,2677,56.129717092238366,164099.10816755,159176.10255171938,0.7725074887275696
2012-10-29,62.11505126953125,Hold,0,2677,56.129717092238366,165602.32414992762,160634.39612894563,0.8797898292541504
2012-10-30,62.04454803466797,Hold,0,2677,56.129717092238366,165414.42215213043,160452.10943179234,0.6698281764984131
2012-10-31,62.538089752197266,Hold,0,2677,56.129717092238366,166729.78697049446,161728.16562652207,0.5518032908439636
2012-11-01,62.89061737060547,Hold,0,2677,56.129717092238366,167669.32745975067,162639.62870108252,0.6505858302116394
2012-11-02,63.3841667175293,Hold,0,2677,56.129717092238366,168984.71261162814,163915.70462167493,0.6336686611175537
2012-11-05,63.66616439819336,Hold,0,2677,56.129717092238366,169736.27993579005,164644.81195856267,0.5280072093009949
2012-11-06,63.7366828918457,Hold,0,2677,56.129717092238366,169924.22260061416,164827.13810744134,0.6666879057884216
2012-11-07,64.15970611572266,Hold,0,2677,56.129717092238366,171051.6447541541,165920.86815329237,0.6069177389144897
2012-11-08,63.807167053222656,Hold,0,2677,56.129717092238366,170112.07376462774,165009.37548993787,0.5794316530227661
2012-11-09,64.01872253417969,Hold,0,2677,56.129717092238366,170675.90175910006,165556.3539365739,0.7208842039108276
2012-11-12,64.37120056152344,Hold,0,2677,56.129717092238366,171615.31008051883,166467.6887930268,0.8617963790893555
2012-11-13,63.66616439819336,Hold,0,2677,56.129717092238366,169736.27993579005,164644.81195856267,0.7903920412063599
2012-11-14,63.807167053222656,Hold,0,2677,56.129717092238366,170112.07376462774,165009.37548993787,0.8416969180107117
2012-11-15,63.595664978027344,Hold,0,2677,56.129717092238366,169548.38810474958,164462.53512434073,0.6252942085266113
2012-11-16,63.595664978027344,Hold,0,2677,56.129717092238366,169548.38810474958,164462.53512434073,0.80778968334198
2012-11-19,63.454654693603516,Hold,0,2677,56.129717092238366,169172.57394239845,164097.95186710282,0.8763067126274109
2012-11-20,63.7366828918457,Hold,0,2677,56.129717092238366,169924.22260061416,164827.13810744134,0.8867278695106506
2012-11-21,63.807167053222656,Hold,0,2677,56.129717092238366,170112.07376462774,165009.37548993787,0.8880556225776672
2012-11-22,64.37120056152344,Hold,0,2677,56.129717092238366,171615.31008051883,166467.6887930268,0.8740831017494202
2012-11-23,67.33244323730469,Hold,0,2677,56.129717092238366,179507.47865718967,174124.0062355424,0.93517005443573
2012-11-26,67.19143676757812,Hold,0,2677,56.129717092238366,179131.67466159526,173759.43284123583,0.9251676797866821
2012-11-27,67.89647674560547,Hold,0,2677,56.129717092238366,181010.71497308073,175582.31953863133,0.9831411838531494
2012-11-28,67.61444854736328,Hold,0,2677,56.129717092238366,180259.06631486502,174853.1332982928,0.9741725921630859
2012-11-29,68.03749084472656,Hold,0,2677,56.129717092238366,181386.53930218858,175946.9126588006,0.9988847374916077
2012-11-30,69.5886001586914,Hold,0,2677,56.129717092238366,185520.48492129432,179957.31862548628,0.9944660067558289
2012-12-03,69.02456665039062,Hold,0,2677,56.129717092238366,184017.24860540323,178499.00532239734,0.9633325934410095
2012-12-04,68.10799407958984,Hold,0,2677,56.129717092238366,181574.4412999858,176129.19935595387,0.9873305559158325
2012-12-05,68.31952667236328,Hold,0,2677,56.129717092238366,182138.20829391776,176676.1186250018,0.9954167604446411
2012-12-06,68.10799407958984,Hold,0,2677,56.129717092238366,181574.4412999858,176129.19935595387,0.9996985197067261
2012-12-07,69.16557312011719,Hold,0,2677,56.129717092238366,184393.05260099765,178863.5787167039,0.999833345413208
2012-12-10,68.03749084472656,Hold,0,2677,56.129717092238366,181386.53930218858,175946.9126588006,0.9998800754547119
2012-12-11,69.30657958984375,Hold,0,2677,56.129717092238366,184768.85659659206,179228.15211101045,0.9999268054962158
2012-12-12,69.37709045410156,Hold,0,2677,56.129717092238366,184956.7789279027,179410.45853402643,0.9999501705169678
2012-12-13,69.94110870361328,Hold,0,2677,56.129717092238366,186459.97457676686,180868.73238539,0.9999536275863647
2012-12-14,69.37709045410156,Hold,0,2677,56.129717092238366,184956.7789279027,179410.45853402643,0.9997939467430115
2012-12-17,68.39000701904297,Hold,0,2677,56.129717092238366,182326.0492911746,176858.346144567,0.9916035532951355
2012-12-18,68.178466796875,Hold,0,2677,56.129717092238366,181762.2619637292,176311.40714965638,0.9547456502914429
2012-12-19,68.6015396118164,Hold,0,2677,56.129717092238366,182889.81628510656,177405.26541361495,0.994517982006073
2012-12-20,67.68496704101562,Hold,0,2677,56.129717092238366,180447.00897968913,175035.45944717148,0.9985520243644714
2012-12-21,66.83891296386719,Hold,0,2677,56.129717092238366,178192.1443390958,172847.9796296067,0.9995311498641968
2012-12-24,67.12091064453125,Hold,0,2677,56.129717092238366,178943.7116632577,173577.08696649445,0.9996790885925293
2012-12-25,68.03749084472656,Hold,0,2677,56.129717092238366,181386.53930218858,175946.9126588006,0.9998836517333984
2012-12-26,67.68496704101562,Hold,0,2677,56.129717092238366,180447.00897968913,175035.45944717148,0.9999078512191772
2012-12-27,67.40293884277344,Hold,0,2677,56.129717092238366,179695.36032147342,174306.27320683296,0.9999171495437622
2012-12-28,68.39000701904297,Hold,0,2677,56.129717092238366,182326.0492911746,176858.346144567,0.999907374382019
2013-01-02,70.22314453125,Hold,0,2677,56.129717092238366,187211.64356849605,181597.9383515912,0.9998871088027954
2013-01-03,71.21021270751953,Hold,0,2677,56.129717092238366,189842.33253819722,184150.01128932522,0.9998921155929565
2013-01-04,71.562744140625,Hold,0,2677,56.129717092238366,190781.88319421015,185061.48422681703,0.9998077750205994
2013-01-07,70.8576889038086,Hold,0,2677,56.129717092238366,188902.80221569777,183238.55807769613,0.9997904896736145
2013-01-08,70.29364776611328,Hold,0,2677,56.129717092238366,187399.54556629324,181780.2250487445,0.9997236132621765
2013-01-09,70.50516510009766,Hold,0,2677,56.129717092238366,187963.2718931983,182327.10486606703,0.9997215867042542
2013-01-10,71.21021270751953,Hold,0,2677,56.129717092238366,189842.33253819722,184150.01128932522,0.9994379878044128
2013-01-11,71.21021270751953,Hold,0,2677,56.129717092238366,189842.33253819722,184150.01128932522,0.9988166093826294
2013-01-14,71.9152603149414,Hold,0,2677,56.129717092238366,191721.39318319617,185972.91771258344,0.9921654462814331
2013-01-15,70.8576889038086,Hold,0,2677,56.129717092238366,188902.80221569777,183238.55807769613,0.9756001234054565
2013-01-16,69.94110870361328,Hold,0,2677,56.129717092238366,186459.97457676686,180868.73238539,0.7040137648582458
2013-01-17,70.01164245605469,Hold,0,2677,56.129717092238366,186647.9579086179,181051.09798599404,0.8515551090240479
2013-01-18,71.562744140625,Hold,0,2677,56.129717092238366,190781.88319421015,185061.48422681703,0.8516971468925476
2013-01-21,70.8576889038086,Hold,0,2677,56.129717092238366,188902.80221569777,183238.55807769613,0.5107607841491699
2013-01-22,71.21021270751953,Hold,0,2677,56.129717092238366,189842.33253819722,184150.01128932522,0.7162976861000061
2013-01-23,71.21021270751953,Hold,0,2677,56.129717092238366,189842.33253819722,184150.01128932522,0.8783497214317322
2013-01-24,70.43465423583984,Hold,0,2677,56.129717092238366,187775.34956188765,182144.79844305106,0.9630830883979797
2013-01-25,69.80012512207031,Hold,0,2677,56.129717092238366,186084.2315817128,180504.2181686715,0.9202987551689148
2013-01-28,70.01164245605469,Hold,0,2677,56.129717092238366,186647.9579086179,181051.09798599404,0.9425698518753052
2013-01-29,71.21021270751953,Hold,0,2677,56.129717092238366,189842.33253819722,184150.01128932522,0.9115042090415955
2013-01-30,71.562744140625,Hold,0,2677,56.129717092238366,190781.88319421015,185061.48422681703,0.8970156908035278
2013-01-31,71.562744140625,Hold,0,2677,56.129717092238366,190781.88319421015,185061.48422681703,0.9203384518623352
2013-02-01,71.562744140625,Hold,0,2677,56.129717092238366,190781.88319421015,185061.48422681703,0.9419943690299988
2013-02-04,72.62032318115234,Hold,0,2677,56.129717092238366,193600.494495222,187795.86358756703,0.9532445073127747
2013-02-05,72.62032318115234,Hold,0,2677,56.129717092238366,193600.494495222,187795.86358756703,0.9782505631446838
2013-02-06,74.03042602539062,Hold,0,2677,56.129717092238366,197358.63611873332,191441.69615994615,0.9352471828460693
2013-02-18,75.44053649902344,Hold,0,2677,56.129717092238366,201116.79807575807,195087.54845818796,0.9538168907165527
2013-02-19,75.44053649902344,Hold,0,2677,56.129717092238366,201116.79807575807,195087.54845818796,0.9507704973220825
2013-02-20,76.85063934326172,Hold,0,2677,56.129717092238366,204874.9396992694,198733.38103056708,0.9068256616592407
2013-02-21,75.44053649902344,Hold,0,2677,56.129717092238366,201116.79807575807,195087.54845818796,0.8400880098342896
2013-02-22,74.38294982910156,Hold,0,2677,56.129717092238366,198298.16644123278,192353.14937157524,0.7970716953277588
2013-02-25,74.03042602539062,Hold,0,2677,56.129717092238366,197358.63611873332,191441.69615994615,0.7296456098556519
2013-02-26,72.97286224365234,Hold,0,2677,56.129717092238366,194540.06548474837,188707.35625092153,0.6784963011741638
2013-02-27,73.67789459228516,Hold,0,2677,56.129717092238366,196419.0854627204,190530.22322245434,0.7173706889152527
2013-03-01,74.03042602539062,Hold,0,2677,56.129717092238366,197358.63611873332,191441.69615994615,0.7438576221466064
2013-03-04,71.9152603149414,Hold,0,2677,56.129717092238366,191721.39318319617,185972.91771258344,0.7583946585655212
2013-03-05,73.32537078857422,Hold,0,2677,56.129717092238366,195479.55514022094,189618.77001082525,0.8560025691986084
2013-03-06,73.32537078857422,Hold,0,2677,56.129717092238366,195479.55514022094,189618.77001082525,0.7346111536026001
2013-03-07,72.62032318115234,Hold,0,2677,56.129717092238366,193600.494495222,187795.86358756703,0.7410407662391663
2013-03-08,72.97286224365234,Hold,0,2677,56.129717092238366,194540.06548474837,188707.35625092153,0.869231641292572
2013-03-11,71.9152603149414,Hold,0,2677,56.129717092238366,191721.39318319617,185972.91771258344,0.8634270429611206
2013-03-12,72.26780700683594,Hold,0,2677,56.129717092238366,192660.98450623598,186884.43010180062,0.9526601433753967
2013-03-13,73.67789459228516,Hold,0,2677,56.129717092238366,196419.0854627204,190530.22322245434,0.959807813167572
2013-03-14,73.32537078857422,Hold,0,2677,56.129717092238366,195479.55514022094,189618.77001082525,0.9531068801879883
2013-03-15,72.62032318115234,Hold,0,2677,56.129717092238366,193600.494495222,187795.86358756703,0.9516136050224304
2013-03-18,70.8576889038086,Hold,0,2677,56.129717092238366,188902.80221569777,183238.55807769613,0.9419010877609253
2013-03-19,70.50516510009766,Hold,0,2677,56.129717092238366,187963.2718931983,182327.10486606703,0.9139966368675232
2013-03-20,69.65911865234375,Hold,0,2677,56.129717092238366,185708.42758611843,180139.64477436495,0.9233508110046387
2013-03-21,69.5886001586914,Hold,0,2677,56.129717092238366,185520.48492129432,179957.31862548628,0.8677698373794556
2013-03-22,69.09506225585938,Hold,0,2677,56.129717092238366,184205.13026968698,178681.2722936879,0.8432077765464783
2013-03-25,70.15263366699219,Hold,0,2677,56.129717092238366,187023.72123718538,181415.63192857523,0.8707496523857117
2013-03-26,69.80012512207031,Hold,0,2677,56.129717092238366,186084.2315817128,180504.2181686715,0.9037205576896667
2013-03-27,70.8576889038086,Hold,0,2677,56.129717092238366,188902.80221569777,183238.55807769613,0.9391762614250183
2013-03-28,70.50516510009766,Hold,0,2677,56.129717092238366,187963.2718931983,182327.10486606703,0.9660164713859558
2013-03-29,70.8576889038086,Hold,0,2677,56.129717092238366,188902.80221569777,183238.55807769613,0.9614844918251038
2013-04-01,71.21021270751953,Hold,0,2677,56.129717092238366,189842.33253819722,184150.01128932522,0.9775176644325256
2013-04-02,70.8576889038086,Hold,0,2677,56.129717092238366,188902.80221569777,183238.55807769613,0.971648633480072
2013-04-03,70.8576889038086,Hold,0,2677,56.129717092238366,188902.80221569777,183238.55807769613,0.9781859517097473
2013-04-08,69.44757843017578,Hold,0,2677,56.129717092238366,185144.640258673,179592.70577945432,0.9546384811401367
2013-04-09,68.74253845214844,Hold,0,2677,56.129717092238366,183265.59994718753,177769.81908205882,0.8533417582511902
2013-04-10,69.30657958984375,Hold,0,2677,56.129717092238366,184768.85659659206,179228.15211101045,0.8482062220573425
2013-04-11,71.562744140625,Hold,0,2677,56.129717092238366,190781.88319421015,185061.48422681703,0.9056845903396606
2013-04-12,70.8576889038086,Hold,0,2677,56.129717092238366,188902.80221569777,183238.55807769613,0.9394022226333618
2013-04-15,70.08213806152344,Hold,0,2677,56.129717092238366,186835.83957290163,181233.36495728465,0.9549278020858765
2013-04-16,70.8576889038086,Hold,0,2677,56.129717092238366,188902.80221569777,183238.55807769613,0.9626342058181763
2013-04-17,70.50516510009766,Hold,0,2677,56.129717092238366,187963.2718931983,182327.10486606703,0.9516916275024414
2013-04-18,70.43465423583984,Hold,0,2677,56.129717092238366,187775.34956188765,182144.79844305106,0.9454305768013
2013-04-19,75.08799743652344,Hold,0,2677,56.129717092238366,200177.22708623172,194176.05579483346,0.9573953151702881
2013-04-22,76.49810791015625,Hold,0,2677,56.129717092238366,203935.38904325647,197821.90809307527,0.9610339999198914
2013-04-23,74.73548889160156,Hold,0,2677,56.129717092238366,199237.73743075915,193264.64203492974,0.9443156719207764
2013-04-24,74.73548889160156,Hold,0,2677,56.129717092238366,199237.73743075915,193264.64203492974,0.9459443688392639
2013-04-25,75.44053649902344,Hold,0,2677,56.129717092238366,201116.79807575807,195087.54845818796,0.7973628640174866
2013-04-26,76.49810791015625,Hold,0,2677,56.129717092238366,203935.38904325647,197821.90809307527,0.8163312673568726
2013-04-29,76.14558410644531,Hold,0,2677,56.129717092238366,202995.858720757,196910.45488144617,0.843614935874939
2013-04-30,77.20317077636719,Hold,0,2677,56.129717092238366,205814.49035528232,199644.85396805886,0.8489285111427307
2013-05-02,77.908203125,Hold,0,2677,56.129717092238366,207693.51033325435,201467.7209395917,0.9602547883987427
2013-05-03,77.55569458007812,Hold,0,2677,56.129717092238366,206754.02067778178,200556.30717968798,0.9805819392204285
2013-05-06,78.6132583618164,Hold,0,2677,56.129717092238366,209572.59131176674,203290.6470887126,0.9855775237083435
2013-05-07,79.31831359863281,Hold,0,2677,56.129717092238366,211451.6722902791,205113.5732378335,0.9909809231758118
2013-05-08,80.7284164428711,Hold,0,2677,56.129717092238366,215209.81391379042,208759.4058102126,0.9925658702850342
2013-05-09,81.08094024658203,Hold,0,2677,56.129717092238366,216149.34423628988,209670.85902184172,0.9867892861366272
2013-05-10,80.7284164428711,Hold,0,2677,56.129717092238366,215209.81391379042,208759.4058102126,0.9687504768371582
2013-05-13,80.7284164428711,Hold,0,2677,56.129717092238366,215209.81391379042,208759.4058102126,0.9562400579452515
2013-05-14,81.43347930908203,Hold,0,2677,56.129717092238366,217088.91522581625,210582.35168519622,0.907873809337616
2013-05-15,81.08094024658203,Hold,0,2677,56.129717092238366,216149.34423628988,209670.85902184172,0.9024019241333008
2013-05-16,80.02338409423828,Hold,0,2677,56.129717092238366,213330.7939358184,206936.5388386798,0.7293502688407898
2013-05-17,80.02338409423828,Hold,0,2677,56.129717092238366,213330.7939358184,206936.5388386798,0.6225985884666443
2013-05-20,80.37589263916016,Hold,0,2677,56.129717092238366,214270.28359129096,207847.9525985835,0.9797624945640564
2013-05-21,79.31831359863281,Hold,0,2677,56.129717092238366,211451.6722902791,205113.5732378335,0.987798273563385
2013-05-22,78.9657974243164,Hold,0,2677,56.129717092238366,210512.16230129308,204202.13975206707,0.9948386549949646
2013-05-23,76.14558410644531,Hold,0,2677,56.129717092238366,202995.858720757,196910.45488144617,0.9950265288352966
2013-05-24,77.20317077636719,Hold,0,2677,56.129717092238366,205814.49035528232,199644.85396805886,0.9956616759300232
2013-05-27,78.9657974243164,Hold,0,2677,56.129717092238366,210512.16230129308,204202.13975206707,0.9957970380783081
2013-05-28,77.20317077636719,Hold,0,2677,56.129717092238366,205814.49035528232,199644.85396805886,0.9956965446472168
2013-05-29,78.2607421875,Hold,0,2677,56.129717092238366,208633.0813227807,202379.21360294617,0.995318591594696
2013-05-30,77.55569458007812,Hold,0,2677,56.129717092238366,206754.02067778178,200556.30717968798,0.9951163530349731
2013-05-31,77.20317077636719,Hold,0,2677,56.129717092238366,205814.49035528232,199644.85396805886,0.9927986860275269
2013-06-03,75.79305267333984,Hold,0,2677,56.129717092238366,202056.30806474408,195998.98194395436,0.9898089170455933
2013-06-04,76.85063934326172,Hold,0,2677,56.129717092238366,204874.9396992694,198733.38103056708,0.9832488298416138
2013-06-05,77.20317077636719,Hold,0,2677,56.129717092238366,205814.49035528232,199644.85396805886,0.9752380847930908
2013-06-06,75.79305267333984,Hold,0,2677,56.129717092238366,202056.30806474408,195998.98194395436,0.955711841583252
2013-06-07,76.49810791015625,Hold,0,2677,56.129717092238366,203935.38904325647,197821.90809307527,0.9599968791007996
2013-06-10,76.49810791015625,Hold,0,2677,56.129717092238366,203935.38904325647,197821.90809307527,0.9530763030052185
2013-06-11,76.14558410644531,Hold,0,2677,56.129717092238366,202995.858720757,196910.45488144617,0.9537808895111084
2013-06-13,73.67789459228516,Hold,0,2677,56.129717092238366,196419.0854627204,190530.22322245434,0.9557121992111206
2013-06-14,74.73548889160156,Hold,0,2677,56.129717092238366,199237.73743075915,193264.64203492974,0.9475124478340149
2013-06-17,74.73548889160156,Hold,0,2677,56.129717092238366,199237.73743075915,193264.64203492974,0.9279466271400452
2013-06-18,75.08799743652344,Hold,0,2677,56.129717092238366,200177.22708623172,194176.05579483346,0.945898175239563
2013-06-19,74.38294982910156,Hold,0,2677,56.129717092238366,198298.16644123278,192353.14937157524,0.9723786115646362
2013-06-20,73.32537078857422,Hold,0,2677,56.129717092238366,195479.55514022094,189618.77001082525,0.9819444417953491
2013-06-21,72.97286224365234,Hold,0,2677,56.129717092238366,194540.06548474837,188707.35625092153,0.9816380739212036
2013-06-24,71.21021270751953,Hold,0,2677,56.129717092238366,189842.33253819722,184150.01128932522,0.9743655323982239
2013-06-25,71.21021270751953,Hold,0,2677,56.129717092238366,189842.33253819722,184150.01128932522,0.94964998960495
2013-06-26,71.562744140625,Hold,0,2677,56.129717092238366,190781.88319421015,185061.48422681703,0.6438189148902893
2013-06-27,73.67789459228516,Sell,1338,1339,98200.93165495196,196419.0854627204,190530.22322245434,0.527556300163269
2013-06-28,78.2607421875,Sell,1339,0,202528.36467699785,202528.36467699785,202379.21360294617,0.8781301379203796
2013-07-01,76.14558410644531,Hold,0,0,202528.36467699785,202528.36467699785,196910.45488144617,0.9786900877952576
2013-07-02,77.55569458007812,Hold,0,0,202528.36467699785,202528.36467699785,200556.30717968798,0.9775225520133972
2013-07-03,77.55535125732422,Hold,0,0,202528.36467699785,202528.36467699785,200555.41951586676,0.9917595982551575
2013-07-04,77.55535125732422,Hold,0,0,202528.36467699785,202528.36467699785,200555.41951586676,0.9926915764808655
2013-07-05,79.00499725341797,Hold,0,0,202528.36467699785,202528.36467699785,204303.49123458777,0.992009162902832
2013-07-08,76.10572814941406,Hold,0,0,202528.36467699785,202528.36467699785,196807.40697473384,0.9611479640007019
2013-07-09,76.8305435180664,Hold,0,0,202528.36467699785,202528.36467699785,198681.42310823163,0.7348473072052002
2013-07-10,76.8305435180664,Hold,0,0,202528.36467699785,202528.36467699785,198681.42310823163,0.5191479325294495
2013-07-11,79.36740112304688,Hold,0,0,202528.36467699785,202528.36467699785,205240.48943840532,0.587762713432312
2013-07-12,79.72981262207031,Hold,0,0,202528.36467699785,202528.36467699785,206177.5073680856,0.5173464417457581
2013-07-15,79.36740112304688,Hold,0,0,202528.36467699785,202528.36467699785,205240.48943840532,0.6977142095565796
2013-07-16,78.28019714355469,Hold,0,0,202528.36467699785,202528.36467699785,202429.51455281535,0.5137951374053955
2013-07-17,79.00499725341797,Hold,0,0,202528.36467699785,202528.36467699785,204303.49123458777,0.6274017691612244
2013-07-18,76.4681396484375,Hold,0,0,202528.36467699785,202528.36467699785,197744.42490441407,0.7159555554389954
2013-07-19,71.17699432373047,Hold,0,0,202528.36467699785,202528.36467699785,184064.12488315647,0.7222629189491272
2013-07-22,70.30718231201172,Hold,0,0,202528.36467699785,202528.36467699785,181815.21872916326,0.8748010396957397
2013-07-23,72.48165893554688,Hold,0,0,202528.36467699785,202528.36467699785,187437.34603310746,0.8878340721130371
2013-07-24,73.9312744140625,Hold,0,0,202528.36467699785,202528.36467699785,191185.3388483777,0.8643086552619934
2013-07-25,74.2936782836914,Hold,0,0,202528.36467699785,202528.36467699785,192122.33705219525,0.8215015530586243
2013-07-26,74.2936782836914,Hold,0,0,202528.36467699785,202528.36467699785,192122.33705219525,0.8580163717269897
2013-07-29,72.48165893554688,Hold,0,0,202528.36467699785,202528.36467699785,187437.34603310746,0.7713579535484314
2013-07-30,73.9312744140625,Hold,0,0,202528.36467699785,202528.36467699785,191185.3388483777,0.6308413743972778
2013-07-31,74.2936782836914,Hold,0,0,202528.36467699785,202528.36467699785,192122.33705219525,0.5598971843719482
2013-08-01,72.84405517578125,Hold,0,0,202528.36467699785,202528.36467699785,188374.32451106232,0.7920432090759277
2013-08-02,72.84405517578125,Hold,0,0,202528.36467699785,202528.36467699785,188374.32451106232,0.8845925331115723
2013-08-05,72.84405517578125,Hold,0,0,202528.36467699785,202528.36467699785,188374.32451106232,0.9747896790504456
2013-08-06,71.61186981201172,Hold,0,0,202528.36467699785,202528.36467699785,185188.49905670233,0.9835723042488098
2013-08-07,70.30718231201172,Hold,0,0,202528.36467699785,202528.36467699785,181815.21872916326,0.9875339269638062
2013-08-08,69.87229919433594,Hold,0,0,202528.36467699785,202528.36467699785,180690.82482975474,0.9854093194007874
2013-08-09,69.87229919433594,Hold,0,0,202528.36467699785,202528.36467699785,180690.82482975474,0.9858253598213196
2013-08-12,69.58238220214844,Hold,0,0,202528.36467699785,202528.36467699785,179941.24204739084,0.9839414954185486
2013-08-13,70.45216369628906,Hold,0,0,202528.36467699785,202528.36467699785,182190.06929793328,0.9797164797782898
2013-08-14,70.16221618652344,Hold,0,0,202528.36467699785,202528.36467699785,181440.4076121186,0.917405366897583
2013-08-15,69.58238220214844,Hold,0,0,202528.36467699785,202528.36467699785,179941.24204739084,0.8652383089065552
2013-08-16,69.94479370117188,Hold,0,0,202528.36467699785,202528.36467699785,180878.25997707108,0.834892988204956
2013-08-19,69.21996307373047,Hold,0,0,202528.36467699785,202528.36467699785,179004.2043918479,0.8605895638465881
2013-08-20,68.42266082763672,Hold,0,0,202528.36467699785,202528.36467699785,176942.77283689642,0.9461992383003235
2013-08-22,68.49517059326172,Hold,0,0,202528.36467699785,202528.36467699785,177130.24743593816,0.928999662399292
2013-08-23,70.30718231201172,Hold,0,0,202528.36467699785,202528.36467699785,181815.21872916326,0.931441605091095
2013-08-26,70.16221618652344,Hold,0,0,202528.36467699785,202528.36467699785,181440.4076121186,0.8961953520774841
2013-08-27,69.29244995117188,Hold,0,0,202528.36467699785,202528.36467699785,179191.61981330157,0.8071585297584534
2013-08-28,70.16221618652344,Hold,0,0,202528.36467699785,202528.36467699785,181440.4076121186,0.685646653175354
2013-08-29,71.53936767578125,Buy,1413,1413,101299.19184581957,201937.01668682147,185001.04418352328,0.5404072403907776
2013-08-30,72.84405517578125,Buy,1249,2662,10187.317260765558,203240.1365173604,188374.32451106232,0.8901166319847107
2013-09-02,73.9312744140625,Buy,123,2785,1080.8122037129451,206068.310145226,191185.3388483777,0.9722189903259277
2013-09-03,73.9312744140625,Buy,13,2798,118.33605947161209,206062.68767180684,191185.3388483777,0.9843477010726929
2013-09-04,72.84405517578125,Buy,1,2799,45.388201517205346,203033.68312984513,188374.32451106232,0.9925035238265991
2013-09-05,73.5688705444336,Hold,0,2799,45.388201517205346,205053.46409159346,190248.34064456014,0.9963908791542053
2013-09-06,73.9312744140625,Hold,0,2799,45.388201517205346,206063.3439423772,191185.3388483777,0.9978919625282288
2013-09-09,74.65609741210938,Hold,0,2799,45.388201517205346,208083.14616430635,193059.3747077382,0.9982847571372986
2013-09-10,75.74332427978516,Hold,0,2799,45.388201517205346,211112.82823701925,195870.40877091626,0.9991828799247742
2013-09-11,75.74332427978516,Hold,0,2799,45.388201517205346,211112.82823701925,195870.40877091626,0.9997678399085999
2013-09-12,75.01850128173828,Hold,0,2799,45.388201517205346,209093.0260150901,193996.37291155575,0.9999512434005737
2013-09-13,74.2936782836914,Hold,0,2799,45.388201517205346,207073.2237931609,192122.33705219525,0.9999392032623291
2013-09-16,76.4681396484375,Hold,0,2799,45.388201517205346,213132.60919876758,197744.42490441407,0.9998328685760498
2013-09-17,76.4681396484375,Hold,0,2799,45.388201517205346,213132.60919876758,197744.42490441407,0.9997588992118835
2013-09-18,74.65609741210938,Hold,0,2799,45.388201517205346,208083.14616430635,193059.3747077382,0.999649167060852
2013-09-23,76.4681396484375,Hold,0,2799,45.388201517205346,213132.60919876758,197744.42490441407,0.9992176294326782
2013-09-24,76.10572814941406,Hold,0,2799,45.388201517205346,212122.70808780298,196807.40697473384,0.9991720914840698
2013-09-25,74.65609741210938,Hold,0,2799,45.388201517205346,208083.14616430635,193059.3747077382,0.9993118047714233
2013-09-26,73.5688705444336,Hold,0,2799,45.388201517205346,205053.46409159346,190248.34064456014,0.8503812551498413
2013-09-27,74.65609741210938,Hold,0,2799,45.388201517205346,208083.14616430635,193059.3747077382,0.9914122819900513
2013-09-30,72.84405517578125,Hold,0,2799,45.388201517205346,203033.68312984513,188374.32451106232,0.9953274726867676
2013-10-01,73.5688705444336,Hold,0,2799,45.388201517205346,205053.46409159346,190248.34064456014,0.9960994720458984
2013-10-02,74.65609741210938,Hold,0,2799,45.388201517205346,208083.14616430635,193059.3747077382,0.9933446645736694
2013-10-03,76.10572814941406,Hold,0,2799,45.388201517205346,212122.70808780298,196807.40697473384,0.9926692247390747
2013-10-04,75.38092041015625,Hold,0,2799,45.388201517205346,210102.9483862355,194933.4105670987,0.9856284856796265
2013-10-07,74.65609741210938,Hold,0,2799,45.388201517205346,208083.14616430635,193059.3747077382,0.9931193590164185
2013-10-08,76.10572814941406,Hold,0,2799,45.388201517205346,212122.70808780298,196807.40697473384,0.9818668365478516
2013-10-09,76.10572814941406,Hold,0,2799,45.388201517205346,212122.70808780298,196807.40697473384,0.9545944929122925
2013-10-11,77.19294738769531,Hold,0,2799,45.388201517205346,215152.36890033502,199618.4213120492,0.9780835509300232
2013-10-14,76.10572814941406,Hold,0,2799,45.388201517205346,212122.70808780298,196807.40697473384,0.98592209815979
2013-10-15,77.55535125732422,Hold,0,2799,45.388201517205346,216162.24875111875,200555.41951586676,0.9932241439819336
2013-10-16,76.8305435180664,Hold,0,2799,45.388201517205346,214142.48904955128,198681.42310823163,0.9952331185340881
2013-10-17,77.55535125732422,Hold,0,2799,45.388201517205346,216162.24875111875,200555.41951586676,0.9950610995292664
2013-10-18,79.72981262207031,Hold,0,2799,45.388201517205346,222221.6341567254,206177.5073680856,0.9952523708343506
2013-10-21,79.72981262207031,Hold,0,2799,45.388201517205346,222221.6341567254,206177.5073680856,0.9948422312736511
2013-10-22,80.81702423095703,Hold,0,2799,45.388201517205346,225251.2737090766,208988.50197953824,0.995216965675354
2013-10-23,80.45462799072266,Hold,0,2799,45.388201517205346,224241.41511847373,208051.52350158338,0.9942175149917603
2013-10-24,79.72981262207031,Hold,0,2799,45.388201517205346,222221.6341567254,206177.5073680856,0.9928891658782959
2013-10-25,77.55535125732422,Hold,0,2799,45.388201517205346,216162.24875111875,200555.41951586676,0.991804838180542
2013-10-28,79.36740112304688,Hold,0,2799,45.388201517205346,221211.7330457608,205240.48943840532,0.9906159043312073
2013-10-29,79.36740112304688,Hold,0,2799,45.388201517205346,221211.7330457608,205240.48943840532,0.9875710010528564
2013-10-30,79.72981262207031,Hold,0,2799,45.388201517205346,222221.6341567254,206177.5073680856,0.9847437739372253
2013-10-31,79.36740112304688,Hold,0,2799,45.388201517205346,221211.7330457608,205240.48943840532,0.9858580231666565
2013-11-01,79.36740112304688,Hold,0,2799,45.388201517205346,221211.7330457608,205240.48943840532,0.989162802696228
2013-11-04,79.00499725341797,Hold,0,2799,45.388201517205346,220201.8531949771,204303.49123458777,0.9884676337242126
2013-11-05,77.19294738769531,Hold,0,2799,45.388201517205346,215152.36890033502,199618.4213120492,0.9899588227272034
2013-11-06,77.55535125732422,Hold,0,2799,45.388201517205346,216162.24875111875,200555.41951586676,0.9892165660858154
2013-11-07,77.55535125732422,Hold,0,2799,45.388201517205346,216162.24875111875,200555.41951586676,0.9884832501411438
2013-11-08,76.8305435180664,Hold,0,2799,45.388201517205346,214142.48904955128,198681.42310823163,0.9886741042137146
2013-11-11,75.74332427978516,Hold,0,2799,45.388201517205346,211112.82823701925,195870.40877091626,0.9867781400680542
2013-11-12,76.10572814941406,Hold,0,2799,45.388201517205346,212122.70808780298,196807.40697473384,0.9860126376152039
2013-11-13,74.65609741210938,Hold,0,2799,45.388201517205346,208083.14616430635,193059.3747077382,0.987722635269165
2013-11-14,75.01850128173828,Hold,0,2799,45.388201517205346,209093.0260150901,193996.37291155575,0.9879377484321594
2013-11-15,75.38092041015625,Hold,0,2799,45.388201517205346,210102.9483862355,194933.4105670987,0.9853003621101379
2013-11-18,75.38092041015625,Hold,0,2799,45.388201517205346,210102.9483862355,194933.4105670987,0.9784312844276428
2013-11-19,76.10572814941406,Hold,0,2799,45.388201517205346,212122.70808780298,196807.40697473384,0.9590557217597961
2013-11-20,74.65609741210938,Hold,0,2799,45.388201517205346,208083.14616430635,193059.3747077382,0.944921612739563
2013-11-21,73.20645141601562,Hold,0,2799,45.388201517205346,204043.541720448,189311.3029890172,0.9402803778648376
2013-11-22,72.48165893554688,Hold,0,2799,45.388201517205346,202023.82453924225,187437.34603310746,0.8741502165794373
2013-11-25,73.20645141601562,Hold,0,2799,45.388201517205346,204043.541720448,189311.3029890172,0.6939837336540222
2013-11-26,75.01850128173828,Hold,0,2799,45.388201517205346,209093.0260150901,193996.37291155575,0.9100058078765869
2013-11-27,76.10572814941406,Hold,0,2799,45.388201517205346,212122.70808780298,196807.40697473384,0.9857842326164246
2013-11-28,76.10572814941406,Hold,0,2799,45.388201517205346,212122.70808780298,196807.40697473384,0.9969220757484436
2013-11-29,76.10572814941406,Hold,0,2799,45.388201517205346,212122.70808780298,196807.40697473384,0.9984232187271118
2013-12-02,75.74332427978516,Hold,0,2799,45.388201517205346,211112.82823701925,195870.40877091626,0.9988351464271545
2013-12-03,75.38092041015625,Hold,0,2799,45.388201517205346,210102.9483862355,194933.4105670987,0.98600834608078
2013-12-04,76.10572814941406,Hold,0,2799,45.388201517205346,212122.70808780298,196807.40697473384,0.9415269494056702
2013-12-05,75.38092041015625,Hold,0,2799,45.388201517205346,210102.9483862355,194933.4105670987,0.8041970133781433
2013-12-06,74.65609741210938,Hold,0,2799,45.388201517205346,208083.14616430635,193059.3747077382,0.9689458608627319
2013-12-09,76.10572814941406,Hold,0,2799,45.388201517205346,212122.70808780298,196807.40697473384,0.9933239817619324
2013-12-10,75.38092041015625,Hold,0,2799,45.388201517205346,210102.9483862355,194933.4105670987,0.9930927753448486
2013-12-11,76.10572814941406,Hold,0,2799,45.388201517205346,212122.70808780298,196807.40697473384,0.9961031675338745
2013-12-12,74.65609741210938,Hold,0,2799,45.388201517205346,208083.14616430635,193059.3747077382,0.996442973613739
2013-12-13,74.2936782836914,Hold,0,2799,45.388201517205346,207073.2237931609,192122.33705219525,0.997506320476532
2013-12-16,73.9312744140625,Hold,0,2799,45.388201517205346,206063.3439423772,191185.3388483777,0.9943895936012268
2013-12-17,75.01850128173828,Hold,0,2799,45.388201517205346,209093.0260150901,193996.37291155575,0.9899410605430603
2013-12-18,73.20645141601562,Hold,0,2799,45.388201517205346,204043.541720448,189311.3029890172,0.9837629795074463
2013-12-19,74.2936782836914,Hold,0,2799,45.388201517205346,207073.2237931609,192122.33705219525,0.9776114225387573
2013-12-20,73.9312744140625,Hold,0,2799,45.388201517205346,206063.3439423772,191185.3388483777,0.8995420932769775
2013-12-23,75.38092041015625,Hold,0,2799,45.388201517205346,210102.9483862355,194933.4105670987,0.8922808766365051
2013-12-24,74.65609741210938,Hold,0,2799,45.388201517205346,208083.14616430635,193059.3747077382,0.9490987062454224
2013-12-25,74.65609741210938,Hold,0,2799,45.388201517205346,208083.14616430635,193059.3747077382,0.9785075187683105
2013-12-26,75.38092041015625,Hold,0,2799,45.388201517205346,210102.9483862355,194933.4105670987,0.9799466729164124
2013-12-27,75.74332427978516,Hold,0,2799,45.388201517205346,211112.82823701925,195870.40877091626,0.9792383313179016
2013-12-30,76.8305435180664,Hold,0,2799,45.388201517205346,214142.48904955128,198681.42310823163,0.9819974303245544
2013-12-31,76.4681396484375,Hold,0,2799,45.388201517205346,213132.60919876758,197744.42490441407,0.9827103018760681
2014-01-02,75.74332427978516,Hold,0,2799,45.388201517205346,211112.82823701925,195870.40877091626,0.9865871071815491
2014-01-03,74.2936782836914,Hold,0,2799,45.388201517205346,207073.2237931609,192122.33705219525,0.9821859002113342
2014-01-06,74.2936782836914,Hold,0,2799,45.388201517205346,207073.2237931609,192122.33705219525,0.968656063079834
2014-01-07,73.9312744140625,Hold,0,2799,45.388201517205346,206063.3439423772,191185.3388483777,0.9602044224739075
2014-01-08,75.38092041015625,Hold,0,2799,45.388201517205346,210102.9483862355,194933.4105670987,0.9437023401260376
2014-01-09,73.20645141601562,Hold,0,2799,45.388201517205346,204043.541720448,189311.3029890172,0.8539721965789795
2014-01-10,73.9312744140625,Hold,0,2799,45.388201517205346,206063.3439423772,191185.3388483777,0.7366790771484375
2014-01-13,74.65609741210938,Hold,0,2799,45.388201517205346,208083.14616430635,193059.3747077382,0.547490656375885
2014-01-14,75.01850128173828,Hold,0,2799,45.388201517205346,209093.0260150901,193996.37291155575,0.6970760822296143
2014-01-15,76.10572814941406,Hold,0,2799,45.388201517205346,212122.70808780298,196807.40697473384,0.8818701505661011
2014-01-16,77.55535125732422,Hold,0,2799,45.388201517205346,216162.24875111875,200555.41951586676,0.875152051448822
2014-01-17,77.91777038574219,Hold,0,2799,45.388201517205346,217172.1711222642,201492.4571714097,0.9696616530418396
2014-01-20,77.91777038574219,Hold,0,2799,45.388201517205346,217172.1711222642,201492.4571714097,0.992516815662384
2014-01-21,77.19294738769531,Hold,0,2799,45.388201517205346,215152.36890033502,199618.4213120492,0.9982941746711731
2014-01-22,77.91777038574219,Hold,0,2799,45.388201517205346,217172.1711222642,201492.4571714097,0.9980111122131348
2014-01-23,77.91777038574219,Hold,0,2799,45.388201517205346,217172.1711222642,201492.4571714097,0.999158501625061
2014-01-24,78.28019714355469,Hold,0,2799,45.388201517205346,218182.1147535905,202429.51455281535,0.9991693496704102
2014-01-27,76.10572814941406,Hold,0,2799,45.388201517205346,212122.70808780298,196807.40697473384,0.9999635219573975
2014-02-05,72.84405517578125,Hold,0,2799,45.388201517205346,203033.68312984513,188374.32451106232,0.9999675750732422
2014-02-06,73.9312744140625,Hold,0,2799,45.388201517205346,206063.3439423772,191185.3388483777,0.9999887943267822
2014-02-07,75.38092041015625,Hold,0,2799,45.388201517205346,210102.9483862355,194933.4105670987,0.9999797344207764
2014-02-10,74.65609741210938,Hold,0,2799,45.388201517205346,208083.14616430635,193059.3747077382,0.998611330986023
2014-02-11,75.74332427978516,Hold,0,2799,45.388201517205346,211112.82823701925,195870.40877091626,0.9864142537117004
2014-02-12,76.10572814941406,Hold,0,2799,45.388201517205346,212122.70808780298,196807.40697473384,0.710845410823822
2014-02-13,76.10572814941406,Hold,0,2799,45.388201517205346,212122.70808780298,196807.40697473384,0.640771746635437
2014-02-14,77.91777038574219,Hold,0,2799,45.388201517205346,217172.1711222642,201492.4571714097,0.8062612414360046
2014-02-17,78.64257049560547,Hold,0,2799,45.388201517205346,219191.90956365078,203366.43385318213,0.8400802612304688
2014-02-18,78.28019714355469,Hold,0,2799,45.388201517205346,218182.1147535905,202429.51455281535,0.9609684944152832
2014-02-19,78.28019714355469,Hold,0,2799,45.388201517205346,218182.1147535905,202429.51455281535,0.992049515247345
2014-02-20,77.19294738769531,Hold,0,2799,45.388201517205346,215152.36890033502,199618.4213120492,0.995050847530365
2014-02-21,77.91777038574219,Hold,0,2799,45.388201517205346,217172.1711222642,201492.4571714097,0.9882509112358093
2014-02-24,77.55535125732422,Hold,0,2799,45.388201517205346,216162.24875111875,200555.41951586676,0.9453065991401672
2014-02-25,78.28019714355469,Hold,0,2799,45.388201517205346,218182.1147535905,202429.51455281535,0.966757595539093
2014-02-26,77.91777038574219,Hold,0,2799,45.388201517205346,217172.1711222642,201492.4571714097,0.9625178575515747
2014-02-27,78.28019714355469,Hold,0,2799,45.388201517205346,218182.1147535905,202429.51455281535,0.9598177075386047
2014-03-03,78.28019714355469,Hold,0,2799,45.388201517205346,218182.1147535905,202429.51455281535,0.9853774905204773
2014-03-04,77.91777038574219,Hold,0,2799,45.388201517205346,217172.1711222642,201492.4571714097,0.9716323018074036
2014-03-05,79.72981262207031,Hold,0,2799,45.388201517205346,222221.6341567254,206177.5073680856,0.9748451709747314
2014-03-06,81.90426635742188,Hold,0,2799,45.388201517205346,228280.9983021512,211799.5754944417,0.9793750643730164
2014-03-07,82.99148559570312,Hold,0,2799,45.388201517205346,231310.65911468325,214610.58983175707,0.9824954271316528
2014-03-10,81.90426635742188,Hold,0,2799,45.388201517205346,228280.9983021512,211799.5754944417,0.9743975400924683
2014-03-11,82.62906646728516,Hold,0,2799,45.388201517205346,230300.7367435378,213673.5521762141,0.9887229204177856
2014-03-12,81.90426635742188,Hold,0,2799,45.388201517205346,228280.9983021512,211799.5754944417,0.9916724562644958
2014-03-13,84.44109344482422,Hold,0,2799,45.388201517205346,235350.1572576373,218358.56292116462,0.9943464398384094
2014-03-14,83.35388946533203,Hold,0,2799,45.388201517205346,232320.53896546699,215547.58803557462,0.9937785267829895
2014-03-17,82.62906646728516,Hold,0,2799,45.388201517205346,230300.7367435378,213673.5521762141,0.9941861629486084
2014-03-18,82.99148559570312,Hold,0,2799,45.388201517205346,231310.65911468325,214610.58983175707,0.9946986436843872
2014-03-19,82.99148559570312,Hold,0,2799,45.388201517205346,231310.65911468325,214610.58983175707,0.9947636127471924
2014-03-20,81.17945098876953,Hold,0,2799,45.388201517205346,226261.2173404029,209925.55936094388,0.9949799180030823
2014-03-21,81.54183197021484,Hold,0,2799,45.388201517205346,227271.03341064404,210862.49838717337,0.9934821724891663
2014-03-24,81.54183197021484,Hold,0,2799,45.388201517205346,227271.03341064404,210862.49838717337,0.9928909540176392
2014-03-25,82.26669311523438,Hold,0,2799,45.388201517205346,229290.9419334775,212736.63287584734,0.9901869297027588
2014-03-26,83.71631622314453,Hold,0,2799,45.388201517205346,233330.48259679327,216484.64541698026,0.9885691404342651
2014-03-27,84.07869720458984,Hold,0,2799,45.388201517205346,234340.29866703443,217421.58444320975,0.9871665835380554
2014-03-28,85.16592407226562,Hold,0,2799,45.388201517205346,237369.98073974732,220232.6185063878,0.9803874492645264
2014-03-31,85.89076232910156,Hold,0,2799,45.388201517205346,239389.8254820382,222106.6938174737,0.9758961200714111
2014-04-01,86.6155776977539,Hold,0,2799,45.388201517205346,241409.60644378653,223980.7099509715,0.960774838924408
2014-04-02,86.97798156738281,Hold,0,2799,45.388201517205346,242419.48629457026,224917.70815478906,0.9504557847976685
2014-04-03,85.89076232910156,Hold,0,2799,45.388201517205346,239389.8254820382,222106.6938174737,0.9540572166442871
2014-04-07,85.16592407226562,Hold,0,2799,45.388201517205346,237369.98073974732,220232.6185063878,0.9635396599769592
2014-04-08,86.2531509399414,Hold,0,2799,45.388201517205346,240399.6628124602,223043.65256956586,0.9624494910240173
2014-04-09,86.2531509399414,Hold,0,2799,45.388201517205346,240399.6628124602,223043.65256956586,0.9635098576545715
2014-04-10,86.6155776977539,Hold,0,2799,45.388201517205346,241409.60644378653,223980.7099509715,0.9710642099380493
2014-04-11,86.97798156738281,Hold,0,2799,45.388201517205346,242419.48629457026,224917.70815478906,0.9789258241653442
2014-04-14,87.34037017822266,Hold,0,2799,45.388201517205346,243429.32362499228,225854.66690688123,0.9832704663276672
2014-04-15,88.79000854492188,Hold,0,2799,45.388201517205346,247468.90680866977,229602.71889973956,0.9814289808273315
2014-04-16,87.7027816772461,Hold,0,2799,45.388201517205346,244439.22473595684,226791.68483656147,0.9851733446121216
2014-04-17,86.97798156738281,Hold,0,2799,45.388201517205346,242419.48629457026,224917.70815478906,0.9862322211265564
2014-04-18,89.15242004394531,Hold,0,2799,45.388201517205346,248478.80791963433,230539.7368294198,0.9861802458763123
2014-04-21,88.0652084350586,Hold,0,2799,45.388201517205346,245449.16836728316,227728.7422179671,0.9870330095291138
2014-04-22,88.0652084350586,Hold,0,2799,45.388201517205346,245449.16836728316,227728.7422179671,0.9865794777870178
2014-04-23,87.7027816772461,Hold,0,2799,45.388201517205346,244439.22473595684,226791.68483656147,0.9850623607635498
2014-04-24,87.7027816772461,Hold,0,2799,45.388201517205346,244439.22473595684,226791.68483656147,0.9837738275527954
2014-04-25,85.89076232910156,Hold,0,2799,45.388201517205346,239389.8254820382,222106.6938174737,0.9787978529930115
2014-04-28,86.2531509399414,Hold,0,2799,45.388201517205346,240399.6628124602,223043.65256956586,0.9812430739402771
2014-04-29,87.34037017822266,Hold,0,2799,45.388201517205346,243429.32362499228,225854.66690688123,0.9773781299591064
2014-04-30,85.89076232910156,Hold,0,2799,45.388201517205346,239389.8254820382,222106.6938174737,0.9626870155334473
2014-05-02,85.52835083007812,Hold,0,2799,45.388201517205346,238379.92437107363,221169.67588779345,0.9175706505775452
2014-05-05,84.80350494384766,Hold,0,2799,45.388201517205346,236360.0583686019,219295.58085084485,0.8230839967727661
2014-05-06,85.52835083007812,Hold,0,2799,45.388201517205346,238379.92437107363,221169.67588779345,0.7539713382720947
2014-05-07,85.89076232910156,Hold,0,2799,45.388201517205346,239389.8254820382,222106.6938174737,0.7405426502227783
2014-05-08,86.6155776977539,Hold,0,2799,45.388201517205346,241409.60644378653,223980.7099509715,0.5226301550865173
2014-05-09,86.97798156738281,Hold,0,2799,45.388201517205346,242419.48629457026,224917.70815478906,0.7207905650138855
2014-05-12,85.89076232910156,Hold,0,2799,45.388201517205346,239389.8254820382,222106.6938174737,0.8127433657646179
2014-05-13,87.34037017822266,Hold,0,2799,45.388201517205346,243429.32362499228,225854.66690688123,0.9851675629615784
2014-05-14,88.4276123046875,Hold,0,2799,45.388201517205346,246459.0482180669,228665.7404217847,0.9797282814979553
2014-05-15,88.4276123046875,Hold,0,2799,45.388201517205346,246459.0482180669,228665.7404217847,0.992587149143219
2014-05-16,88.4276123046875,Hold,0,2799,45.388201517205346,246459.0482180669,228665.7404217847,0.9734628796577454
2014-05-19,87.7027816772461,Hold,0,2799,45.388201517205346,244439.22473595684,226791.68483656147,0.9851340055465698
2014-05-20,87.7027816772461,Hold,0,2799,45.388201517205346,244439.22473595684,226791.68483656147,0.9248598217964172
2014-05-21,87.34037017822266,Hold,0,2799,45.388201517205346,243429.32362499228,225854.66690688123,0.6954925060272217
2014-05-22,88.4276123046875,Hold,0,2799,45.388201517205346,246459.0482180669,228665.7404217847,0.8244761824607849
2014-05-23,88.4276123046875,Hold,0,2799,45.388201517205346,246459.0482180669,228665.7404217847,0.9792436957359314
2014-05-26,89.15242004394531,Hold,0,2799,45.388201517205346,248478.80791963433,230539.7368294198,0.9945333003997803
2014-05-27,89.51484680175781,Hold,0,2799,45.388201517205346,249488.75155096065,231476.79421082544,0.994468092918396
2014-05-28,89.87725067138672,Hold,0,2799,45.388201517205346,250498.63140174435,232413.792414643,0.9947970509529114
2014-05-29,88.4276123046875,Hold,0,2799,45.388201517205346,246459.0482180669,228665.7404217847,0.9946957230567932
2014-05-30,86.6155776977539,Hold,0,2799,45.388201517205346,241409.60644378653,223980.7099509715,0.9952979683876038
2014-06-03,88.79000854492188,Hold,0,2799,45.388201517205346,247468.90680866977,229602.71889973956,0.9951958060264587
2014-06-04,89.51484680175781,Hold,0,2799,45.388201517205346,249488.75155096065,231476.79421082544,0.9946268200874329
2014-06-05,89.15242004394531,Hold,0,2799,45.388201517205346,248478.80791963433,230539.7368294198,0.9957564473152161
2014-06-06,88.79000854492188,Hold,0,2799,45.388201517205346,247468.90680866977,229602.71889973956,0.9984577894210815
2014-06-09,89.15242004394531,Hold,0,2799,45.388201517205346,248478.80791963433,230539.7368294198,0.9984941482543945
2014-06-10,90.23963928222656,Hold,0,2799,45.388201517205346,251508.4687321664,233350.75116673516,0.9982811212539673
2014-06-11,90.60205841064453,Hold,0,2799,45.388201517205346,252518.39110331182,234287.78882227812,0.9980596899986267
2014-06-12,89.51484680175781,Hold,0,2799,45.388201517205346,249488.75155096065,231476.79421082544,0.9972065091133118
2014-06-13,89.15242004394531,Hold,0,2799,45.388201517205346,248478.80791963433,230539.7368294198,0.9974586367607117
2014-06-16,89.87725067138672,Hold,0,2799,45.388201517205346,250498.63140174435,232413.792414643,0.9972819089889526
2014-06-17,90.60205841064453,Hold,0,2799,45.388201517205346,252518.39110331182,234287.78882227812,0.997158408164978
2014-06-18,90.9644546508789,Hold,0,2799,45.388201517205346,253528.2496939147,235224.76730023298,0.9969601631164551
2014-06-19,91.3268814086914,Hold,0,2799,45.388201517205346,254538.19332524098,236161.82468163862,0.9971535205841064
2014-06-20,90.23963928222656,Hold,0,2799,45.388201517205346,251508.4687321664,233350.75116673516,0.9970561265945435
2014-06-23,89.15242004394531,Hold,0,2799,45.388201517205346,248478.80791963433,230539.7368294198,0.9969768524169922
2014-06-24,89.15242004394531,Hold,0,2799,45.388201517205346,248478.80791963433,230539.7368294198,0.9968947172164917
2014-06-25,89.51484680175781,Hold,0,2799,45.388201517205346,249488.75155096065,231476.79421082544,0.9964798092842102
2014-06-26,90.23963928222656,Hold,0,2799,45.388201517205346,251508.4687321664,233350.75116673516,0.9967065453529358
2014-06-27,90.9644546508789,Hold,0,2799,45.388201517205346,253528.2496939147,235224.76730023298,0.9964457154273987
2014-06-30,91.68927764892578,Hold,0,2799,45.388201517205346,255548.05191584385,237098.8031595935,0.9959321618080139
2014-07-01,92.77649688720703,Hold,0,2799,45.388201517205346,258577.71272837592,239909.81749690886,0.9945815205574036
2014-07-02,96.0381851196289,Hold,0,2799,45.388201517205346,267666.7802066955,248342.93941230574,0.9907270669937134
2014-07-03,97.48780822753906,Hold,0,2799,45.388201517205346,271706.32087001123,252090.95195343866,0.9885845184326172
2014-07-04,97.8502197265625,Hold,0,2799,45.388201517205346,272716.2219809758,253027.9698831189,0.9892488718032837
2014-07-07,98.57504272460938,Hold,0,2799,45.388201517205346,274736.024202905,254902.0057424794,0.9851070046424866
2014-07-08,97.48780822753906,Hold,0,2799,45.388201517205346,271706.32087001123,252090.95195343866,0.9810795783996582
2014-07-09,97.12540435791016,Hold,0,2799,45.388201517205346,270696.44101922755,251153.9537496211,0.9790409803390503
2014-07-10,97.48780822753906,Hold,0,2799,45.388201517205346,271706.32087001123,252090.95195343866,0.9658445119857788
2014-07-11,98.93744659423828,Hold,0,2799,45.388201517205346,275745.90405368875,255839.003946297,0.9431614279747009
2014-07-14,98.19628143310547,Hold,0,2799,45.388201517205346,273680.5625243686,253922.71528904638,0.8999611139297485
2014-07-15,98.56683349609375,Hold,0,2799,45.388201517205346,274713.14824830525,254880.7807142209,0.7931937575340271
2014-07-16,96.71405029296875,Hold,0,2799,45.388201517205346,269550.1558480794,250090.3944107602,0.7600973844528198
2014-07-17,92.26744079589844,Hold,0,2799,45.388201517205346,257159.16968120125,238593.64876039134,0.6271203756332397
2014-07-18,91.52635192871094,Hold,0,2799,45.388201517205346,255094.04075368965,236677.55736176766,0.5785719752311707
2014-07-21,91.52635192871094,Hold,0,2799,45.388201517205346,255094.04075368965,236677.55736176766,0.7801443338394165
2014-07-22,92.26744079589844,Hold,0,2799,45.388201517205346,257159.16968120125,238593.64876039134,0.6904621124267578
2014-07-23,92.26744079589844,Hold,0,2799,45.388201517205346,257159.16968120125,238593.64876039134,0.7046874761581421
2014-07-24,92.63799285888672,Hold,0,2799,45.388201517205346,258191.75540513793,239551.71418556586,0.668451189994812
2014-07-25,91.15577697753906,Hold,0,2799,45.388201517205346,254061.39124921046,235719.43275900505,0.7674285769462585
2014-07-28,90.04413604736328,Hold,0,2799,45.388201517205346,250963.6765977622,232845.27593520688,0.8583329319953918
2014-07-29,91.89690399169922,Hold,0,2799,45.388201517205346,256126.62647762633,237635.6227869422,0.8493077754974365
2014-07-30,92.26744079589844,Hold,0,2799,45.388201517205346,257159.16968120125,238593.64876039134,0.7108514904975891
2014-07-31,89.67356872558594,Hold,0,2799,45.388201517205346,249931.04835346385,231887.17105830697,0.5744273066520691
2014-08-01,88.93248748779297,Hold,0,2799,45.388201517205346,247865.94068613308,229971.09938554603,0.5762304067611694
2014-08-04,91.52635192871094,Hold,0,2799,45.388201517205346,255094.04075368965,236677.55736176766,0.6274335980415344
2014-08-05,88.56193542480469,Hold,0,2799,45.388201517205346,246833.35496219643,229013.03396037148,0.6798593401908875
2014-08-06,89.30301666259766,Hold,0,2799,45.388201517205346,248898.46262952717,230929.10563313245,0.5974748730659485
2014-08-07,90.04413604736328,Hold,0,2799,45.388201517205346,250963.6765977622,232845.27593520688,0.6074246168136597
2014-08-08,89.30301666259766,Hold,0,2799,45.388201517205346,248898.46262952717,230929.10563313245,0.7365300059318542
2014-08-11,89.30301666259766,Hold,0,2799,45.388201517205346,248898.46262952717,230929.10563313245,0.8228232860565186
2014-08-12,90.04413604736328,Hold,0,2799,45.388201517205346,250963.6765977622,232845.27593520688,0.9086334705352783
2014-08-13,90.78523254394531,Hold,0,2799,45.388201517205346,253028.82678545464,234761.38705969322,0.927360475063324
2014-08-14,91.89690399169922,Hold,0,2799,45.388201517205346,256126.62647762633,237635.6227869422,0.9627042412757874
2014-08-15,91.89690399169922,Hold,0,2799,45.388201517205346,256126.62647762633,237635.6227869422,0.9954580068588257
2014-08-18,91.15577697753906,Hold,0,2799,45.388201517205346,254061.39124921046,235719.43275900505,0.9948240518569946
2014-08-19,91.89690399169922,Hold,0,2799,45.388201517205346,256126.62647762633,237635.6227869422,0.9979355335235596
2014-08-20,93.008544921875,Hold,0,2799,45.388201517205346,259224.34112907457,240509.77961074037,0.9987645149230957
2014-08-21,92.26744079589844,Hold,0,2799,45.388201517205346,257159.16968120125,238593.64876039134,0.9987382292747498
2014-08-22,93.008544921875,Hold,0,2799,45.388201517205346,259224.34112907457,240509.77961074037,0.9991883635520935
2014-08-25,92.63799285888672,Hold,0,2799,45.388201517205346,258191.75540513793,239551.71418556586,0.9993497729301453
2014-08-26,92.26744079589844,Hold,0,2799,45.388201517205346,257159.16968120125,238593.64876039134,0.9991723299026489
2014-08-27,93.008544921875,Hold,0,2799,45.388201517205346,259224.34112907457,240509.77961074037,0.9991657733917236
2014-08-28,92.63799285888672,Hold,0,2799,45.388201517205346,258191.75540513793,239551.71418556586,0.9989365935325623
2014-08-29,91.89690399169922,Hold,0,2799,45.388201517205346,256126.62647762633,237635.6227869422,0.9987244009971619
2014-09-01,95.23184204101562,Hold,0,2799,45.388201517205346,265419.8129523328,246258.1327100621,0.9987831711769104
2014-09-02,93.37911224365234,Hold,0,2799,45.388201517205346,260256.96937337294,241467.8844876403,0.9990819692611694
2014-09-03,94.86129760742188,Hold,0,2799,45.388201517205346,264387.248488577,245300.08701075029,0.9990910291671753
2014-09-04,94.49075317382812,Hold,0,2799,45.388201517205346,263354.6840248212,244342.04131143846,0.999103844165802
2014-09-05,94.12020874023438,Hold,0,2799,45.388201517205346,262322.1195610654,243383.99561212663,0.9988393187522888
2014-09-09,94.12020874023438,Hold,0,2799,45.388201517205346,262322.1195610654,243383.99561212663,0.9985451698303223
2014-09-10,92.63799285888672,Hold,0,2799,45.388201517205346,258191.75540513793,239551.71418556586,0.9981770515441895
2014-09-11,92.63799285888672,Hold,0,2799,45.388201517205346,258191.75540513793,239551.71418556586,0.9982738494873047
2014-09-12,91.15577697753906,Hold,0,2799,45.388201517205346,254061.39124921046,235719.43275900505,0.9977411031723022
2014-09-15,91.52635192871094,Hold,0,2799,45.388201517205346,255094.04075368965,236677.55736176766,0.9954173564910889
2014-09-16,90.78523254394531,Hold,0,2799,45.388201517205346,253028.82678545464,234761.38705969322,0.9934496283531189
2014-09-17,92.26744079589844,Hold,0,2799,45.388201517205346,257159.16968120125,238593.64876039134,0.987803041934967
2014-09-18,92.63799285888672,Hold,0,2799,45.388201517205346,258191.75540513793,239551.71418556586,0.952539324760437
2014-09-19,92.63799285888672,Hold,0,2799,45.388201517205346,258191.75540513793,239551.71418556586,0.8842599391937256
2014-09-22,90.41468811035156,Hold,0,2799,45.388201517205346,251996.26232169886,233803.3413603814,0.5110023617744446
2014-09-23,90.78523254394531,Hold,0,2799,45.388201517205346,253028.82678545464,234761.38705969322,0.6766909956932068
2014-09-24,91.15577697753906,Hold,0,2799,45.388201517205346,254061.39124921046,235719.43275900505,0.8860915303230286
2014-09-25,90.41468811035156,Hold,0,2799,45.388201517205346,251996.26232169886,233803.3413603814,0.9704848527908325
2014-09-26,89.67356872558594,Hold,0,2799,45.388201517205346,249931.04835346385,231887.17105830697,0.9747841358184814
2014-09-29,89.30301666259766,Hold,0,2799,45.388201517205346,248898.46262952717,230929.10563313245,0.9892165660858154
2014-09-30,88.93248748779297,Hold,0,2799,45.388201517205346,247865.94068613308,229971.09938554603,0.9892571568489075
2014-10-01,90.04413604736328,Hold,0,2799,45.388201517205346,250963.6765977622,232845.27593520688,0.9914183616638184
2014-10-02,89.67356872558594,Hold,0,2799,45.388201517205346,249931.04835346385,231887.17105830697,0.9916808009147644
2014-10-03,92.26744079589844,Hold,0,2799,45.388201517205346,257159.16968120125,238593.64876039134,0.9923338890075684
2014-10-06,93.37911224365234,Hold,0,2799,45.388201517205346,260256.96937337294,241467.8844876403,0.9914246797561646
2014-10-07,92.63799285888672,Hold,0,2799,45.388201517205346,258191.75540513793,239551.71418556586,0.9913074374198914
2014-10-08,90.78523254394531,Hold,0,2799,45.388201517205346,253028.82678545464,234761.38705969322,0.9925665855407715
2014-10-09,92.63799285888672,Hold,0,2799,45.388201517205346,258191.75540513793,239551.71418556586,0.9935154914855957
2014-10-13,89.30301666259766,Hold,0,2799,45.388201517205346,248898.46262952717,230929.10563313245,0.9947562217712402
2014-10-14,89.67356872558594,Hold,0,2799,45.388201517205346,249931.04835346385,231887.17105830697,0.9947677850723267
2014-10-15,90.04413604736328,Hold,0,2799,45.388201517205346,250963.6765977622,232845.27593520688,0.9953371286392212
2014-10-16,90.04413604736328,Hold,0,2799,45.388201517205346,250963.6765977622,232845.27593520688,0.9944950938224792
2014-10-17,91.52635192871094,Hold,0,2799,45.388201517205346,255094.04075368965,236677.55736176766,0.9933143258094788
2014-10-20,93.37911224365234,Hold,0,2799,45.388201517205346,260256.96937337294,241467.8844876403,0.9934287667274475
2014-10-21,92.63799285888672,Hold,0,2799,45.388201517205346,258191.75540513793,239551.71418556586,0.9952183365821838
2014-10-22,95.60242462158203,Hold,0,2799,45.388201517205346,266452.4837169929,247216.2770386874,0.994965136051178
2014-10-23,94.49075317382812,Hold,0,2799,45.388201517205346,263354.6840248212,244342.04131143846,0.9951481223106384
2014-10-24,93.008544921875,Hold,0,2799,45.388201517205346,259224.34112907457,240509.77961074037,0.995342493057251
2014-10-27,94.86129760742188,Hold,0,2799,45.388201517205346,264387.248488577,245300.08701075029,0.9957998394966125
2014-10-28,94.86129760742188,Hold,0,2799,45.388201517205346,264387.248488577,245300.08701075029,0.9960793852806091
2014-10-29,95.60242462158203,Hold,0,2799,45.388201517205346,266452.4837169929,247216.2770386874,0.9961526989936829
2014-10-30,95.23184204101562,Hold,0,2799,45.388201517205346,265419.8129523328,246258.1327100621,0.9956001043319702
2014-10-31,96.71405029296875,Hold,0,2799,45.388201517205346,269550.1558480794,250090.3944107602,0.9952285289764404
2014-11-03,97.08460998535156,Hold,0,2799,45.388201517205346,270582.76283219695,251048.47956179743,0.9957127571105957
2014-11-04,97.82572937011719,Hold,0,2799,45.388201517205346,272647.97680043196,252964.64986387186,0.9942567944526672
2014-11-05,97.82572937011719,Hold,0,2799,45.388201517205346,272647.97680043196,252964.64986387186,0.9941404461860657
2014-11-06,97.82572937011719,Hold,0,2799,45.388201517205346,272647.97680043196,252964.64986387186,0.991863489151001
2014-11-07,97.08460998535156,Hold,0,2799,45.388201517205346,270582.76283219695,251048.47956179743,0.9847240447998047
2014-11-10,99.67848205566406,Hold,0,2799,45.388201517205346,277810.88415993436,257754.95726388178,0.9867013096809387
2014-11-11,99.30792999267578,Hold,0,2799,45.388201517205346,276778.2984359977,256796.89183870726,0.988433301448822
2014-11-12,97.82572937011719,Hold,0,2799,45.388201517205346,272647.97680043196,252964.64986387186,0.9893937110900879
2014-11-13,99.30792999267578,Hold,0,2799,45.388201517205346,276778.2984359977,256796.89183870726,0.9827321171760559
2014-11-14,100.04902648925781,Hold,0,2799,45.388201517205346,278843.4486236902,258713.0029631936,0.9798716902732849
2014-11-17,98.56683349609375,Hold,0,2799,45.388201517205346,274713.14824830525,254880.7807142209,0.9820475578308105
2014-11-18,97.4551773071289,Hold,0,2799,45.388201517205346,271615.3910764953,252006.58443869735,0.9819189310073853
2014-11-19,100.79014587402344,Hold,0,2799,45.388201517205346,280908.6625919252,260629.17326526804,0.9818960428237915
2014-11-20,103.0134506225586,Hold,0,2799,45.388201517205346,287104.15567536425,266377.54609045247,0.9660612344741821
2014-11-21,102.6429214477539,Hold,0,2799,45.388201517205346,286071.63373197016,265419.539842866,0.9506343007087708
2014-11-24,102.6429214477539,Hold,0,2799,45.388201517205346,286071.63373197016,265419.539842866,0.9147207140922546
2014-11-25,103.0134506225586,Hold,0,2799,45.388201517205346,287104.15567536425,266377.54609045247,0.8097418546676636
2014-11-26,103.0134506225586,Hold,0,2799,45.388201517205346,287104.15567536425,266377.54609045247,0.6023130416870117
2014-11-27,103.7545394897461,Sell,1399,1400,144555.68868937026,289169.2846028758,268293.6374890761,0.7653448581695557
2014-11-28,104.8662338256836,Sell,700,700,217637.22920807372,290718.7697267772,271167.93239391316,0.8493269681930542
2014-12-01,103.7545394897461,Sell,700,0,289944.0271648265,289944.0271648265,268293.6374890761,0.8638001680374146
2014-12-02,101.90177917480469,Hold,0,0,289944.0271648265,289944.0271648265,263503.3103632035,0.8772200345993042
2014-12-03,102.27234649658203,Hold,0,0,289944.0271648265,289944.0271648265,264461.4152401034,0.7256207466125488
2014-12-04,103.0134506225586,Hold,0,0,289944.0271648265,289944.0271648265,266377.54609045247,0.6684049367904663
2014-12-05,101.90177917480469,Hold,0,0,289944.0271648265,289944.0271648265,263503.3103632035,0.878567636013031
2014-12-08,102.27234649658203,Hold,0,0,289944.0271648265,289944.0271648265,264461.4152401034,0.9781780242919922
2014-12-09,102.27234649658203,Hold,0,0,289944.0271648265,289944.0271648265,264461.4152401034,0.9956307411193848
2014-12-10,100.79014587402344,Hold,0,0,289944.0271648265,289944.0271648265,260629.17326526804,0.9922940731048584
2014-12-11,99.67848205566406,Hold,0,0,289944.0271648265,289944.0271648265,257754.95726388178,0.9938212633132935
2014-12-12,100.04902648925781,Hold,0,0,289944.0271648265,289944.0271648265,258713.0029631936,0.9959756731987
2014-12-15,100.79014587402344,Hold,0,0,289944.0271648265,289944.0271648265,260629.17326526804,0.9971279501914978
2014-12-16,98.56683349609375,Hold,0,0,289944.0271648265,289944.0271648265,254880.7807142209,0.9954570531845093
2014-12-17,96.71405029296875,Hold,0,0,289944.0271648265,289944.0271648265,250090.3944107602,0.9862611889839172
2014-12-18,97.4551773071289,Hold,0,0,289944.0271648265,289944.0271648265,252006.58443869735,0.9011396169662476
2014-12-19,102.27234649658203,Hold,0,0,289944.0271648265,289944.0271648265,264461.4152401034,0.6020492315292358
2014-12-22,102.6429214477539,Hold,0,0,289944.0271648265,289944.0271648265,265419.539842866,0.7934251427650452
2014-12-23,101.90177917480469,Hold,0,0,289944.0271648265,289944.0271648265,263503.3103632035,0.9456964135169983
2014-12-24,102.27234649658203,Hold,0,0,289944.0271648265,289944.0271648265,264461.4152401034,0.9806050062179565
2014-12-25,101.90177917480469,Hold,0,0,289944.0271648265,289944.0271648265,263503.3103632035,0.9890137314796448
2014-12-26,103.0134506225586,Hold,0,0,289944.0271648265,289944.0271648265,266377.54609045247,0.9891977906227112
2014-12-29,104.49565124511719,Hold,0,0,289944.0271648265,289944.0271648265,270209.78806528787,0.9902719855308533
2014-12-30,103.7545394897461,Hold,0,0,289944.0271648265,289944.0271648265,268293.6374890761,0.9857245087623596
2014-12-31,104.49565124511719,Hold,0,0,289944.0271648265,289944.0271648265,270209.78806528787,0.9584233164787292
2015-01-05,103.38399505615234,Hold,0,0,289944.0271648265,289944.0271648265,267335.59178976435,0.9094401001930237
2015-01-06,98.9373779296875,Hold,0,0,289944.0271648265,289944.0271648265,255838.82641353272,0.6531884670257568
2015-01-07,99.30792999267578,Buy,1457,1457,145046.18755854887,289097.5809889304,256796.89183870726,0.7942211031913757
2015-01-08,102.27234649658203,Buy,1274,2731,14565.547790456141,292635.3980037231,264461.4152401034,0.908930242061615
2015-01-09,99.30792999267578,Buy,131,2862,1537.6706535842313,284499.2959094196,256796.89183870726,0.9294534921646118
2015-01-12,97.82572937011719,Buy,14,2876,166.15881910165695,280267.99690787576,252964.64986387186,0.9709981083869934
2015-01-13,98.19628143310547,Buy,1,2877,67.8226079675093,281328.4144360645,253922.71528904638,0.9679522514343262
2015-01-14,96.34352111816406,Hold,0,2877,67.8226079675093,276021.6099920385,249132.38816317377,0.9279740452766418
2015-01-15,97.4551773071289,Hold,0,2877,67.8226079675093,279205.6926584541,252006.58443869735,0.7924985885620117
2015-01-16,101.53123474121094,Hold,0,2877,67.8226079675093,290880.6187300306,262545.26466389175,0.7539361715316772
2015-01-19,103.0134506225586,Hold,0,2877,67.8226079675093,295126.0841378917,266377.54609045247,0.889677882194519
2015-01-20,102.27234649658203,Hold,0,2877,67.8226079675093,293003.36236028135,264461.4152401034,0.8939810991287231
2015-01-21,104.49565124511719,Hold,0,2877,67.8226079675093,299371.5058404722,270209.78806528787,0.9264305233955383
2015-01-22,103.7545394897461,Hold,0,2877,67.8226079675093,297248.76221022144,268293.6374890761,0.9444248080253601
2015-01-23,107.4600830078125,Hold,0,2877,67.8226079675093,307862.43665619445,277874.3509184094,0.947868287563324
2015-01-26,107.4600830078125,Hold,0,2877,67.8226079675093,307862.43665619445,277874.3509184094,0.9579203128814697
2015-01-27,108.9422836303711,Hold,0,2877,67.8226079675093,312107.8583587749,281706.5928932448,0.9705042839050293
2015-01-28,108.57172393798828,Hold,0,2877,67.8226079675093,311046.47561732936,280748.5077422076,0.9763802289962769
2015-01-29,106.3484115600586,Hold,0,2877,67.8226079675093,304678.3102844982,275000.11519116047,0.9785112738609314
2015-01-30,104.49565124511719,Hold,0,2877,67.8226079675093,299371.5058404722,270209.78806528787,0.9830045700073242
2015-02-02,105.6073226928711,Hold,0,2877,67.8226079675093,302555.6322121685,273084.0237925368,0.9871089458465576
2015-02-03,107.08952331542969,Hold,0,2877,67.8226079675093,306801.05391474895,276916.2657673722,0.9879488945007324
2015-02-04,108.20116424560547,Hold,0,2877,67.8226079675093,309985.09287588386,279790.4225911704,0.9853758215904236
2015-02-05,107.83060455322266,Hold,0,2877,67.8226079675093,308923.7101344383,278832.3374401332,0.9879987239837646
2015-02-06,105.9779052734375,Hold,0,2877,67.8226079675093,303617.08051153505,274042.1681211621,0.9857701063156128
2015-02-09,105.23676300048828,Hold,0,2877,67.8226079675093,301494.2494707229,272125.9386414996,0.9847403168678284
2015-02-10,105.6073226928711,Hold,0,2877,67.8226079675093,302555.6322121685,273084.0237925368,0.9841586351394653
2015-02-11,109.68339538574219,Hold,0,2877,67.8226079675093,314230.60198902566,283622.74346945656,0.9821580648422241
2015-02-12,110.05392456054688,Hold,0,2877,67.8226079675093,315291.8973199098,284580.749717043,0.982824981212616
2015-02-13,110.05392456054688,Hold,0,2877,67.8226079675093,315291.8973199098,284580.749717043,0.978129506111145
2015-02-24,111.90670013427734,Hold,0,2877,67.8226079675093,320598.7454692165,289371.11629464105,0.9788206815719604
2015-02-25,114.50057983398438,Hold,0,2877,67.8226079675093,328028.3153961336,296077.61372258805,0.9770553112030029
2015-02-26,111.5361557006836,Hold,0,2877,67.8226079675093,319537.4064330516,288413.07059532916,0.9790793657302856
2015-03-02,110.42449188232422,Hold,0,2877,67.8226079675093,316353.3019139957,285538.8545939429,0.9785100221633911
2015-03-03,111.5361557006836,Hold,0,2877,67.8226079675093,319537.4064330516,288413.07059532916,0.9782953858375549
2015-03-04,111.5361557006836,Hold,0,2877,67.8226079675093,319537.4064330516,288413.07059532916,0.987272322177887
2015-03-05,111.16559600830078,Hold,0,2877,67.8226079675093,318476.0236916061,287454.98544429196,0.9876430034637451
2015-03-06,110.42449188232422,Hold,0,2877,67.8226079675093,316353.3019139957,285538.8545939429,0.9866268038749695
2015-03-09,107.83060455322266,Hold,0,2877,67.8226079675093,308923.7101344383,278832.3374401332,0.9854534864425659
2015-03-10,106.7189712524414,Hold,0,2877,67.8226079675093,305739.6930259437,275958.20034219767,0.9709053635597229
2015-03-11,108.20116424560547,Hold,0,2877,67.8226079675093,309985.09287588386,279790.4225911704,0.963245689868927
2015-03-12,109.68339538574219,Hold,0,2877,67.8226079675093,314230.60198902566,283622.74346945656,0.9407855868339539
2015-03-13,110.42449188232422,Hold,0,2877,67.8226079675093,316353.3019139957,285538.8545939429,0.894951343536377
2015-03-16,108.20116424560547,Hold,0,2877,67.8226079675093,309985.09287588386,279790.4225911704,0.6570298671722412
2015-03-17,110.42449188232422,Hold,0,2877,67.8226079675093,316353.3019139957,285538.8545939429,0.9106295108795166
2015-03-18,113.75944519042969,Hold,0,2877,67.8226079675093,325905.5062079618,294161.4039687882,0.7110612392425537
2015-03-19,114.12999725341797,Hold,0,2877,67.8226079675093,326966.867096767,295119.46939396276,0.9918482303619385
2015-03-20,114.12999725341797,Hold,0,2877,67.8226079675093,326966.867096767,295119.46939396276,0.9885448813438416
2015-03-23,113.75944519042969,Hold,0,2877,67.8226079675093,325905.5062079618,294161.4039687882,0.9858253598213196
2015-03-24,112.27726745605469,Hold,0,2877,67.8226079675093,321660.15006330237,290329.2211715409,0.9606240391731262
2015-03-25,111.90670013427734,Hold,0,2877,67.8226079675093,320598.7454692165,289371.11629464105,0.9824219346046448
2015-03-26,107.83060455322266,Hold,0,2877,67.8226079675093,308923.7101344383,278832.3374401332,0.7579353451728821
2015-03-27,105.6073226928711,Hold,0,2877,67.8226079675093,302555.6322121685,273084.0237925368,0.6265231966972351
2015-03-30,105.6073226928711,Hold,0,2877,67.8226079675093,302555.6322121685,273084.0237925368,0.8376378417015076
2015-03-31,107.83060455322266,Hold,0,2877,67.8226079675093,308923.7101344383,278832.3374401332,0.9319411516189575
2015-04-01,106.7189712524414,Hold,0,2877,67.8226079675093,305739.6930259437,275958.20034219767,0.9652023911476135
2015-04-02,108.9422836303711,Hold,0,2877,67.8226079675093,312107.8583587749,281706.5928932448,0.9857038855552673
2015-04-07,108.20116424560547,Hold,0,2877,67.8226079675093,309985.09287588386,279790.4225911704,0.9889811277389526
2015-04-08,105.9779052734375,Hold,0,2877,67.8226079675093,303617.08051153505,274042.1681211621,0.9914381504058838
2015-04-09,105.9779052734375,Hold,0,2877,67.8226079675093,303617.08051153505,274042.1681211621,0.996536135673523
2015-04-10,108.9422836303711,Hold,0,2877,67.8226079675093,312107.8583587749,281706.5928932448,0.99660325050354
2015-04-13,108.9422836303711,Hold,0,2877,67.8226079675093,312107.8583587749,281706.5928932448,0.9968994855880737
2015-04-14,106.7189712524414,Hold,0,2877,67.8226079675093,305739.6930259437,275958.20034219767,0.9963665008544922
2015-04-15,105.9779052734375,Hold,0,2877,67.8226079675093,303617.08051153505,274042.1681211621,0.9950366616249084
2015-04-16,108.9422836303711,Hold,0,2877,67.8226079675093,312107.8583587749,281706.5928932448,0.9953191876411438
2015-04-17,105.6073226928711,Hold,0,2877,67.8226079675093,302555.6322121685,273084.0237925368,0.9925339221954346
2015-04-20,105.9779052734375,Hold,0,2877,67.8226079675093,303617.08051153505,274042.1681211621,0.9698348641395569
2015-04-21,105.6073226928711,Hold,0,2877,67.8226079675093,302555.6322121685,273084.0237925368,0.7786403894424438
2015-04-22,106.3484115600586,Hold,0,2877,67.8226079675093,304678.3102844982,275000.11519116047,0.5942726731300354
2015-04-23,108.9422836303711,Sell,2877,0,312107.8583587749,312107.8583587749,281706.5928932448,0.9017561078071594
2015-04-24,113.01837158203125,Hold,0,0,312107.8583587749,312107.8583587749,292245.35202189,0.9711394906044006
2015-04-27,112.27726745605469,Hold,0,0,312107.8583587749,312107.8583587749,290329.2211715409,0.997204065322876
2015-04-28,112.27726745605469,Hold,0,0,312107.8583587749,312107.8583587749,290329.2211715409,0.9978713989257812
2015-04-29,110.05392456054688,Hold,0,0,312107.8583587749,312107.8583587749,284580.749717043,0.9741420745849609
2015-04-30,108.9422836303711,Hold,0,0,312107.8583587749,312107.8583587749,281706.5928932448,0.8410070538520813
2015-05-04,109.31285858154297,Hold,0,0,312107.8583587749,312107.8583587749,282664.71749600745,0.6128996014595032
2015-05-05,108.9422836303711,Hold,0,0,312107.8583587749,312107.8583587749,281706.5928932448,0.9180275201797485
2015-05-06,109.31285858154297,Hold,0,0,312107.8583587749,312107.8583587749,282664.71749600745,0.9219709634780884
2015-05-07,108.57172393798828,Hold,0,0,312107.8583587749,312107.8583587749,280748.5077422076,0.880013108253479
2015-05-08,108.57172393798828,Hold,0,0,312107.8583587749,312107.8583587749,280748.5077422076,0.6225662231445312
2015-05-11,110.05392456054688,Buy,1415,1415,156159.6451234653,311196.85948474385,284580.749717043,0.579861581325531
2015-05-12,109.31285858154297,Hold,0,1415,156159.6451234653,310152.8912164476,282664.71749600745,0.5108993649482727
2015-05-13,109.68339538574219,Hold,0,1415,156159.6451234653,310674.8807245071,283622.74346945656,0.619297206401825
2015-05-14,108.20116424560547,Buy,720,2135,78143.79247211337,308131.06116241624,279790.4225911704,0.5210015177726746
2015-05-15,108.57172393798828,Hold,0,2135,78143.79247211337,308918.7052892797,280748.5077422076,0.730608344078064
2015-05-18,108.57172393798828,Hold,0,2135,78143.79247211337,308918.7052892797,280748.5077422076,0.8433024883270264
2015-05-19,108.57172393798828,Hold,0,2135,78143.79247211337,308918.7052892797,280748.5077422076,0.8744491934776306
2015-05-20,108.57172393798828,Hold,0,2135,78143.79247211337,308918.7052892797,280748.5077422076,0.9304444193840027
2015-05-21,107.83060455322266,Hold,0,2135,78143.79247211337,307343.41703555273,278832.3374401332,0.9519347548484802
2015-05-22,107.83060455322266,Hold,0,2135,78143.79247211337,307343.41703555273,278832.3374401332,0.8530393242835999
2015-05-25,109.31285858154297,Hold,0,2135,78143.79247211337,310494.0259763658,282664.71749600745,0.9126613140106201
2015-05-26,108.57172393798828,Hold,0,2135,78143.79247211337,308918.7052892797,280748.5077422076,0.9459854960441589
2015-05-27,107.4600830078125,Hold,0,2135,78143.79247211337,306555.8539920871,277874.3509184094,0.9487674236297607
2015-05-28,108.9422836303711,Hold,0,2135,78143.79247211337,309706.3494161432,281706.5928932448,0.957548975944519
2015-05-29,108.20116424560547,Hold,0,2135,78143.79247211337,308131.06116241624,279790.4225911704,0.9808805584907532
2015-06-01,107.4600830078125,Buy,653,2788,7872.363974270964,306145.3511019931,277874.3509184094,0.9998354911804199
2015-06-02,106.7189712524414,Buy,66,2854,818.8749523635388,304047.0703548328,275958.20034219767,0.9991165995597839
2015-06-03,105.9779052734375,Buy,6,2860,182.10140963282595,301937.7071114761,274042.1681211621,0.9982892870903015
2015-06-04,104.49565124511719,Buy,1,2861,77.45685208468447,297716.6079567756,270209.78806528787,0.9976021647453308
2015-06-05,103.7545394897461,Hold,0,2861,77.45685208468447,295605.6696438985,268293.6374890761,0.9978978633880615
2015-06-08,102.6429214477539,Hold,0,2861,77.45685208468447,292439.4034267991,265419.539842866,0.9974446296691895
2015-06-09,103.0134506225586,Hold,0,2861,77.45685208468447,293494.796524352,266377.54609045247,0.997412383556366
2015-06-10,103.38399505615234,Hold,0,2861,77.45685208468447,294550.23308412527,267335.59178976435,0.9972348809242249
2015-06-11,106.3484115600586,Hold,0,2861,77.45685208468447,302993.8994111928,275000.11519116047,0.9977255463600159
2015-06-12,107.08952331542969,Hold,0,2861,77.45685208468447,305104.8377240699,276916.2657673722,0.9979810118675232
2015-06-15,105.9779052734375,Hold,0,2861,77.45685208468447,301938.5715069705,274042.1681211621,0.9981213212013245
2015-06-16,105.23676300048828,Hold,0,2861,77.45685208468447,299827.54626965267,272125.9386414996,0.998492956161499
2015-06-17,105.6073226928711,Hold,0,2861,77.45685208468447,300883.0262916463,273084.0237925368,0.998963475227356
2015-06-18,105.23676300048828,Hold,0,2861,77.45685208468447,299827.54626965267,272125.9386414996,0.9992488026618958
2015-06-22,105.23676300048828,Hold,0,2861,77.45685208468447,299827.54626965267,272125.9386414996,0.9995108842849731
2015-06-23,107.08952331542969,Hold,0,2861,77.45685208468447,305104.8377240699,276916.2657673722,0.9997259974479675
2015-06-24,107.4600830078125,Hold,0,2861,77.45685208468447,306160.3177460635,277874.3509184094,0.9998499155044556
2015-06-25,108.57172393798828,Hold,0,2861,77.45685208468447,309326.6491564935,280748.5077422076,0.9999064207077026
2015-06-26,108.20116424560547,Hold,0,2861,77.45685208468447,308271.16913449985,279790.4225911704,0.9999382495880127
2015-06-29,105.90705871582031,Hold,0,2861,77.45685208468447,301736.7764177337,273858.99376018764,0.9999443292617798
2015-06-30,107.43640899658203,Hold,0,2861,77.45685208468447,306092.8861111398,277813.1415664706,0.9999432563781738
2015-07-01,107.81874084472656,Hold,0,2861,77.45685208468447,307181.89723615866,278801.66372364433,0.9999744892120361
2015-07-02,108.20110321044922,Hold,0,2861,77.45685208468447,308270.99528561835,279790.2647842688,0.9999774694442749
2015-07-03,108.96578216552734,Hold,0,2861,77.45685208468447,310449.06099787646,281767.3485503417,0.9999786615371704
2015-07-06,107.43640899658203,Hold,0,2861,77.45685208468447,306092.8861111398,277813.1415664706,0.9999827146530151
2015-07-07,107.43640899658203,Hold,0,2861,77.45685208468447,306092.8861111398,277813.1415664706,0.999984860420227
2015-07-08,105.52474975585938,Hold,0,2861,77.45685208468447,300647.8304860454,272870.530780602,0.9999839067459106
2015-07-09,104.37772369384766,Hold,0,2861,77.45685208468447,297380.71018654795,269904.88540563,0.9999915361404419
2015-07-10,104.37772369384766,Hold,0,2861,77.45685208468447,297380.71018654795,269904.88540563,0.9999939203262329
2015-07-13,105.90705871582031,Hold,0,2861,77.45685208468447,301736.7764177337,273858.99376018764,0.9999902248382568
2015-07-14,105.90705871582031,Hold,0,2861,77.45685208468447,301736.7764177337,273858.99376018764,0.9819756150245667
2015-07-15,105.90705871582031,Hold,0,2861,77.45685208468447,301736.7764177337,273858.99376018764,0.98009192943573
2015-07-16,104.37772369384766,Hold,0,2861,77.45685208468447,297380.71018654795,269904.88540563,0.9805874824523926
2015-07-17,107.05408477783203,Hold,0,2861,77.45685208468447,305003.8967172311,276824.63913515955,0.9794319272041321
2015-07-20,106.28939056396484,Hold,0,2861,77.45685208468447,302825.7875427526,274847.51591736136,0.977268636226654
2015-07-21,107.43640899658203,Hold,0,2861,77.45685208468447,306092.8861111398,277813.1415664706,0.9740779399871826
2015-07-22,106.28939056396484,Hold,0,2861,77.45685208468447,302825.7875427526,274847.51591736136,0.9668672680854797
2015-07-23,103.99539947509766,Hold,0,2861,77.45685208468447,296291.7207926393,268916.3829743189,0.9579871892929077
2015-07-24,104.76006317138672,Hold,0,2861,77.45685208468447,298469.74304267706,270893.4272886665,0.8893826007843018
2015-07-27,102.4660415649414,Hold,0,2861,77.45685208468447,291935.589368123,264962.2154421733,0.9431833028793335
2015-07-28,102.4660415649414,Hold,0,2861,77.45685208468447,291935.589368123,264962.2154421733,0.9448949098587036
2015-07-29,103.61305236816406,Hold,0,2861,77.45685208468447,295202.6662054,267927.8213654199,0.9472219347953796
2015-07-30,105.90705871582031,Hold,0,2861,77.45685208468447,301736.7764177337,273858.99376018764,0.9534714818000793
2015-07-31,106.67174530029297,Hold,0,2861,77.45685208468447,303914.863861102,275836.0972521232,0.958686888217926
2015-08-03,102.84837341308594,Hold,0,2861,77.45685208468447,293024.60049314186,265950.737599347,0.9528837203979492
2015-08-04,104.37772369384766,Hold,0,2861,77.45685208468447,297380.71018654795,269904.88540563,0.9230384230613708
2015-08-05,102.4660415649414,Hold,0,2861,77.45685208468447,291935.589368123,264962.2154421733,0.827498733997345
2015-08-06,102.4660415649414,Hold,0,2861,77.45685208468447,291935.589368123,264962.2154421733,0.7084388136863708
2015-08-07,101.70138549804688,Hold,0,2861,77.45685208468447,289757.5888491954,262985.1908536885,0.6420993208885193
2015-08-10,98.64269256591797,Hold,0,2861,77.45685208468447,281045.3911934934,255076.91496698523,0.8798314929008484
2015-08-11,99.78970336914062,Hold,0,2861,77.45685208468447,284312.4680307704,258042.5208902318,0.9447668194770813
2015-08-12,98.26034545898438,Hold,0,2861,77.45685208468447,279956.3366062541,254088.3533580861,0.960026204586029
2015-08-13,97.87799835205078,Hold,0,2861,77.45685208468447,278867.2820190149,253099.791749187,0.9599880576133728
2015-08-14,96.34867858886719,Hold,0,2861,77.45685208468447,274511.25925004954,249145.72284635477,0.968343198299408
2015-08-17,94.8193130493164,Hold,0,2861,77.45685208468447,270155.10609442304,245191.5355883464,0.9711564779281616
2015-08-18,96.34867858886719,Hold,0,2861,77.45685208468447,274511.25925004954,249145.72284635477,0.975304901599884
2015-08-19,95.5840072631836,Hold,0,2861,77.45685208468447,272333.21526890155,247168.6588061446,0.9706969857215881
2015-08-20,96.34867858886719,Hold,0,2861,77.45685208468447,274511.25925004954,249145.72284635477,0.9667313098907471
2015-08-21,92.52531433105469,Hold,0,2861,77.45685208468447,263621.01761319954,239260.38291944133,0.9648939967155457
2015-08-24,87.93727111816406,Hold,0,2861,77.45685208468447,250552.71026409144,227397.95922645502,0.9447158575057983
2015-08-25,94.4369888305664,Hold,0,2861,77.45685208468447,269066.11670051434,244203.03315703536,0.8470032215118408
2015-08-26,93.67232513427734,Hold,0,2861,77.45685208468447,266888.0944504766,242225.9888426879,0.8478421568870544
2015-08-27,94.8193130493164,Hold,0,2861,77.45685208468447,270155.10609442304,245191.5355883464,0.8083873987197876
2015-08-28,95.5840072631836,Hold,0,2861,77.45685208468447,272333.21526890155,247168.6588061446,0.8739032745361328
2015-08-31,98.64269256591797,Hold,0,2861,77.45685208468447,281045.3911934934,255076.91496698523,0.8509737253189087
2015-09-01,94.8193130493164,Hold,0,2861,77.45685208468447,270155.10609442304,245191.5355883464,0.8715507388114929
2015-09-02,95.96633911132812,Hold,0,2861,77.45685208468447,273422.2263939204,248157.18096331833,0.8127874732017517
2015-09-03,97.11334228515625,Hold,0,2861,77.45685208468447,276689.2815000873,251122.76716070223,0.8463713526725769
2015-09-04,95.5840072631836,Hold,0,2861,77.45685208468447,272333.21526890155,247168.6588061446,0.8918713331222534
2015-09-07,93.67232513427734,Hold,0,2861,77.45685208468447,266888.0944504766,242225.9888426879,0.9713195562362671
2015-09-08,94.05464935302734,Hold,0,2861,77.45685208468447,267977.0838443853,243214.49127399892,0.9854389429092407
2015-09-09,98.64269256591797,Hold,0,2861,77.45685208468447,281045.3911934934,255076.91496698523,0.9896355271339417
2015-09-10,95.5840072631836,Hold,0,2861,77.45685208468447,272333.21526890155,247168.6588061446,0.9913149476051331
2015-09-11,97.49568176269531,Hold,0,2861,77.45685208468447,277778.31435621635,252111.30904373864,0.9889166355133057
2015-09-14,97.49568176269531,Hold,0,2861,77.45685208468447,277778.31435621635,252111.30904373864,0.9892781972885132
2015-09-15,96.34867858886719,Hold,0,2861,77.45685208468447,274511.25925004954,249145.72284635477,0.9933618307113647
2015-09-16,99.0250473022461,Hold,0,2861,77.45685208468447,282134.46751184284,256065.49630174704,0.9827229976654053
2015-09-17,100.17201232910156,Hold,0,2861,77.45685208468447,285401.4139624587,259030.98386981746,0.9936144351959229
2015-09-18,100.55436706542969,Hold,0,2861,77.45685208468447,286490.4902808082,260019.56520457927,0.9944779872894287
2015-09-21,99.0250473022461,Hold,0,2861,77.45685208468447,282134.46751184284,256065.49630174704,0.9943923354148865
2015-09-22,98.64269256591797,Hold,0,2861,77.45685208468447,281045.3911934934,255076.91496698523,0.9939038157463074
2015-09-23,95.20166015625,Hold,0,2861,77.45685208468447,271244.1606816623,246180.0971972455,0.9924794435501099
2015-09-24,97.11334228515625,Hold,0,2861,77.45685208468447,276689.2815000873,251122.76716070223,0.9913347363471985
2015-09-25,97.11334228515625,Hold,0,2861,77.45685208468447,276689.2815000873,251122.76716070223,0.989316463470459
2015-09-29,97.11334228515625,Hold,0,2861,77.45685208468447,276689.2815000873,251122.76716070223,0.9884754419326782
2015-09-30,99.4073486328125,Hold,0,2861,77.45685208468447,283223.39171242097,257053.93955547,0.9858561754226685
2015-10-01,102.08370971679688,Hold,0,2861,77.45685208468447,290846.5782431041,263973.6932849996,0.9848116636276245
2015-10-02,100.93670654296875,Hold,0,2861,77.45685208468447,287579.52313693723,261008.10708761567,0.9836632013320923
2015-10-05,101.31903839111328,Hold,0,2861,77.45685208468447,288668.53426195617,261996.6292447894,0.9792196154594421
2015-10-06,101.70138549804688,Hold,0,2861,77.45685208468447,289757.5888491954,262985.1908536885,0.9786329865455627
2015-10-07,103.230712890625,Hold,0,2861,77.45685208468447,294113.63334927097,266939.2794823834,0.9804507493972778
2015-10-08,103.99539947509766,Hold,0,2861,77.45685208468447,296291.7207926393,268916.3829743189,0.9787852168083191
2015-10-12,105.90705871582031,Hold,0,2861,77.45685208468447,301736.7764177337,273858.99376018764,0.9777145385742188
2015-10-13,105.14239501953125,Hold,0,2861,77.45685208468447,299558.75416769594,271881.9494458402,0.9713954925537109
2015-10-14,104.37772369384766,Hold,0,2861,77.45685208468447,297380.71018654795,269904.88540563,0.9807099103927612
2015-10-15,107.05408477783203,Hold,0,2861,77.45685208468447,305003.8967172311,276824.63913515955,0.9729884266853333
2015-10-16,105.14239501953125,Hold,0,2861,77.45685208468447,299558.75416769594,271881.9494458402,0.9608437418937683
2015-10-19,105.52474975585938,Hold,0,2861,77.45685208468447,300647.8304860454,272870.530780602,0.9496095776557922
2015-10-20,106.28939056396484,Hold,0,2861,77.45685208468447,302825.7875427526,274847.51591736136,0.9301040172576904
2015-10-21,105.90705871582031,Hold,0,2861,77.45685208468447,301736.7764177337,273858.99376018764,0.7870769500732422
2015-10-22,105.14239501953125,Hold,0,2861,77.45685208468447,299558.75416769594,271881.9494458402,0.6849499940872192
2015-10-23,107.05408477783203,Hold,0,2861,77.45685208468447,305003.8967172311,276824.63913515955,0.9441725015640259
2015-10-26,107.05408477783203,Hold,0,2861,77.45685208468447,305003.8967172311,276824.63913515955,0.9772784113883972
2015-10-27,106.28939056396484,Hold,0,2861,77.45685208468447,302825.7875427526,274847.51591736136,0.9697181582450867
2015-10-28,105.52474975585938,Hold,0,2861,77.45685208468447,300647.8304860454,272870.530780602,0.9789413213729858
2015-10-29,104.37772369384766,Hold,0,2861,77.45685208468447,297380.71018654795,269904.88540563,0.9617921710014343
2015-10-30,104.37772369384766,Hold,0,2861,77.45685208468447,297380.71018654795,269904.88540563,0.9638762474060059
2015-11-02,105.14239501953125,Hold,0,2861,77.45685208468447,299558.75416769594,271881.9494458402,0.8008502721786499
2015-11-03,106.67174530029297,Hold,0,2861,77.45685208468447,303914.863861102,275836.0972521232,0.5416551828384399
2015-11-04,110.49510192871094,Hold,0,2861,77.45685208468447,314805.0837668418,285721.4174531739,0.6576445698738098
2015-11-05,108.96578216552734,Hold,0,2861,77.45685208468447,310449.06099787646,281767.3485503417,0.9311253428459167
2015-11-06,107.05408477783203,Hold,0,2861,77.45685208468447,305003.8967172311,276824.63913515955,0.950465738773346
2015-11-09,108.58342742919922,Hold,0,2861,77.45685208468447,309359.984679527,280778.76721557986,0.9404867887496948
2015-11-10,106.67174530029297,Hold,0,2861,77.45685208468447,303914.863861102,275836.0972521232,0.946689248085022
2015-11-11,105.14239501953125,Hold,0,2861,77.45685208468447,299558.75416769594,271881.9494458402,0.9623871445655823
2015-11-12,105.90705871582031,Hold,0,2861,77.45685208468447,301736.7764177337,273858.99376018764,0.9647428393363953
2015-11-13,103.99539947509766,Hold,0,2861,77.45685208468447,296291.7207926393,268916.3829743189,0.9669979810714722
2015-11-16,103.230712890625,Hold,0,2861,77.45685208468447,294113.63334927097,266939.2794823834,0.9689490795135498
2015-11-17,105.90705871582031,Hold,0,2861,77.45685208468447,301736.7764177337,273858.99376018764,0.9699005484580994
2015-11-18,104.76006317138672,Hold,0,2861,77.45685208468447,298469.74304267706,270893.4272886665,0.9762178659439087
2015-11-19,107.43640899658203,Hold,0,2861,77.45685208468447,306092.8861111398,277813.1415664706,0.9750509262084961
2015-11-20,107.81874084472656,Hold,0,2861,77.45685208468447,307181.89723615866,278801.66372364433,0.9742822051048279
2015-11-23,107.81874084472656,Hold,0,2861,77.45685208468447,307181.89723615866,278801.66372364433,0.9683740735054016
2015-11-24,106.67174530029297,Hold,0,2861,77.45685208468447,303914.863861102,275836.0972521232,0.9741640090942383
2015-11-25,107.81874084472656,Hold,0,2861,77.45685208468447,307181.89723615866,278801.66372364433,0.96833336353302
2015-11-26,108.96578216552734,Hold,0,2861,77.45685208468447,310449.06099787646,281767.3485503417,0.9108436107635498
2015-11-27,106.28939056396484,Hold,0,2861,77.45685208468447,302825.7875427526,274847.51591736136,0.6987457871437073
2015-11-30,106.28939056396484,Hold,0,2861,77.45685208468447,302825.7875427526,274847.51591736136,0.5100132822990417
2015-12-01,108.96578216552734,Sell,1430,1431,155209.01712069087,310449.0609978765,281767.3485503417,0.6676985621452332
2015-12-02,108.96578216552734,Sell,1431,0,310449.0609978765,310449.0609978765,281767.3485503417,0.8589385151863098
2015-12-03,108.96578216552734,Hold,0,0,310449.0609978765,310449.0609978765,281767.3485503417,0.8472630977630615
2015-12-04,107.43640899658203,Hold,0,0,310449.0609978765,310449.0609978765,277813.1415664706,0.8791792392730713
2015-12-07,109.73041534423828,Hold,0,0,310449.0609978765,310449.0609978765,283744.31396123837,0.9913411736488342
2015-12-08,108.96578216552734,Hold,0,0,310449.0609978765,310449.0609978765,281767.3485503417,0.9949083924293518
2015-12-09,107.43640899658203,Hold,0,0,310449.0609978765,310449.0609978765,277813.1415664706,0.9940515160560608
2015-12-10,107.81874084472656,Hold,0,0,310449.0609978765,310449.0609978765,278801.66372364433,0.9935309290885925
2015-12-11,106.67174530029297,Hold,0,0,310449.0609978765,310449.0609978765,275836.0972521232,0.9889436960220337
2015-12-14,106.28939056396484,Hold,0,0,310449.0609978765,310449.0609978765,274847.51591736136,0.9367495179176331
2015-12-15,105.52474975585938,Hold,0,0,310449.0609978765,310449.0609978765,272870.530780602,0.7605578899383545
2015-12-16,109.73041534423828,Hold,0,0,310449.0609978765,310449.0609978765,283744.31396123837,0.979698657989502
2015-12-17,110.87744903564453,Buy,1397,1397,155332.5381853496,309542.9205895051,286709.97906207305,0.4749204218387604
2015-12-18,108.58342742919922,Buy,714,2111,77693.49279266353,305898.8112979871,280778.76721557986,0.5379030704498291
2015-12-21,108.20110321044922,Buy,358,2469,38902.2990505199,304868.6906591863,279790.2647842688,0.8436047434806824
2015-12-22,108.58342742919922,Buy,321,2790,3997.3500714551483,305604.5687497369,280778.76721557986,0.8717694878578186
2015-12-23,108.20110321044922,Buy,33,2823,421.6255086318529,304521.7160356733,279790.2647842688,0.8564023375511169
2015-12-24,108.58342742919922,Buy,3,2826,95.41103219199539,305594.3357579355,280778.76721557986,0.9553994536399841
2015-12-25,109.34812927246094,Hold,0,2826,95.41103219199539,307745.820532208,282755.9101592408,0.8996567130088806
2015-12-28,109.73041534423828,Hold,0,2826,95.41103219199539,308821.3804646089,283744.31396123837,0.7442860007286072
2015-12-29,108.58342742919922,Hold,0,2826,95.41103219199539,305594.3357579355,280778.76721557986,0.7082414031028748
2015-12-30,108.96578216552734,Hold,0,2826,95.41103219199539,306670.08887770324,281767.3485503417,0.7389751672744751
2015-12-31,109.34812927246094,Hold,0,2826,95.41103219199539,307745.820532208,282755.9101592408,0.9079842567443848
2016-01-04,106.67174530029297,Hold,0,2826,95.41103219199539,300215.8277422525,275836.0972521232,0.8107964396476746
2016-01-05,105.52474975585938,Hold,0,2826,95.41103219199539,296988.7615703161,272870.530780602,0.6107364892959595
2016-01-06,103.61305236816406,Hold,0,2826,95.41103219199539,291610.2106241071,267927.8213654199,0.8504650592803955
2016-01-07,101.70138549804688,Hold,0,2826,95.41103219199539,286231.74553895014,262985.1908536885,0.9581471681594849
2016-01-08,102.4660415649414,Hold,0,2826,95.41103219199539,288383.10152164474,264962.2154421733,0.9611785411834717
2016-01-11,101.70138549804688,Hold,0,2826,95.41103219199539,286231.74553895014,262985.1908536885,0.9588519930839539
2016-01-12,101.70138549804688,Sell,1413,1413,143163.57828557107,286231.74553895014,262985.1908536885,0.5646694898605347
2016-01-13,102.08370971679688,Hold,0,1413,143163.57828557107,286769.57916830806,263973.6932849996,0.676763653755188
2016-01-14,100.55436706542969,Hold,0,1413,143163.57828557107,284618.18025508744,260019.56520457927,0.7718680500984192
2016-01-15,104.76006317138672,Hold,0,1413,143163.57828557107,290534.53263275983,270893.4272886665,0.7054197192192078
2016-01-18,104.76006317138672,Hold,0,1413,143163.57828557107,290534.53263275983,270893.4272886665,0.6567895412445068
2016-01-19,105.52474975585938,Hold,0,1413,143163.57828557107,291610.2535546331,272870.530780602,0.9249197840690613
2016-01-20,102.84837341308594,Hold,0,1413,143163.57828557107,287845.2678922869,265950.737599347,0.9054833650588989
2016-01-21,103.230712890625,Hold,0,1413,143163.57828557107,288383.1229869077,266939.2794823834,0.941501796245575
2016-01-22,105.90705871582031,Hold,0,1413,143163.57828557107,292148.065718728,273858.99376018764,0.9462810158729553
2016-01-25,106.67174530029297,Hold,0,1413,143163.57828557107,293223.78664060135,275836.0972521232,0.8970671892166138
2016-01-26,105.14239501953125,Sell,706,707,217065.63907019937,291072.37699474924,271881.9494458402,0.7977795600891113
2016-01-27,106.67174530029297,Sell,353,354,254554.1412282501,292148.8431091282,275836.0972521232,0.798603355884552
2016-01-28,107.05408477783203,Hold,0,354,254554.1412282501,292283.5923685024,276824.63913515955,0.9602291584014893
2016-01-29,109.34812927246094,Hold,0,354,254554.1412282501,293092.0906136024,282755.9101592408,0.9645542502403259
2016-02-01,110.11276245117188,Hold,0,354,254554.1412282501,293361.5729992233,284732.8755701375,0.9688459038734436
2016-02-02,108.96578216552734,Hold,0,354,254554.1412282501,292957.3386653736,281767.3485503417,0.970592737197876
2016-02-03,111.6421127319336,Hold,0,354,254554.1412282501,293900.56734786567,288687.0233764205,0.9686062932014465
2016-02-15,110.87744903564453,Hold,0,354,254554.1412282501,293631.0742068264,286709.97906207305,0.9705304503440857
2016-02-16,112.7891616821289,Hold,0,354,254554.1412282501,294304.8258814068,291652.7279289805,0.9742247462272644
2016-02-17,113.17145538330078,Hold,0,354,254554.1412282501,294439.5590076534,292641.1514568408,0.9579954743385315
2016-02-18,115.46546936035156,Hold,0,354,254554.1412282501,295248.046497335,298572.3435774712,0.9533393979072571
2016-02-19,115.46546936035156,Hold,0,354,254554.1412282501,295248.046497335,298572.3435774712,0.9716443419456482
2016-02-22,115.46546936035156,Hold,0,354,254554.1412282501,295248.046497335,298572.3435774712,0.976250946521759
2016-02-23,114.31851196289062,Hold,0,354,254554.1412282501,294843.82023004914,295606.8757352636,0.973558247089386
2016-02-24,113.17145538330078,Hold,0,354,254554.1412282501,294439.5590076534,292641.1514568408,0.9788334965705872
2016-02-25,115.08314514160156,Hold,0,354,254554.1412282501,295113.30261567,297583.84114616027,0.9655665159225464
2016-02-26,113.93611907958984,Hold,0,354,254554.1412282501,294709.0521486927,294618.19577118824,0.9626376032829285
2016-03-01,116.23014831542969,Hold,0,354,254554.1412282501,295517.5450160835,300549.4273435441,0.979215145111084
2016-03-02,116.99482727050781,Hold,0,354,254554.1412282501,295787.04353483196,302526.51110961696,0.9533296823501587
2016-03-03,117.7594985961914,Hold,0,354,254554.1412282501,296056.5393647259,304503.57514982705,0.9635640978813171
2016-03-04,116.61249542236328,Hold,0,354,254554.1412282501,295652.2969643123,301537.98895244324,0.953046977519989
2016-03-07,116.23014831542969,Hold,0,354,254554.1412282501,295517.5450160835,300549.4273435441,0.9210637211799622
2016-03-08,116.23014831542969,Hold,0,354,254554.1412282501,295517.5450160835,300549.4273435441,0.9383835196495056
2016-03-09,116.99482727050781,Hold,0,354,254554.1412282501,295787.04353483196,302526.51110961696,0.934091329574585
2016-03-10,118.14183807373047,Hold,0,354,254554.1412282501,296191.2886241001,305492.11703286355,0.829760730266571
2016-03-11,118.52416229248047,Hold,0,354,254554.1412282501,296326.03250576515,306480.6194641745,0.8334602117538452
2016-03-14,119.2888412475586,Hold,0,354,254554.1412282501,296595.5310245136,308457.70323024737,0.697020947933197
2016-03-15,118.14183807373047,Hold,0,354,254554.1412282501,296191.2886241001,305492.11703286355,0.6480719447135925
2016-03-16,119.2888412475586,Hold,0,354,254554.1412282501,296595.5310245136,308457.70323024737,0.686589777469635
2016-03-17,121.2005615234375,Hold,0,354,254554.1412282501,297269.2853879486,313400.4718230176,0.6331748366355896
2016-03-18,121.9651870727539,Hold,0,354,254554.1412282501,297538.76508471486,315377.4175080516,0.6127566695213318
2016-03-21,122.34748840332031,Hold,0,354,254554.1412282501,297673.5008998161,316365.8607617746,0.829679548740387
2016-03-22,121.2005615234375,Hold,0,354,254554.1412282501,297269.2853879486,313400.4718230176,0.9369795918464661
2016-03-23,121.9651870727539,Hold,0,354,254554.1412282501,297538.76508471486,315377.4175080516,0.9516238570213318
2016-03-24,121.2005615234375,Hold,0,354,254554.1412282501,297269.2853879486,313400.4718230176,0.9733415842056274
2016-03-25,120.81819915771484,Hold,0,354,254554.1412282501,297134.52806201053,312411.8707623931,0.9684948921203613
2016-03-28,121.58282470703125,Hold,0,354,254554.1412282501,297404.00775877683,314388.81644742703,0.9711346626281738
2016-03-29,121.58282470703125,Hold,0,354,254554.1412282501,297404.00775877683,314388.81644742703,0.9692977666854858
2016-03-30,123.49449920654297,Hold,0,354,254554.1412282501,298077.74598908424,319331.46668502106,0.9763045907020569
2016-03-31,123.87683868408203,Hold,0,354,254554.1412282501,298212.49524845846,320320.00856805756,0.9792502522468567
2016-04-01,121.2005615234375,Hold,0,354,254554.1412282501,297269.2853879486,313400.4718230176,0.9871262907981873
2016-04-06,117.37711334228516,Hold,0,354,254554.1412282501,295921.77397222404,303514.9149116145,0.9826918244361877
2016-04-07,118.14183807373047,Hold,0,354,254554.1412282501,296191.2886241001,305492.11703286355,0.98408442735672
2016-04-08,120.43586730957031,Hold,0,354,254554.1412282501,296999.7814914909,311423.3486052194,0.9822240471839905
2016-04-11,121.2005615234375,Hold,0,354,254554.1412282501,297269.2853879486,313400.4718230176,0.9769569635391235
2016-04-12,121.2005615234375,Hold,0,354,254554.1412282501,297269.2853879486,313400.4718230176,0.9773023128509521
2016-04-13,123.49449920654297,Hold,0,354,254554.1412282501,298077.74598908424,319331.46668502106,0.9814494252204895
2016-04-14,123.49449920654297,Hold,0,354,254554.1412282501,298077.74598908424,319331.46668502106,0.9667102694511414
2016-04-15,121.9651870727539,Hold,0,354,254554.1412282501,297538.76508471486,315377.4175080516,0.974680483341217
2016-04-18,120.81819915771484,Hold,0,354,254554.1412282501,297134.52806201053,312411.8707623931,0.9744044542312622
2016-04-19,120.43586730957031,Hold,0,354,254554.1412282501,296999.7814914909,311423.3486052194,0.9817713499069214
2016-04-20,117.7594985961914,Hold,0,354,254554.1412282501,296056.5393647259,304503.57514982705,0.9900496006011963
2016-04-21,120.05348205566406,Hold,0,354,254554.1412282501,296865.0160989891,310434.6883670067,0.9891491532325745
2016-04-22,119.6711654663086,Hold,0,354,254554.1412282501,296730.27490617865,309446.20566155843,0.9892297387123108
2016-04-25,120.43586730957031,Hold,0,354,254554.1412282501,296999.7814914909,311423.3486052194,0.9863016605377197
2016-04-26,120.81819915771484,Hold,0,354,254554.1412282501,297134.52806201053,312411.8707623931,0.9869602918624878
2016-04-27,119.6711654663086,Hold,0,354,254554.1412282501,296730.27490617865,309446.20566155843,0.9797890782356262
2016-04-28,116.99482727050781,Hold,0,354,254554.1412282501,295787.04353483196,302526.51110961696,0.9717661738395691
2016-04-29,114.70079803466797,Hold,0,354,254554.1412282501,294978.55066744116,296595.2795372611,0.9586634635925293
2016-05-03,112.7891616821289,Hold,0,354,254554.1412282501,294304.8258814068,291652.7279289805,0.9355559349060059
2016-05-04,112.4067611694336,Hold,0,354,254554.1412282501,294170.0551111958,290664.0282390426,0.9481582045555115
2016-05-05,112.7891616821289,Hold,0,354,254554.1412282501,294304.8258814068,291652.7279289805,0.8063389658927917
2016-05-06,113.17145538330078,Hold,0,354,254554.1412282501,294439.5590076534,292641.1514568408,0.8432648181915283
2016-05-09,112.7891616821289,Hold,0,354,254554.1412282501,294304.8258814068,291652.7279289805,0.8731398582458496
2016-05-10,112.4067611694336,Hold,0,354,254554.1412282501,294170.0551111958,290664.0282390426,0.9154524803161621
2016-05-11,112.4067611694336,Hold,0,354,254554.1412282501,294170.0551111958,290664.0282390426,0.9338144063949585
2016-05-12,111.6421127319336,Hold,0,354,254554.1412282501,293900.56734786567,288687.0233764205,0.9486234784126282
2016-05-13,110.11276245117188,Hold,0,354,254554.1412282501,293361.5729992233,284732.8755701375,0.9120814204216003
2016-05-16,110.49510192871094,Hold,0,354,254554.1412282501,293496.32225859753,285721.4174531739,0.883355975151062
2016-05-17,112.4067611694336,Hold,0,354,254554.1412282501,294170.0551111958,290664.0282390426,0.8619197607040405
2016-05-18,112.4067611694336,Hold,0,354,254554.1412282501,294170.0551111958,290664.0282390426,0.791763961315155
2016-05-19,112.4067611694336,Hold,0,354,254554.1412282501,294170.0551111958,290664.0282390426,0.736872136592865
2016-05-20,113.55378723144531,Hold,0,354,254554.1412282501,294574.305578173,293629.6736140145,0.5110358595848083
2016-05-23,117.7594985961914,Hold,0,354,254554.1412282501,296056.5393647259,304503.57514982705,0.7689381837844849
2016-05-24,115.46546936035156,Hold,0,354,254554.1412282501,295248.046497335,298572.3435774712,0.8162103891372681
2016-05-25,118.14183807373047,Hold,0,354,254554.1412282501,296191.2886241001,305492.11703286355,0.7604013085365295
2016-05-26,118.52416229248047,Hold,0,354,254554.1412282501,296326.03250576515,306480.6194641745,0.7298570275306702
2016-05-27,119.6711654663086,Hold,0,354,254554.1412282501,296730.27490617865,309446.20566155843,0.5797900557518005
2016-05-30,120.05348205566406,Hold,0,354,254554.1412282501,296865.0160989891,310434.6883670067,0.5851926803588867
2016-05-31,119.6711654663086,Buy,1062,1416,127282.25914477195,295986.7938564861,309446.20566155843,0.7607879638671875
2016-06-01,121.58282470703125,Buy,522,1938,63725.58526354331,298310.447795071,314388.81644742703,0.8144960999488831
2016-06-02,121.58282470703125,Buy,471,2409,6378.471474158847,297975.4445590145,314388.81644742703,0.9456860423088074
2016-06-03,122.7298583984375,Buy,46,2455,724.8530456127046,300693.3949382976,317354.4815482617,0.9462555050849915
2016-06-06,123.1122055053711,Buy,5,2460,108.41484362162339,301624.3024738058,318343.04315716086,0.9787841439247131
2016-06-07,123.87683868408203,Hold,0,2460,108.41484362162339,303496.9766789678,320320.00856805756,0.4997468590736389
2016-06-08,126.55321502685547,Hold,0,2460,108.41484362162339,310051.72878751124,327239.80174931244,0.7911209464073181
2016-06-13,123.87683868408203,Hold,0,2460,108.41484362162339,303496.9766789678,320320.00856805756,0.6834979057312012
2016-06-14,123.87683868408203,Hold,0,2460,108.41484362162339,303496.9766789678,320320.00856805756,0.6909631490707397
2016-06-15,124.64153289794922,Hold,0,2460,108.41484362162339,305369.80036621605,322297.13178585574,0.9462053179740906
2016-06-16,122.7298583984375,Hold,0,2460,108.41484362162339,300687.89063018165,317354.4815482617,0.9771162867546082
2016-06-17,124.64153289794922,Hold,0,2460,108.41484362162339,305369.80036621605,322297.13178585574,0.9921618103981018
2016-06-20,124.64153289794922,Hold,0,2460,108.41484362162339,305369.80036621605,322297.13178585574,0.9957811832427979
2016-06-21,126.55321502685547,Hold,0,2460,108.41484362162339,310051.72878751124,327239.80174931244,0.9954434633255005
2016-06-22,126.93557739257812,Hold,0,2460,108.41484362162339,310988.1780016569,328228.402809937,0.9896799921989441
2016-06-23,125.40618896484375,Hold,0,2460,108.41484362162339,307242.5306271604,324274.1563743405,0.987400233745575
2016-06-24,121.58282470703125,Hold,0,2460,108.41484362162339,297878.67378457007,314388.81644742703,0.9770481586456299
2016-06-27,123.56946563720703,Hold,0,2460,108.41484362162339,302744.1848929571,319525.2930118502,0.9556122422218323
2016-06-28,124.76145935058594,Hold,0,2460,108.41484362162339,305663.5139803022,322607.20262153936,0.968706488609314
2016-06-29,126.35077667236328,Hold,0,2460,108.41484362162339,309555.93407816824,326716.3957085955,0.8578775525093079
2016-06-30,129.13206481933594,Hold,0,2460,108.41484362162339,316367.62720759714,333907.43922775274,0.750656008720398
2016-07-01,131.9134521484375,Hold,0,2460,108.41484362162339,323179.56324541604,341098.73918312497,0.9347429871559143
2016-07-04,131.9134521484375,Hold,0,2460,108.41484362162339,323179.56324541604,341098.73918312497,0.9242844581604004
2016-07-05,130.32406616210938,Hold,0,2460,108.41484362162339,319286.974980203,336989.36856330466,0.9788161516189575
2016-07-06,128.33741760253906,Hold,0,2460,108.41484362162339,314421.44518655527,331852.8722730187,0.9884761571884155
2016-07-07,130.72142028808594,Hold,0,2460,108.41484362162339,320260.14073176705,338016.7309441224,0.9908776879310608
2016-07-08,130.72142028808594,Hold,0,2460,108.41484362162339,320260.14073176705,338016.7309441224,0.9959985017776489
2016-07-11,135.09202575683594,Hold,0,2460,108.41484362162339,330964.253959062,349316.9675503358,0.995560884475708
2016-07-12,135.88674926757812,Hold,0,2460,108.41484362162339,332910.62283271155,351371.73176369676,0.9941001534461975
2016-07-13,133.90005493164062,Hold,0,2460,108.41484362162339,328044.9809274992,346235.11711823475,0.9934552311897278
2016-07-14,134.29737854003906,Hold,0,2460,108.41484362162339,329018.0719380201,347262.40059560176,0.9922313690185547
2016-07-15,134.69471740722656,Hold,0,2460,108.41484362162339,329991.20031906257,348289.7235246941,0.9903912544250488
2016-07-18,134.69471740722656,Hold,0,2460,108.41484362162339,329991.20031906257,348289.7235246941,0.9914127588272095
2016-07-19,135.48936462402344,Hold,0,2460,108.41484362162339,331937.38234010444,350344.29047942813,0.9886245727539062
2016-07-20,135.09202575683594,Hold,0,2460,108.41484362162339,330964.253959062,349316.9675503358,0.9810572862625122
2016-07-21,136.68136596679688,Hold,0,2460,108.41484362162339,334856.7301127103,353426.21981498005,0.9803772568702698
2016-07-22,135.88674926757812,Hold,0,2460,108.41484362162339,332910.62283271155,351371.73176369676,0.9799253940582275
2016-07-25,136.28404235839844,Hold,0,2460,108.41484362162339,333883.6391021894,352398.93633761303,0.9761442542076111
2016-07-26,137.47601318359375,Hold,0,2460,108.41484362162339,336802.9121337522,355480.7867697141,0.97560715675354
2016-07-27,139.0653533935547,Hold,0,2460,108.41484362162339,340695.3882874006,359590.03903435834,0.9698002338409424
2016-07-28,140.25729370117188,Hold,0,2460,108.41484362162339,343614.5865779203,362671.81056300853,0.9545576572418213
2016-07-29,137.07872009277344,Hold,0,2460,108.41484362162339,335829.89586427435,354453.5821957978,0.9533219933509827
2016-08-01,140.65464782714844,Hold,0,2460,108.41484362162339,344587.7523294843,363699.1729438264,0.9507095813751221
2016-08-02,139.8599853515625,Hold,0,2460,108.41484362162339,342641.53293792094,361644.56653736695,0.9577854871749878
2016-08-03,137.07872009277344,Hold,0,2460,108.41484362162339,335829.89586427435,354453.5821957978,0.9509223103523254
2016-08-04,138.6680145263672,Hold,0,2460,108.41484362162339,339722.2599063581,358562.7161052659,0.9434599280357361
2016-08-05,140.65464782714844,Hold,0,2460,108.41484362162339,344587.7523294843,363699.1729438264,0.9491487741470337
2016-08-08,141.44932556152344,Hold,0,2460,108.41484362162339,346534.0090915693,365753.8188020112,0.9532403945922852
2016-08-09,141.84664916992188,Hold,0,2460,108.41484362162339,347507.1001020902,366781.1022793782,0.9747143387794495
2016-08-10,142.64129638671875,Hold,0,2460,108.41484362162339,349453.2821231321,368835.66923411225,0.981693685054779
2016-08-11,140.25729370117188,Hold,0,2460,108.41484362162339,343614.5865779203,362671.81056300853,0.9853909015655518
2016-08-12,141.05197143554688,Hold,0,2460,108.41484362162339,345560.84334000526,364726.45642119343,0.9866983890533447
2016-08-15,142.24398803710938,Hold,0,2460,108.41484362162339,348480.2284831327,367808.42520847067,0.9874672293663025
2016-08-16,139.46263122558594,Hold,0,2460,108.41484362162339,341668.3671863569,360617.2041565492,0.987541139125824
2016-08-17,140.65464782714844,Hold,0,2460,108.41484362162339,344587.7523294843,363699.1729438264,0.989996075630188
2016-08-18,139.8599853515625,Hold,0,2460,108.41484362162339,342641.53293792094,361644.56653736695,0.9892415404319763
2016-08-19,138.6680145263672,Hold,0,2460,108.41484362162339,339722.2599063581,358562.7161052659,0.9893999695777893
2016-08-22,137.07872009277344,Hold,0,2460,108.41484362162339,335829.89586427435,354453.5821957978,0.9906980395317078
2016-08-23,139.0653533935547,Hold,0,2460,108.41484362162339,340695.3882874006,359590.03903435834,0.99367755651474
2016-08-24,137.87335205078125,Hold,0,2460,108.41484362162339,337776.0405147947,356508.1096988064,0.992671012878418
2016-08-25,140.25729370117188,Hold,0,2460,108.41484362162339,343614.5865779203,362671.81056300853,0.993124783039093
2016-08-26,140.65464782714844,Hold,0,2460,108.41484362162339,344587.7523294843,363699.1729438264,0.9922214150428772
2016-08-29,139.8599853515625,Hold,0,2460,108.41484362162339,342641.53293792094,361644.56653736695,0.9908254742622375
2016-08-30,138.2707061767578,Hold,0,2460,108.41484362162339,338749.2062663587,357535.4720796243,0.9928764700889587
2016-08-31,140.25729370117188,Hold,0,2460,108.41484362162339,343614.5865779203,362671.81056300853,0.9937517046928406
2016-09-01,138.2707061767578,Hold,0,2460,108.41484362162339,338749.2062663587,357535.4720796243,0.9885243773460388
2016-09-02,138.2707061767578,Hold,0,2460,108.41484362162339,338749.2062663587,357535.4720796243,0.9662734270095825
2016-09-05,140.65464782714844,Hold,0,2460,108.41484362162339,344587.7523294843,363699.1729438264,0.7477160096168518
2016-09-06,141.44932556152344,Hold,0,2460,108.41484362162339,346534.0090915693,365753.8188020112,0.6113300919532776
2016-09-07,147.01194763183594,Hold,0,2460,108.41484362162339,360157.5074619917,380136.0241955018,0.940972626209259
2016-09-08,145.422607421875,Hold,0,2460,108.41484362162339,356265.0313083433,376026.77193085756,0.9823827147483826
2016-09-09,143.4359588623047,Hold,0,2460,108.41484362162339,351399.5015146955,370890.2756405717,0.9959385395050049
2016-09-12,139.46263122558594,Hold,0,2460,108.41484362162339,341668.3671863569,360617.2041565492,0.99899822473526
2016-09-13,139.46263122558594,Hold,0,2460,108.41484362162339,341668.3671863569,360617.2041565492,0.999737560749054
2016-09-14,138.2707061767578,Hold,0,2460,108.41484362162339,338749.2062663587,357535.4720796243,0.9998266100883484
2016-09-19,145.422607421875,Hold,0,2460,108.41484362162339,356265.0313083433,376026.77193085756,0.9998929500579834
2016-09-20,145.81993103027344,Hold,0,2460,108.41484362162339,357238.1223188642,377054.0554082246,0.9999253749847412
2016-09-21,146.21726989746094,Hold,0,2460,108.41484362162339,358211.25069990667,378081.37833731703,0.9999405145645142
2016-09-22,147.01194763183594,Hold,0,2460,108.41484362162339,360157.5074619917,380136.0241955018,0.9999287128448486
2016-09-23,148.60125732421875,Hold,0,2460,108.41484362162339,364049.90887459693,384245.1975566953,0.9999535083770752
2016-09-26,145.81993103027344,Hold,0,2460,108.41484362162339,357238.1223188642,377054.0554082246,0.9999163150787354
2016-09-27,145.81993103027344,Hold,0,2460,108.41484362162339,357238.1223188642,377054.0554082246,0.9996652603149414
2016-09-28,145.81993103027344,Hold,0,2460,108.41484362162339,357238.1223188642,377054.0554082246,0.5166921019554138
2016-09-29,148.60125732421875,Hold,0,2460,108.41484362162339,364049.90887459693,384245.1975566953,0.8442316055297852
2016-09-30,146.21726989746094,Hold,0,2460,108.41484362162339,358211.25069990667,378081.37833731703,0.981547474861145
2016-10-03,147.8065948486328,Hold,0,2460,108.41484362162339,362103.68948303355,382190.59115023585,0.8751980662345886
2016-10-04,148.60125732421875,Hold,0,2460,108.41484362162339,364049.90887459693,384245.1975566953,0.9182384014129639
2016-10-05,147.8065948486328,Hold,0,2460,108.41484362162339,362103.68948303355,382190.59115023585,0.7375252842903137
2016-10-06,148.9985809326172,Hold,0,2460,108.41484362162339,365022.99988511787,385272.48103406234,0.7346054911613464
2016-10-07,149.3959197998047,Hold,0,2460,108.41484362162339,365996.1282661604,386299.80396315467,0.8051833510398865
2016-10-11,148.9985809326172,Hold,0,2460,108.41484362162339,365022.99988511787,385272.48103406234,0.651300311088562
2016-10-12,150.58792114257812,Hold,0,2460,108.41484362162339,368915.47603876627,389381.7332987065,0.8456266522407532
2016-10-13,149.793212890625,Hold,0,2460,108.41484362162339,366969.1445356382,387327.00853707094,0.8882968425750732
2016-10-14,149.3959197998047,Hold,0,2460,108.41484362162339,365996.1282661604,386299.80396315467,0.9710328578948975
2016-10-17,148.2039337158203,Hold,0,2460,108.41484362162339,363076.817864076,383217.9140793283,0.9774805307388306
2016-10-18,148.60125732421875,Hold,0,2460,108.41484362162339,364049.90887459693,384245.1975566953,0.9497605562210083
2016-10-19,150.58792114257812,Hold,0,2460,108.41484362162339,368915.47603876627,389381.7332987065,0.8542514443397522
2016-10-20,151.38255310058594,Hold,0,2460,108.41484362162339,370861.62068928656,391436.2608017152,0.5172848105430603
2016-10-21,149.793212890625,Hold,0,2460,108.41484362162339,366969.1445356382,387327.00853707094,0.7444744110107422
2016-10-24,151.7799072265625,Hold,0,2460,108.41484362162339,371834.7864408506,392463.62318253296,0.7504646182060242
2016-10-25,153.36920166015625,Hold,0,2460,108.41484362162339,375727.1504829343,396572.75709200103,0.6921594142913818
2016-10-26,152.17724609375,Hold,0,2460,108.41484362162339,372807.9148218931,393490.9461116254,0.701107382774353
2016-10-27,149.793212890625,Hold,0,2460,108.41484362162339,366969.1445356382,387327.00853707094,0.7480884790420532
2016-10-28,150.58792114257812,Hold,0,2460,108.41484362162339,368915.47603876627,389381.7332987065,0.6185290813446045
2016-10-31,149.793212890625,Hold,0,2460,108.41484362162339,366969.1445356382,387327.00853707094,0.7217207551002502
2016-11-01,150.58792114257812,Hold,0,2460,108.41484362162339,368915.47603876627,389381.7332987065,0.7938215732574463
2016-11-02,147.8065948486328,Hold,0,2460,108.41484362162339,362103.68948303355,382190.59115023585,0.6002350449562073
2016-11-03,146.61460876464844,Hold,0,2460,108.41484362162339,359184.3790809492,379108.70126640936,0.5544991493225098
2016-11-04,146.61460876464844,Hold,0,2460,108.41484362162339,359184.3790809492,379108.70126640936,0.6387780904769897
2016-11-07,150.1905517578125,Hold,0,2460,108.41484362162339,367942.27291668067,388354.3314661634,0.5050631761550903
2016-11-08,149.793212890625,Hold,0,2460,108.41484362162339,366969.1445356382,387327.00853707094,0.6030964851379395
2016-11-09,144.62796020507812,Hold,0,2460,108.41484362162339,354318.8492873014,373972.2049761235,0.6190667152404785
2016-11-10,147.40928649902344,Hold,0,2460,108.41484362162339,361130.63584303414,381163.34712459426,0.6587342619895935
2016-11-11,144.2306365966797,Hold,0,2460,108.41484362162339,353345.7582767805,372944.9214987565,0.6058377027511597
2016-11-14,143.4359588623047,Hold,0,2460,108.41484362162339,351399.5015146955,370890.2756405717,0.5476202368736267
2016-11-15,143.03863525390625,Hold,0,2460,108.41484362162339,350426.4105041746,369862.9921632047,0.50083988904953
2016-11-16,143.03863525390625,Hold,0,2460,108.41484362162339,350426.4105041746,369862.9921632047,0.5755754113197327
2016-11-17,144.2306365966797,Hold,0,2460,108.41484362162339,353345.7582767805,372944.9214987565,0.5329008102416992
2016-11-18,143.8332977294922,Hold,0,2460,108.41484362162339,352372.629895738,371917.59856966406,0.5080849528312683
2016-11-21,143.8332977294922,Hold,0,2460,108.41484362162339,352372.629895738,371917.59856966406,0.5300406217575073
2016-11-22,146.21726989746094,Hold,0,2460,108.41484362162339,358211.25069990667,378081.37833731703,0.7274993658065796
2016-11-23,147.40928649902344,Hold,0,2460,108.41484362162339,361130.63584303414,381163.34712459426,0.8132917284965515
2016-11-24,145.422607421875,Hold,0,2460,108.41484362162339,356265.0313083433,376026.77193085756,0.8920260667800903
2016-11-25,144.62796020507812,Hold,0,2460,108.41484362162339,354318.8492873014,373972.2049761235,0.9668214321136475
2016-11-28,146.21726989746094,Hold,0,2460,108.41484362162339,358211.25069990667,378081.37833731703,0.9760417938232422
2016-11-29,144.62796020507812,Hold,0,2460,108.41484362162339,354318.8492873014,373972.2049761235,0.9390959739685059
2016-11-30,145.422607421875,Hold,0,2460,108.41484362162339,356265.0313083433,376026.77193085756,0.9668444395065308
2016-12-01,145.422607421875,Hold,0,2460,108.41484362162339,356265.0313083433,376026.77193085756,0.9638640284538269
2016-12-02,141.44932556152344,Hold,0,2460,108.41484362162339,346534.0090915693,365753.8188020112,0.8623688220977783
2016-12-05,142.24398803710938,Hold,0,2460,108.41484362162339,348480.2284831327,367808.42520847067,0.7471684217453003
2016-12-06,144.62796020507812,Hold,0,2460,108.41484362162339,354318.8492873014,373972.2049761235,0.6271533966064453
2016-12-07,144.2306365966797,Hold,0,2460,108.41484362162339,353345.7582767805,372944.9214987565,0.6324399709701538
2016-12-08,147.40928649902344,Hold,0,2460,108.41484362162339,361130.63584303414,381163.34712459426,0.8819561004638672
2016-12-09,147.8065948486328,Hold,0,2460,108.41484362162339,362103.68948303355,382190.59115023585,0.9041632413864136
2016-12-12,147.01194763183594,Hold,0,2460,108.41484362162339,360157.5074619917,380136.0241955018,0.9026021957397461
2016-12-13,147.8065948486328,Hold,0,2460,108.41484362162339,362103.68948303355,382190.59115023585,0.9101700782775879
2016-12-14,148.9985809326172,Hold,0,2460,108.41484362162339,365022.99988511787,385272.48103406234,0.9055007696151733
2016-12-15,148.60125732421875,Hold,0,2460,108.41484362162339,364049.90887459693,384245.1975566953,0.9174160361289978
2016-12-16,147.01194763183594,Hold,0,2460,108.41484362162339,360157.5074619917,380136.0241955018,0.9221116304397583
2016-12-19,145.02528381347656,Hold,0,2460,108.41484362162339,355291.94029782235,374999.48845349054,0.9062656760215759
2016-12-20,145.02528381347656,Hold,0,2460,108.41484362162339,355291.94029782235,374999.48845349054,0.8728872537612915
2016-12-21,143.03863525390625,Hold,0,2460,108.41484362162339,350426.4105041746,369862.9921632047,0.7468644380569458
2016-12-22,142.24398803710938,Sell,1230,1230,174294.3216633772,348480.2284831328,367808.42520847067,0.6952574849128723
2016-12-23,141.84664916992188,Sell,1230,0,347993.66429261153,347993.66429261153,366781.1022793782,0.8791378140449524
2016-12-26,142.64129638671875,Hold,0,0,347993.66429261153,347993.66429261153,368835.66923411225,0.977607786655426
2016-12-27,143.03863525390625,Hold,0,0,347993.66429261153,347993.66429261153,369862.9921632047,0.9853179454803467
2016-12-28,144.62796020507812,Hold,0,0,347993.66429261153,347993.66429261153,373972.2049761235,0.9953881502151489
2016-12-29,143.03863525390625,Hold,0,0,347993.66429261153,347993.66429261153,369862.9921632047,0.9979773163795471
2016-12-30,144.2306365966797,Hold,0,0,347993.66429261153,347993.66429261153,372944.9214987565,0.9989166259765625
2017-01-03,145.422607421875,Hold,0,0,347993.66429261153,347993.66429261153,376026.77193085756,0.9996747970581055
2017-01-04,145.422607421875,Hold,0,0,347993.66429261153,347993.66429261153,376026.77193085756,0.9998231530189514
2017-01-05,145.81993103027344,Hold,0,0,347993.66429261153,347993.66429261153,377054.0554082246,0.9997511506080627
2017-01-06,146.21726989746094,Hold,0,0,347993.66429261153,347993.66429261153,378081.37833731703,0.9994957447052002
2017-01-09,146.21726989746094,Hold,0,0,347993.66429261153,347993.66429261153,378081.37833731703,0.9970199465751648
2017-01-10,146.21726989746094,Hold,0,0,347993.66429261153,347993.66429261153,378081.37833731703,0.9881405830383301
2017-01-11,144.62796020507812,Hold,0,0,347993.66429261153,347993.66429261153,373972.2049761235,0.9260339140892029
2017-01-12,146.61460876464844,Hold,0,0,347993.66429261153,347993.66429261153,379108.70126640936,0.9909006357192993
2017-01-13,144.2306365966797,Hold,0,0,347993.66429261153,347993.66429261153,372944.9214987565,0.8879044651985168
2017-01-16,142.64129638671875,Hold,0,0,347993.66429261153,347993.66429261153,368835.66923411225,0.7845538854598999
2017-01-17,143.8332977294922,Hold,0,0,347993.66429261153,347993.66429261153,371917.59856966406,0.7430078983306885
2017-01-18,143.8332977294922,Hold,0,0,347993.66429261153,347993.66429261153,371917.59856966406,0.892228364944458
2017-01-19,143.4359588623047,Hold,0,0,347993.66429261153,347993.66429261153,370890.2756405717,0.9895570874214172
2017-01-20,143.8332977294922,Hold,0,0,347993.66429261153,347993.66429261153,371917.59856966406,0.9884039163589478
2017-01-23,147.01194763183594,Hold,0,0,347993.66429261153,347993.66429261153,380136.0241955018,0.9919984936714172
2017-01-24,147.40928649902344,Hold,0,0,347993.66429261153,347993.66429261153,381163.34712459426,0.9917974472045898
2017-02-02,146.61460876464844,Hold,0,0,347993.66429261153,347993.66429261153,379108.70126640936,0.990812361240387
2017-02-03,146.61460876464844,Hold,0,0,347993.66429261153,347993.66429261153,379108.70126640936,0.9904429316520691
2017-02-06,146.61460876464844,Hold,0,0,347993.66429261153,347993.66429261153,379108.70126640936,0.9900161623954773
2017-02-07,146.61460876464844,Hold,0,0,347993.66429261153,347993.66429261153,379108.70126640936,0.9901047348976135
2017-02-08,145.81993103027344,Hold,0,0,347993.66429261153,347993.66429261153,377054.0554082246,0.9894864559173584
2017-02-09,146.21726989746094,Hold,0,0,347993.66429261153,347993.66429261153,378081.37833731703,0.9890323877334595
2017-02-10,147.40928649902344,Hold,0,0,347993.66429261153,347993.66429261153,381163.34712459426,0.9870736598968506
2017-02-13,148.9985809326172,Hold,0,0,347993.66429261153,347993.66429261153,385272.48103406234,0.9696437120437622
2017-02-14,148.9985809326172,Hold,0,0,347993.66429261153,347993.66429261153,385272.48103406234,0.8994588851928711
2017-02-15,150.1905517578125,Hold,0,0,347993.66429261153,347993.66429261153,388354.3314661634,0.8291818499565125
2017-02-16,150.1905517578125,Hold,0,0,347993.66429261153,347993.66429261153,388354.3314661634,0.6688314080238342
2017-02-17,150.58792114257812,Hold,0,0,347993.66429261153,347993.66429261153,389381.7332987065,0.5722664594650269
2017-02-20,150.9852294921875,Buy,1150,1150,174113.2233317656,346977.9111612028,390408.9773243482,0.5218298435211182
2017-02-21,150.9852294921875,Buy,575,1725,87173.00285134262,346470.0345954985,390408.9773243482,0.5454517602920532
2017-02-22,149.793212890625,Buy,290,2015,43671.06906783432,344168.78058385605,387327.00853707094,0.590447187423706
2017-02-23,149.793212890625,Buy,145,2160,21920.102176080174,344041.71849102154,387327.00853707094,0.8112263679504395
2017-02-24,150.1905517578125,Buy,72,2232,11090.972898907323,344832.9124188536,388354.3314661634,0.8220263719558716
2017-03-01,147.8065948486328,Buy,37,2269,5614.335786794514,339503.4732489187,382190.59115023585,0.7869542241096497
2017-03-02,147.8065948486328,Buy,18,2287,2950.025840361256,339487.9092144812,382190.59115023585,0.825322151184082
2017-03-03,146.21726989746094,Buy,18,2305,314.3645092340894,335853.81030140363,378081.37833731703,0.9116445779800415
2017-03-06,145.81993103027344,Buy,1,2306,168.3367848020978,334941.1438733832,377054.0554082246,0.9803524017333984
2017-03-07,147.40928649902344,Buy,1,2307,20.71744006981325,338589.1173773238,381163.34712459426,0.9877946376800537
2017-03-08,148.60125732421875,Hold,0,2307,20.71744006981325,341326.8258666796,384245.1975566953,0.9628634452819824
2017-03-09,146.61460876464844,Hold,0,2307,20.71744006981325,336763.90829190507,379108.70126640936,0.6789690852165222
2017-03-10,145.81993103027344,Hold,0,2307,20.71744006981325,334938.69920648634,377054.0554082246,0.7810035943984985
2017-03-13,148.2039337158203,Hold,0,2307,20.71744006981325,340414.25637022767,383217.9140793283,0.9052445292472839
2017-03-14,147.8065948486328,Hold,0,2307,20.71744006981325,339501.6518275183,382190.59115023585,0.9698567390441895
2017-03-15,148.2039337158203,Hold,0,2307,20.71744006981325,340414.25637022767,383217.9140793283,0.8860652446746826
2017-03-16,150.9852294921875,Hold,0,2307,20.71744006981325,346802.3129379061,390408.9773243482,0.8934690952301025
2017-03-17,152.17724609375,Hold,0,2307,20.71744006981325,349540.12656603416,393490.9461116254,0.84323650598526
2017-03-20,152.17724609375,Hold,0,2307,20.71744006981325,349540.12656603416,393490.9461116254,0.7456255555152893
2017-03-21,154.9585418701172,Hold,0,2307,20.71744006981325,355928.1831337126,400682.0093566453,0.5307444930076599
2017-03-22,153.7665557861328,Hold,0,2307,20.71744006981325,353190.4395980994,397600.1194728188,0.7544665932655334
2017-03-23,153.7665557861328,Hold,0,2307,20.71744006981325,353190.4395980994,397600.1194728188,0.8466198444366455
2017-03-24,152.9718475341797,Hold,0,2307,20.71744006981325,351365.16042016586,395545.39471118327,0.7390331029891968
2017-03-27,153.36920166015625,Hold,0,2307,20.71744006981325,352277.80000913265,396572.75709200103,0.8100194334983826
2017-03-28,154.56121826171875,Hold,0,2307,20.71744006981325,355015.6136372607,399654.72587927827,0.7233182787895203
2017-03-29,152.17724609375,Hold,0,2307,20.71744006981325,349540.12656603416,393490.9461116254,0.6224256157875061
2017-03-30,152.17724609375,Hold,0,2307,20.71744006981325,349540.12656603416,393490.9461116254,0.6046251654624939
2017-03-31,150.1905517578125,Hold,0,2307,20.71744006981325,344977.1038524874,388354.3314661634,0.585195779800415
2017-04-05,153.36920166015625,Hold,0,2307,20.71744006981325,352277.80000913265,396572.75709200103,0.5058611035346985
2017-04-06,152.17724609375,Hold,0,2307,20.71744006981325,349540.12656603416,393490.9461116254,0.534826397895813
2017-04-07,151.7799072265625,Hold,0,2307,20.71744006981325,348627.52202332485,392463.62318253296,0.5603839159011841
2017-04-10,150.9852294921875,Hold,0,2307,20.71744006981325,346802.3129379061,390408.9773243482,0.689693808555603
2017-04-11,151.7799072265625,Hold,0,2307,20.71744006981325,348627.52202332485,392463.62318253296,0.5685136914253235
2017-04-12,151.7799072265625,Hold,0,2307,20.71744006981325,348627.52202332485,392463.62318253296,0.6120562553405762
2017-04-13,152.17724609375,Hold,0,2307,20.71744006981325,349540.12656603416,393490.9461116254,0.8741632103919983
2017-04-14,150.1905517578125,Hold,0,2307,20.71744006981325,344977.1038524874,388354.3314661634,0.9704768657684326
2017-04-17,148.9985809326172,Hold,0,2307,20.71744006981325,342239.3953631316,385272.48103406234,0.9796238541603088
2017-04-18,149.3959197998047,Hold,0,2307,20.71744006981325,343151.9999058409,386299.80396315467,0.9789541363716125
2017-04-19,148.2039337158203,Hold,0,2307,20.71744006981325,340414.25637022767,383217.9140793283,0.9731463193893433
2017-04-20,148.60125732421875,Hold,0,2307,20.71744006981325,341326.8258666796,384245.1975566953,0.9665554165840149
2017-04-21,150.9852294921875,Hold,0,2307,20.71744006981325,346802.3129379061,390408.9773243482,0.9610375165939331
2017-04-24,150.9852294921875,Hold,0,2307,20.71744006981325,346802.3129379061,390408.9773243482,0.9139462113380432
2017-04-25,152.5745391845703,Hold,0,2307,20.71744006981325,350452.62596997136,394518.1506855417,0.8679118752479553
2017-04-26,151.7799072265625,Hold,0,2307,20.71744006981325,348627.52202332485,392463.62318253296,0.870018720626831
2017-04-27,153.36920166015625,Hold,0,2307,20.71744006981325,352277.80000913265,396572.75709200103,0.8701223134994507
2017-04-28,154.56121826171875,Hold,0,2307,20.71744006981325,355015.6136372607,399654.72587927827,0.917207658290863
2017-05-02,156.15054321289062,Hold,0,2307,20.71744006981325,358665.9617155833,403763.9386921971,0.9248479604721069
2017-05-03,157.342529296875,Hold,0,2307,20.71744006981325,361403.7052511965,406845.8285760236,0.9593695998191833
2017-05-04,157.342529296875,Hold,0,2307,20.71744006981325,361403.7052511965,406845.8285760236,0.9674112796783447
2017-05-05,156.9451446533203,Hold,0,2307,20.71744006981325,360490.995569715,405818.38729175495,0.9756197929382324
2017-05-08,160.91851806640625,Hold,0,2307,20.71744006981325,369617.0059505511,416091.57713095366,0.987097442150116
2017-05-09,161.71307373046875,Hold,0,2307,20.71744006981325,371441.9346659106,418145.90737533534,0.9877592921257019
2017-05-10,163.3024444580078,Hold,0,2307,20.71744006981325,375092.3878830054,422255.23854343046,0.9900554418563843
2017-05-11,164.89173889160156,Hold,0,2307,20.71744006981325,378742.6658688132,426364.37245289853,0.9898937344551086
2017-05-12,163.69981384277344,Hold,0,2307,20.71744006981325,376005.06251822953,423282.64037597366,0.9871866703033447
2017-05-15,163.69981384277344,Hold,0,2307,20.71744006981325,376005.06251822953,423282.64037597366,0.9891389012336731
2017-05-16,162.50778198242188,Hold,0,2307,20.71744006981325,373267.2138438441,420200.632136971,0.9851990342140198
2017-05-17,162.11041259765625,Hold,0,2307,20.71744006981325,372354.5392086199,419173.2303044278,0.9851424098014832
2017-05-18,161.71307373046875,Hold,0,2307,20.71744006981325,371441.9346659106,418145.90737533534,0.9832590818405151
2017-05-19,161.31578063964844,Hold,0,2307,20.71744006981325,370529.4352619734,417118.7028014192,0.9780469536781311
2017-05-22,162.90513610839844,Hold,0,2307,20.71744006981325,374179.8534328108,421227.99451778876,0.973205029964447
2017-05-23,162.90513610839844,Hold,0,2307,20.71744006981325,374179.8534328108,421227.99451778876,0.9768580198287964
2017-05-24,163.3024444580078,Hold,0,2307,20.71744006981325,375092.3878830054,422255.23854343046,0.9735217094421387
2017-05-25,164.4944305419922,Hold,0,2307,20.71744006981325,377830.13141861866,425337.12842725683,0.9829738140106201
2017-05-26,164.4944305419922,Hold,0,2307,20.71744006981325,377830.13141861866,425337.12842725683,0.9766585230827332
2017-05-31,161.31578063964844,Hold,0,2307,20.71744006981325,370529.4352619734,417118.7028014192,0.9533371329307556
2017-06-01,164.4944305419922,Hold,0,2307,20.71744006981325,377830.13141861866,425337.12842725683,0.9345199465751648
2017-06-02,166.08377075195312,Hold,0,2307,20.71744006981325,381480.51454319863,429446.3806919011,0.8859293460845947
2017-06-05,168.46774291992188,Hold,0,2307,20.71744006981325,386956.00161442516,435610.16045955406,0.8731208443641663
2017-06-06,167.27572631835938,Hold,0,2307,20.71744006981325,384218.18798629707,432528.1916722768,0.8151367902755737
2017-06-07,168.07044982910156,Hold,0,2307,20.71744006981325,386043.502210488,434582.9558856378,0.6923263669013977
2017-06-08,169.2623748779297,Hold,0,2307,20.71744006981325,388781.10556107166,437664.68796256266,0.5994354486465454
2017-06-09,168.46774291992188,Hold,0,2307,20.71744006981325,386956.00161442516,435610.16045955406,0.6573659181594849
2017-06-12,164.89173889160156,Hold,0,2307,20.71744006981325,378742.6658688132,426364.37245289853,0.5630238056182861
2017-06-13,165.28907775878906,Hold,0,2307,20.71744006981325,379655.27041152254,427391.69538199087,0.7069357633590698
2017-06-14,164.4944305419922,Hold,0,2307,20.71744006981325,377830.13141861866,425337.12842725683,0.8027740716934204
2017-06-15,165.28907775878906,Hold,0,2307,20.71744006981325,379655.27041152254,427391.69538199087,0.8971920013427734
2017-06-16,168.07044982910156,Hold,0,2307,20.71744006981325,386043.502210488,434582.9558856378,0.9734985828399658
2017-06-19,169.2623748779297,Hold,0,2307,20.71744006981325,388781.10556107166,437664.68796256266,0.980563759803772
2017-06-20,172.04368591308594,Hold,0,2307,20.71744006981325,395169.1971750075,444855.79065930797,0.9885765910148621
2017-06-21,171.24903869628906,Hold,0,2307,20.71744006981325,393344.0581821036,442801.22370457393,0.9905622601509094
2017-06-22,173.23568725585938,Hold,0,2307,20.71744006981325,397906.97575687815,447937.71999485977,0.9906653165817261
2017-06-23,172.4410400390625,Hold,0,2307,20.71744006981325,396081.8367639742,445883.15304012573,0.9871691465377808
2017-06-26,176.54678344726562,Hold,0,2307,20.71744006981325,405511.8734277598,456498.5865970616,0.9801946878433228
2017-06-27,173.67274475097656,Hold,0,2307,20.71744006981325,398910.805707601,449067.7357651361,0.9720778465270996
2017-06-28,171.2092742919922,Hold,0,2307,20.71744006981325,393252.72763531783,442698.4125082139,0.9686712622642517
2017-06-29,172.44102478027344,Hold,0,2307,20.71744006981325,396081.80171771685,445883.1135884003,0.9435783624649048
2017-06-30,171.2092742919922,Hold,0,2307,20.71744006981325,393252.72763531783,442698.4125082139,0.9038941860198975
2017-07-03,171.619873046875,Hold,0,2307,20.71744006981325,394195.7873757082,443760.0189866681,0.8473885655403137
2017-07-04,169.97756958007812,Hold,0,2307,20.71744006981325,390423.7586916911,439513.82978320355,0.7200373411178589
2017-07-05,171.2092742919922,Hold,0,2307,20.71744006981325,393252.72763531783,442698.4125082139,0.5918883681297302
2017-07-06,170.38812255859375,Hold,0,2307,20.71744006981325,391366.71329330927,440575.3179064817,0.5848839282989502
2017-07-07,169.15640258789062,Hold,0,2307,20.71744006981325,388537.7093034251,437390.6957297459,0.5433028936386108
2017-07-10,169.15640258789062,Hold,0,2307,20.71744006981325,388537.7093034251,437390.6957297459,0.747014582157135
2017-07-11,174.08334350585938,Hold,0,2307,20.71744006981325,399853.8654479914,450129.3422435903,0.7590775489807129
2017-07-12,172.85159301757812,Hold,0,2307,20.71744006981325,397024.79136559245,446944.64116340375,0.7427974343299866
2017-07-13,176.13619995117188,Hold,0,2307,20.71744006981325,404568.8487336268,455437.01957033284,0.6735039353370667
2017-07-14,174.9044952392578,Hold,0,2307,20.71744006981325,401739.87979000004,452252.4368453225,0.5571876764297485
2017-07-17,174.9044952392578,Hold,0,2307,20.71744006981325,401739.87979000004,452252.4368453225,0.5306350588798523
2017-07-18,175.7256317138672,Hold,0,2307,20.71744006981325,403625.85908575123,454375.4919953294,0.635400652885437
2017-07-19,176.13619995117188,Hold,0,2307,20.71744006981325,404568.8487336268,455437.01957033284,0.6729558110237122
2017-07-20,176.9573211669922,Hold,0,2307,20.71744006981325,406454.7929831206,457560.0352686143,0.7634725570678711
2017-07-21,175.7256317138672,Hold,0,2307,20.71744006981325,403625.85908575123,454375.4919953294,0.832602858543396
2017-07-24,176.13619995117188,Hold,0,2307,20.71744006981325,404568.8487336268,455437.01957033284,0.8962854743003845
2017-07-25,175.7256317138672,Hold,0,2307,20.71744006981325,403625.85908575123,454375.4919953294,0.9165241122245789
2017-07-26,174.9044952392578,Hold,0,2307,20.71744006981325,401739.87979000004,452252.4368453225,0.9317206740379333
2017-07-27,176.9573211669922,Hold,0,2307,20.71744006981325,406454.7929831206,457560.0352686143,0.9309243559837341
2017-07-28,174.9044952392578,Hold,0,2307,20.71744006981325,401739.87979000004,452252.4368453225,0.9300461411476135
2017-07-31,176.13619995117188,Hold,0,2307,20.71744006981325,404568.8487336268,455437.01957033284,0.9087772369384766
2017-08-01,174.08334350585938,Hold,0,2307,20.71744006981325,399853.8654479914,450129.3422435903,0.8918065428733826
2017-08-02,177.36790466308594,Hold,0,2307,20.71744006981325,407397.81767725357,458621.60229534307,0.8720402121543884
2017-08-03,175.31503295898438,Hold,0,2307,20.71744006981325,402682.79934536084,453313.8855168752,0.9053008556365967
2017-08-04,174.9044952392578,Hold,0,2307,20.71744006981325,401739.87979000004,452252.4368453225,0.9399450421333313
2017-08-07,177.36790466308594,Hold,0,2307,20.71744006981325,407397.81767725357,458621.60229534307,0.9543318152427673
2017-08-08,178.5996551513672,Hold,0,2307,20.71744006981325,410226.8917596526,461806.3033755296,0.9617568850517273
2017-08-09,176.13619995117188,Hold,0,2307,20.71744006981325,404568.8487336268,455437.01957033284,0.9621092081069946
2017-08-10,175.7256317138672,Hold,0,2307,20.71744006981325,403625.85908575123,454375.4919953294,0.972282350063324
2017-08-11,174.49386596679688,Hold,0,2307,20.71744006981325,400796.74995709484,451190.75146341755,0.9807237386703491
2017-08-14,173.26217651367188,Hold,0,2307,20.71744006981325,397967.8160597254,448006.20819013263,0.9796528816223145
2017-08-15,175.7256317138672,Hold,0,2307,20.71744006981325,403625.85908575123,454375.4919953294,0.9804447889328003
2017-08-16,174.9044952392578,Hold,0,2307,20.71744006981325,401739.87979000004,452252.4368453225,0.981431245803833
2017-08-17,175.7256317138672,Hold,0,2307,20.71744006981325,403625.85908575123,454375.4919953294,0.9825467467308044
2017-08-18,174.49386596679688,Hold,0,2307,20.71744006981325,400796.74995709484,451190.75146341755,0.9816495776176453
2017-08-21,173.67274475097656,Hold,0,2307,20.71744006981325,398910.805707601,449067.7357651361,0.9877196550369263
2017-08-22,176.13619995117188,Hold,0,2307,20.71744006981325,404568.8487336268,455437.01957033284,0.9827420115470886
2017-08-23,176.9573211669922,Hold,0,2307,20.71744006981325,406454.7929831206,457560.0352686143,0.9658811092376709
2017-08-24,178.1890106201172,Hold,0,2307,20.71744006981325,409283.72688048996,460744.5785418992,0.8884556293487549
2017-08-25,178.5996551513672,Hold,0,2307,20.71744006981325,410226.8917596526,461806.3033755296,0.8964947462081909
2017-08-28,177.36790466308594,Hold,0,2307,20.71744006981325,407397.81767725357,458621.60229534307,0.8514129519462585
2017-08-29,177.36790466308594,Hold,0,2307,20.71744006981325,407397.81767725357,458621.60229534307,0.8604923486709595
2017-08-30,178.5996551513672,Hold,0,2307,20.71744006981325,410226.8917596526,461806.3033755296,0.8889870643615723
2017-08-31,177.77847290039062,Hold,0,2307,20.71744006981325,408340.80732512916,459683.1298703465,0.9009117484092712
2017-09-01,177.77847290039062,Hold,0,2307,20.71744006981325,408340.80732512916,459683.1298703465,0.9560185670852661
2017-09-04,178.5996551513672,Hold,0,2307,20.71744006981325,410226.8917596526,461806.3033755296,0.9613198637962341
2017-09-05,179.01022338867188,Hold,0,2307,20.71744006981325,411169.8814075282,462867.83095053304,0.9747560024261475
2017-09-06,178.1890106201172,Hold,0,2307,20.71744006981325,409283.72688048996,460744.5785418992,0.9723168015480042
2017-09-07,178.1890106201172,Hold,0,2307,20.71744006981325,409283.72688048996,460744.5785418992,0.9620035886764526
2017-09-08,179.01022338867188,Hold,0,2307,20.71744006981325,411169.8814075282,462867.83095053304,0.9594191312789917
2017-09-11,178.1890106201172,Hold,0,2307,20.71744006981325,409283.72688048996,460744.5785418992,0.9589841961860657
2017-09-12,179.83135986328125,Hold,0,2307,20.71744006981325,413055.8607032794,464990.8861005398,0.9522794485092163
2017-09-13,179.01022338867188,Hold,0,2307,20.71744006981325,411169.8814075282,462867.83095053304,0.9647039175033569
2017-09-14,179.42079162597656,Hold,0,2307,20.71744006981325,412112.8710554038,463929.3585255365,0.9671682119369507
2017-09-15,179.42079162597656,Hold,0,2307,20.71744006981325,412112.8710554038,463929.3585255365,0.9881636500358582
2017-09-18,180.24195861816406,Hold,0,2307,20.71744006981325,413998.9204436698,466052.49257899413,0.9877432584762573
2017-09-19,181.8842010498047,Hold,0,2307,20.71744006981325,417770.8089426573,470298.52397555707,0.9974662065505981
2017-09-20,181.8842010498047,Hold,0,2307,20.71744006981325,417770.8089426573,470298.52397555707,0.9976789355278015
2017-09-21,181.4736328125,Hold,0,2307,20.71744006981325,416827.8192947817,469236.9964005536,0.9972666501998901
2017-09-22,179.42079162597656,Hold,0,2307,20.71744006981325,412112.8710554038,463929.3585255365,0.9970425963401794
2017-09-25,178.1890106201172,Hold,0,2307,20.71744006981325,409283.72688048996,460744.5785418992,0.9964600205421448
2017-09-26,175.7256317138672,Hold,0,2307,20.71744006981325,403625.85908575123,454375.4919953294,0.9965274930000305
2017-09-27,176.54678344726562,Hold,0,2307,20.71744006981325,405511.8734277598,456498.5865970616,0.9960786700248718
2017-09-28,175.7256317138672,Hold,0,2307,20.71744006981325,403625.85908575123,454375.4919953294,0.9954817295074463
2017-09-29,177.77847290039062,Hold,0,2307,20.71744006981325,408340.80732512916,459683.1298703465,0.9938014149665833
2017-10-02,181.0630645751953,Hold,0,2307,20.71744006981325,415884.8296469061,468175.46882555017,0.9931841492652893
2017-10-03,182.705322265625,Hold,0,2307,20.71744006981325,419656.75319215114,472421.53967383853,0.9903106689453125
2017-10-05,184.34764099121094,Hold,0,2307,20.71744006981325,423428.8169224257,476667.7683290284,0.9855748414993286
2017-10-06,184.34764099121094,Hold,0,2307,20.71744006981325,423428.8169224257,476667.7683290284,0.9694095253944397
2017-10-11,191.32740783691406,Hold,0,2307,20.71744006981325,439459.88626011263,494714.01326616446,0.9308010339736938
2017-10-12,195.02259826660156,Hold,0,2307,20.71744006981325,447946.96832228,504267.9586998223,0.9168734550476074
2017-10-13,195.02259826660156,Hold,0,2307,20.71744006981325,447946.96832228,504267.9586998223,0.8909665942192078
2017-10-16,195.43310546875,Hold,0,2307,20.71744006981325,448889.817785126,505329.32846792415,0.8655945062637329
2017-10-17,193.3802947998047,Hold,0,2307,20.71744006981325,444174.9396382628,500021.76949635777,0.665632426738739
2017-10-18,195.02259826660156,Hold,0,2307,20.71744006981325,447946.96832228,504267.9586998223,0.7641447186470032
2017-10-19,196.25430297851562,Hold,0,2307,20.71744006981325,450775.9372659068,507452.54142483266,0.958276629447937
2017-10-20,195.02259826660156,Hold,0,2307,20.71744006981325,447946.96832228,504267.9586998223,0.9794360399246216
2017-10-23,196.25430297851562,Hold,0,2307,20.71744006981325,450775.9372659068,507452.54142483266,0.9812832474708557
2017-10-24,195.43310546875,Hold,0,2307,20.71744006981325,448889.817785126,505329.32846792415,0.9697408080101013
2017-10-25,195.43310546875,Hold,0,2307,20.71744006981325,448889.817785126,505329.32846792415,0.9467158913612366
2017-10-26,193.7908477783203,Hold,0,2307,20.71744006981325,445117.894239881,501083.2576196359,0.9137718081474304
2017-10-27,196.25430297851562,Hold,0,2307,20.71744006981325,450775.9372659068,507452.54142483266,0.9012628793716431
2017-10-30,199.53890991210938,Hold,0,2307,20.71744006981325,458319.99463394115,515944.9198317616,0.8878082633018494
2017-10-31,199.53890991210938,Hold,0,2307,20.71744006981325,458319.99463394115,515944.9198317616,0.8900385499000549
2017-11-01,199.1282958984375,Hold,0,2307,20.71744006981325,457376.89984729333,514883.273901582,0.8438157439231873
2017-11-02,197.89657592773438,Hold,0,2307,20.71744006981325,454547.89585740917,511698.65172484634,0.9118121266365051
2017-11-03,196.25430297851562,Hold,0,2307,20.71744006981325,450775.9372659068,507452.54142483266,0.9599020481109619
2017-11-06,196.6648712158203,Hold,0,2307,20.71744006981325,451718.9269137824,508514.0689998361,0.9669172763824463
2017-11-07,200.3600616455078,Hold,0,2307,20.71744006981325,460206.0089759497,518068.01443349384,0.965222954750061
2017-11-08,199.1282958984375,Hold,0,2307,20.71744006981325,457376.89984729333,514883.273901582,0.9578850269317627
2017-11-09,197.89657592773438,Hold,0,2307,20.71744006981325,454547.89585740917,511698.65172484634,0.966847836971283
2017-11-10,197.4860076904297,Hold,0,2307,20.71744006981325,453604.90620953357,510637.1241498429,0.9665718078613281
2017-11-13,196.6648712158203,Hold,0,2307,20.71744006981325,451718.9269137824,508514.0689998361,0.9728367924690247
2017-11-14,197.07542419433594,Hold,0,2307,20.71744006981325,452661.88151540054,509575.5571231141,0.9700807929039001
2017-11-15,195.02259826660156,Hold,0,2307,20.71744006981325,447946.96832228,504267.9586998223,0.9801280498504639
2017-11-16,195.43310546875,Hold,0,2307,20.71744006981325,448889.817785126,505329.32846792415,0.9805243015289307
2017-11-17,198.30715942382812,Hold,0,2307,20.71744006981325,455490.92055154213,512760.2187515752,0.9757872819900513
2017-11-20,195.84373474121094,Hold,0,2307,20.71744006981325,449832.9476180312,506391.0138498292,0.9730966687202454
2017-11-21,199.53890991210938,Hold,0,2307,20.71744006981325,458319.99463394115,515944.9198317616,0.9852076768875122
2017-11-22,198.7177276611328,Hold,0,2307,20.71744006981325,456433.91019941773,513821.74632657866,0.98710697889328
2017-11-23,199.1282958984375,Hold,0,2307,20.71744006981325,457376.89984729333,514883.273901582,0.9862415790557861
2017-11-24,200.3600616455078,Hold,0,2307,20.71744006981325,460206.0089759497,518068.01443349384,0.9863442182540894
2017-11-27,194.61204528808594,Hold,0,2307,20.71744006981325,447004.0137206618,503206.4705765443,0.9854243397712708
2017-11-28,192.1485595703125,Hold,0,2307,20.71744006981325,441345.9006021212,496837.1078678968,0.9830726385116577
2017-11-29,192.55911254882812,Hold,0,2307,20.71744006981325,442288.8552037394,497898.5959911748,0.9785295724868774
2017-11-30,185.5793914794922,Hold,0,2307,20.71744006981325,426257.89100482466,479852.4694092149,0.9636391401290894
2017-12-01,189.6851348876953,Hold,0,2307,20.71744006981325,435687.92766861024,490467.9029661508,0.96242755651474
2017-12-04,192.1485595703125,Hold,0,2307,20.71744006981325,441345.9006021212,496837.1078678968,0.9656531810760498
2017-12-05,188.4534149169922,Hold,0,2307,20.71744006981325,432858.9236787261,487283.2807894151,0.9560092091560364
2017-12-06,186.4005584716797,Hold,0,2307,20.71744006981325,428143.94039309066,481975.60346267256,0.8850835561752319
2017-12-07,185.98997497558594,Hold,0,2307,20.71744006981325,427200.9156989577,480914.0364359437,0.7815414667129517
2017-12-08,186.4005584716797,Hold,0,2307,20.71744006981325,428143.94039309066,481975.60346267256,0.726718544960022
2017-12-11,186.81114196777344,Hold,0,2307,20.71744006981325,429086.9650872237,483037.1704894013,0.6826828122138977
2017-12-12,186.81114196777344,Hold,0,2307,20.71744006981325,429086.9650872237,483037.1704894013,0.6985863447189331
2017-12-13,186.4005584716797,Hold,0,2307,20.71744006981325,428143.94039309066,481975.60346267256,0.5887267589569092
2017-12-14,189.27456665039062,Hold,0,2307,20.71744006981325,434744.93802073464,489406.37539114733,0.5980892777442932
2017-12-15,188.86398315429688,Hold,0,2307,20.71744006981325,433801.9133266017,488344.80836441845,0.6690511107444763
2017-12-18,186.4005584716797,Hold,0,2307,20.71744006981325,428143.94039309066,481975.60346267256,0.7097263932228088
2017-12-19,184.75823974609375,Hold,0,2307,20.71744006981325,424371.8766628161,477729.3748074826,0.6937395334243774
2017-12-20,184.34764099121094,Hold,0,2307,20.71744006981325,423428.8169224257,476667.7683290284,0.7217758297920227
2017-12-21,184.75823974609375,Hold,0,2307,20.71744006981325,424371.8766628161,477729.3748074826,0.707149863243103
2017-12-22,186.81114196777344,Hold,0,2307,20.71744006981325,429086.9650872237,483037.1704894013,0.7116702198982239
2017-12-25,187.63229370117188,Hold,0,2307,20.71744006981325,430972.97942923225,485160.26509113354,0.5931759476661682
2017-12-26,185.5793914794922,Hold,0,2307,20.71744006981325,426257.89100482466,479852.4694092149,0.5747827887535095
2017-12-27,184.75823974609375,Hold,0,2307,20.71744006981325,424371.8766628161,477729.3748074826,0.6025760173797607
2017-12-28,185.5793914794922,Hold,0,2307,20.71744006981325,426257.89100482466,479852.4694092149,0.6755267977714539
2017-12-29,188.4534149169922,Hold,0,2307,20.71744006981325,432858.9236787261,487283.2807894151,0.7487954497337341
2018-01-02,190.91685485839844,Hold,0,2307,20.71744006981325,438516.9316584944,493652.52514288644,0.8063928484916687
2018-01-03,194.61204528808594,Hold,0,2307,20.71744006981325,447004.0137206618,503206.4705765443,0.8442822694778442
2018-01-04,196.6648712158203,Hold,0,2307,20.71744006981325,451718.9269137824,508514.0689998361,0.91111820936203
2018-01-05,197.07542419433594,Hold,0,2307,20.71744006981325,452661.88151540054,509575.5571231141,0.9279634952545166
2018-01-08,198.7177276611328,Hold,0,2307,20.71744006981325,456433.91019941773,513821.74632657866,0.9568718075752258
2018-01-09,198.7177276611328,Hold,0,2307,20.71744006981325,456433.91019941773,513821.74632657866,0.967538058757782
2018-01-10,194.20143127441406,Hold,0,2307,20.71744006981325,446060.918934014,502144.82464636466,0.978317379951477
2018-01-11,192.9696807861328,Hold,0,2307,20.71744006981325,443231.844851615,498960.12356617826,0.9827982783317566
2018-01-12,194.61204528808594,Hold,0,2307,20.71744006981325,447004.0137206618,503206.4705765443,0.9839364290237427
2018-01-15,197.07542419433594,Hold,0,2307,20.71744006981325,452661.88151540054,509575.5571231141,0.987661600112915
2018-01-16,197.4860076904297,Hold,0,2307,20.71744006981325,453604.90620953357,510637.1241498429,0.9895679354667664
2018-01-17,198.7177276611328,Hold,0,2307,20.71744006981325,456433.91019941773,513821.74632657866,0.9903122186660767
2018-01-18,204.05523681640625,Hold,0,2307,20.71744006981325,468693.0559918597,527621.9204154264,0.9476491212844849
2018-01-19,209.80323791503906,Hold,0,2307,20.71744006981325,481895.0162008902,542483.4248206506,0.8602898716926575
2018-01-22,214.73013305664062,Hold,0,2307,20.71744006981325,493211.0672066843,555221.9529793187,0.7982650995254517
2018-01-23,218.42529296875,Hold,0,2307,20.71744006981325,501698.07917633693,564775.8195095258,0.7566683292388916
2018-01-24,211.8561248779297,Hold,0,2307,20.71744006981325,486610.0695790404,547791.1810508439,0.8014672994613647
2018-01-25,211.8561248779297,Hold,0,2307,20.71744006981325,486610.0695790404,547791.1810508439,0.7891347408294678
2018-01-26,209.3926544189453,Hold,0,2307,20.71744006981325,480951.9915067572,541421.8577939217,0.8980074524879456
2018-01-29,212.2666778564453,Hold,0,2307,20.71744006981325,487553.02418065857,548852.6691741219,0.9658313989639282
2018-01-30,207.7503662109375,Hold,0,2307,20.71744006981325,477179.99786899745,537175.7080421826,0.9793490171432495
2018-01-31,209.3926544189453,Hold,0,2307,20.71744006981325,480951.9915067572,541421.8577939217,0.9877341389656067
2018-02-01,213.08782958984375,Hold,0,2307,20.71744006981325,489439.0385226672,550975.7637758543,0.99174964427948
2018-02-02,213.08782958984375,Hold,0,2307,20.71744006981325,489439.0385226672,550975.7637758543,0.9934298396110535
2018-02-05,207.7503662109375,Hold,0,2307,20.71744006981325,477179.99786899745,537175.7080421826,0.9921388030052185
2018-02-06,196.25430297851562,Hold,0,2307,20.71744006981325,450775.9372659068,507452.54142483266,0.9838722348213196
2018-02-07,197.07542419433594,Hold,0,2307,20.71744006981325,452661.88151540054,509575.5571231141,0.9666253924369812
2018-02-08,195.84373474121094,Hold,0,2307,20.71744006981325,449832.9476180312,506391.0138498292,0.9321597218513489
2018-02-09,190.91685485839844,Hold,0,2307,20.71744006981325,438516.9316584944,493652.52514288644,0.890933096408844
2018-02-12,194.20143127441406,Hold,0,2307,20.71744006981325,446060.918934014,502144.82464636466,0.8502711057662964
2018-02-21,199.1282958984375,Hold,0,2307,20.71744006981325,457376.89984729333,514883.273901582,0.7106286883354187
2018-02-22,196.6648712158203,Hold,0,2307,20.71744006981325,451718.9269137824,508514.0689998361,0.619132399559021
2018-02-23,201.18118286132812,Hold,0,2307,20.71744006981325,462091.9532254435,520191.0301317754,0.7864827513694763
2018-02-26,202.4129180908203,Hold,0,2307,20.71744006981325,464920.9922615851,523375.6917602364,0.8705431818962097
2018-02-27,202.00234985351562,Hold,0,2307,20.71744006981325,463978.0026137095,522314.16418523306,0.813163697719574
2018-03-01,199.53890991210938,Hold,0,2307,20.71744006981325,458319.99463394115,515944.9198317616,0.7662085890769958
2018-03-02,197.07542419433594,Hold,0,2307,20.71744006981325,452661.88151540054,509575.5571231141,0.6237707734107971
2018-03-05,198.30715942382812,Hold,0,2307,20.71744006981325,455490.92055154213,512760.2187515752,0.7095159888267517
2018-03-06,205.28692626953125,Hold,0,2307,20.71744006981325,471521.98988922907,530806.4636887113,0.5902543663978577
2018-03-07,202.823486328125,Hold,0,2307,20.71744006981325,465863.9819094607,524437.21933524,0.5508866906166077
2018-03-08,204.8763427734375,Hold,0,2307,20.71744006981325,470578.96519509604,529744.8966619824,0.544393002986908
2018-03-09,205.697509765625,Hold,0,2307,20.71744006981325,472465.01458336203,531868.03071544,0.653226912021637
2018-03-12,208.57151794433594,Hold,0,2307,20.71744006981325,479066.012211006,539298.8026439149,0.6297662854194641
2018-03-13,212.67726135253906,Hold,0,2307,20.71744006981325,488496.0488747916,549914.2362008508,0.5479338765144348
2018-03-14,211.03494262695312,Hold,0,2307,20.71744006981325,484723.985144517,545668.007545661,0.5157049298286438
2018-03-15,209.3926544189453,Hold,0,2307,20.71744006981325,480951.9915067572,541421.8577939217,0.5303458571434021
2018-03-16,209.3926544189453,Hold,0,2307,20.71744006981325,480951.9915067572,541421.8577939217,0.6264305710792542
2018-03-19,209.3926544189453,Hold,0,2307,20.71744006981325,480951.9915067572,541421.8577939217,0.8979081511497498
2018-03-20,207.7503662109375,Hold,0,2307,20.71744006981325,477179.99786899745,537175.7080421826,0.8539057374000549
2018-03-21,207.33978271484375,Hold,0,2307,20.71744006981325,476236.9731748644,536114.1410154538,0.8738523125648499
2018-03-22,206.5186767578125,Hold,0,2307,20.71744006981325,474351.063971628,533991.1647688977,0.8782498836517334
2018-03-23,201.18118286132812,Hold,0,2307,20.71744006981325,462091.9532254435,520191.0301317754,0.9176521301269531
2018-03-26,199.949462890625,Hold,0,2307,20.71744006981325,459262.9492355593,517006.40795503964,0.9616085886955261
2018-03-27,206.10809326171875,Hold,0,2307,20.71744006981325,473408.03927749506,532929.5977421689,0.9737217426300049
2018-03-28,201.18118286132812,Hold,0,2307,20.71744006981325,462091.9532254435,520191.0301317754,0.975124180316925
2018-03-29,200.3600616455078,Hold,0,2307,20.71744006981325,460206.0089759497,518068.01443349384,0.9779171943664551
2018-03-30,202.00234985351562,Hold,0,2307,20.71744006981325,463978.0026137095,522314.16418523306,0.9736120104789734
2018-04-02,202.4129180908203,Hold,0,2307,20.71744006981325,464920.9922615851,523375.6917602364,0.976051926612854
2018-04-03,200.3600616455078,Hold,0,2307,20.71744006981325,460206.0089759497,518068.01443349384,0.9772014617919922
2018-04-09,201.18118286132812,Hold,0,2307,20.71744006981325,462091.9532254435,520191.0301317754,0.9618595242500305
2018-04-10,201.59176635742188,Hold,0,2307,20.71744006981325,463034.9779195765,521252.5971585042,0.8895652294158936
2018-04-11,203.64462280273438,Hold,0,2307,20.71744006981325,467749.9612052119,526560.2744852467,0.6747854351997375
2018-04-12,201.18118286132812,Hold,0,2307,20.71744006981325,462091.9532254435,520191.0301317754,0.6866963505744934
2018-04-13,200.77064514160156,Hold,0,2307,20.71744006981325,461149.0336700827,519129.5814602227,0.6238064765930176
2018-04-16,199.949462890625,Hold,0,2307,20.71744006981325,459262.9492355593,517006.40795503964,0.5023936033248901
2018-04-17,195.43310546875,Hold,0,2307,20.71744006981325,448889.817785126,505329.32846792415,0.6186816692352295
2018-04-18,195.43310546875,Hold,0,2307,20.71744006981325,448889.817785126,505329.32846792415,0.5462028384208679
2018-04-19,200.77064514160156,Hold,0,2307,20.71744006981325,461149.0336700827,519129.5814602227,0.8707961440086365
2018-04-20,188.04283142089844,Hold,0,2307,20.71744006981325,431915.89898459305,486221.71376268624,0.9616275429725647
2018-04-23,185.98997497558594,Sell,2307,0,427200.9156989577,427200.9156989577,480914.0364359437,0.9670210480690002
2018-04-24,186.4005584716797,Hold,0,0,427200.9156989577,427200.9156989577,481975.60346267256,0.959119975566864
2018-04-25,184.75823974609375,Hold,0,0,427200.9156989577,427200.9156989577,477729.3748074826,0.5435923337936401
2018-04-26,182.29481506347656,Hold,0,0,427200.9156989577,427200.9156989577,471360.1699057366,0.950031578540802
2018-04-27,183.52647399902344,Hold,0,0,427200.9156989577,427200.9156989577,474544.63427557074,0.9829328060150146
2018-04-30,186.4005584716797,Hold,0,0,427200.9156989577,427200.9156989577,481975.60346267256,0.9525717496871948
2018-05-02,183.1159210205078,Hold,0,0,427200.9156989577,427200.9156989577,473483.1461522927,0.9098659157752991
2018-05-03,181.0630645751953,Hold,0,0,427200.9156989577,427200.9156989577,468175.46882555017,0.9063203930854797
2018-05-04,183.1159210205078,Hold,0,0,427200.9156989577,427200.9156989577,473483.1461522927,0.8910432457923889
2018-05-07,183.52647399902344,Hold,0,0,427200.9156989577,427200.9156989577,474544.63427557074,0.938322126865387
2018-05-08,187.22169494628906,Hold,0,0,427200.9156989577,427200.9156989577,484098.65861267934,0.9708011150360107
2018-05-09,188.4534149169922,Hold,0,0,427200.9156989577,427200.9156989577,487283.2807894151,0.9846953749656677
2018-05-10,188.4534149169922,Hold,0,0,427200.9156989577,427200.9156989577,487283.2807894151,0.9916661381721497
2018-05-11,191.32740783691406,Hold,0,0,427200.9156989577,427200.9156989577,494714.01326616446,0.9882583022117615
2018-05-14,191.32740783691406,Hold,0,0,427200.9156989577,427200.9156989577,494714.01326616446,0.9915581941604614
2018-05-15,189.27456665039062,Hold,0,0,427200.9156989577,427200.9156989577,489406.37539114733,0.9914711117744446
2018-05-16,189.27456665039062,Hold,0,0,427200.9156989577,427200.9156989577,489406.37539114733,0.9917486906051636
2018-05-17,185.98997497558594,Hold,0,0,427200.9156989577,427200.9156989577,480914.0364359437,0.9251340627670288
2018-05-18,183.52647399902344,Hold,0,0,427200.9156989577,427200.9156989577,474544.63427557074,0.7199625968933105
2018-05-21,188.04283142089844,Buy,1134,1134,213656.47705422426,425953.4583595946,486221.71376268624,0.5513152480125427
2018-05-22,188.04283142089844,Buy,567,1701,106884.25773185755,425329.72968991305,486221.71376268624,0.7897592782974243
2018-05-23,187.63229370117188,Buy,511,2212,10867.526505092872,424073.5965181086,485160.26509113354,0.9780222177505493
2018-05-24,188.04283142089844,Buy,51,2263,1263.6760898535376,424921.5849911349,486221.71376268624,0.9865486025810242
2018-05-25,187.63229370117188,Buy,6,2269,136.27807153536128,423990.0632702391,485160.26509113354,0.9192172884941101
2018-05-28,186.4005584716797,Hold,0,2269,136.27807153536128,421207.6230565394,481975.60346267256,0.6458125710487366
2018-05-29,184.75823974609375,Hold,0,2269,136.27807153536128,417497.69128194335,477729.3748074826,0.6436247825622559
2018-05-30,181.4736328125,Hold,0,2269,136.27807153536128,410077.8966707297,469236.9964005536,0.6860995292663574
2018-05-31,183.9371337890625,Hold,0,2269,136.27807153536128,415642.84603610745,475606.39856092655,0.7154421210289001
2018-06-01,183.9371337890625,Hold,0,2269,136.27807153536128,415642.84603610745,475606.39856092655,0.5332291126251221
2018-06-04,188.04283142089844,Hold,0,2269,136.27807153536128,424917.45142416784,486221.71376268624,0.7731133699417114
2018-06-05,188.04283142089844,Hold,0,2269,136.27807153536128,424917.45142416784,486221.71376268624,0.9747841954231262
2018-06-06,188.86398315429688,Hold,0,2269,136.27807153536128,426772.4000769713,488344.80836441845,0.9970529079437256
2018-06-07,188.86398315429688,Hold,0,2269,136.27807153536128,426772.4000769713,488344.80836441845,0.9993706345558167
2018-06-08,186.4005584716797,Hold,0,2269,136.27807153536128,421207.6230565394,481975.60346267256,0.9998716115951538
2018-06-11,185.5793914794922,Hold,0,2269,136.27807153536128,419352.6399347468,479852.4694092149,0.9999163150787354
2018-06-12,188.04283142089844,Hold,0,2269,136.27807153536128,424917.45142416784,486221.71376268624,0.999921441078186
2018-06-13,190.50625610351562,Hold,0,2269,136.27807153536128,430482.2284445998,492590.91866443225,0.9999474287033081
2018-06-14,185.98997497558594,Hold,0,2269,136.27807153536128,420280.13149564306,480914.0364359437,0.9999643564224243
2018-06-15,189.6851348876953,Hold,0,2269,136.27807153536128,428627.3487297747,490467.9029661508,0.9999676942825317
2018-06-19,184.75823974609375,Hold,0,2269,136.27807153536128,417497.69128194335,477729.3748074826,0.9999160766601562
2018-06-20,185.5793914794922,Hold,0,2269,136.27807153536128,419352.6399347468,479852.4694092149,0.999835729598999
2018-06-21,185.98997497558594,Hold,0,2269,136.27807153536128,420280.13149564306,480914.0364359437,0.9994742274284363
2018-06-22,186.81114196777344,Hold,0,2269,136.27807153536128,422135.11461743567,483037.1704894013,0.996046245098114
2018-06-25,185.53451538085938,Hold,0,2269,136.27807153536128,419251.26663756394,479736.44188485004,0.9655540585517883
2018-06-26,182.5557403564453,Hold,0,2269,136.27807153536128,412522.33397651545,472034.7944098641,0.8185635209083557
2018-06-27,181.2791290283203,Hold,0,2269,136.27807153536128,409638.52046563284,468734.10525703826,0.6018840074539185
2018-06-28,180.4280548095703,Hold,0,2269,136.27807153536128,407715.9781250445,466533.64582182094,0.7699053883552551
2018-06-29,184.25784301757812,Hold,0,2269,136.27807153536128,416367.3152507246,476435.59492512257,0.5511686205863953
2018-07-02,182.13018798828125,Sell,2269,0,411561.02833723207,411561.02833723207,470934.52524053014,0.9287335276603699
2018-07-03,182.5557403564453,Hold,0,0,411561.02833723207,411561.02833723207,472034.7944098641,0.9913570880889893
2018-07-04,183.8323211669922,Hold,0,0,411561.02833723207,411561.02833723207,475335.40465923934,0.996936559677124
2018-07-05,182.5557403564453,Hold,0,0,411561.02833723207,411561.02833723207,472034.7944098641,0.9975625276565552
2018-07-06,184.68338012695312,Hold,0,0,411561.02833723207,411561.02833723207,477535.8246427312,0.9986454844474792
2018-07-09,188.51324462890625,Hold,0,0,411561.02833723207,411561.02833723207,487437.9710046598,0.9986302852630615
2018-07-10,188.9387969970703,Hold,0,0,411561.02833723207,411561.02833723207,488538.24017399375,0.9987577199935913
2018-07-11,187.23660278320312,Hold,0,0,411561.02833723207,411561.02833723207,484137.20294838306,0.9992918968200684
2018-07-12,187.66213989257812,Hold,0,0,411561.02833723207,411561.02833723207,485237.4326659917,0.9993170499801636
2018-07-13,191.06651306152344,Hold,0,0,411561.02833723207,411561.02833723207,494039.4676654878,0.9995761513710022
2018-07-16,190.21539306640625,Hold,0,0,411561.02833723207,411561.02833723207,491838.8898750943,0.9995170831680298
2018-07-17,188.51324462890625,Hold,0,0,411561.02833723207,411561.02833723207,487437.9710046598,0.9996429681777954
2018-07-18,189.7898712158203,Hold,0,0,411561.02833723207,411561.02833723207,490738.69960921106,0.9998207688331604
2018-07-19,191.06651306152344,Hold,0,0,411561.02833723207,411561.02833723207,494039.4676654878,0.9997949004173279
2018-07-20,202.13046264648438,Hold,0,0,411561.02833723207,411561.02833723207,522645.4008715871,0.9997405409812927
2018-07-23,205.10923767089844,Hold,0,0,411561.02833723207,411561.02833723207,530347.048346573,0.9993683695793152
2018-07-24,205.10923767089844,Hold,0,0,411561.02833723207,411561.02833723207,530347.048346573,0.994367778301239
2018-07-25,204.68368530273438,Hold,0,0,411561.02833723207,411561.02833723207,529246.7791772389,0.9891859889030457
2018-07-26,205.10923767089844,Hold,0,0,411561.02833723207,411561.02833723207,530347.048346573,0.9395070672035217
2018-07-27,208.08802795410156,Hold,0,0,411561.02833723207,411561.02833723207,538048.7352732843,0.6487282514572144
2018-07-30,208.93910217285156,Hold,0,0,411561.02833723207,411561.02833723207,540249.1947085016,0.8690561652183533
2018-07-31,209.36460876464844,Hold,0,0,411561.02833723207,411561.02833723207,541349.3455226594,0.8897018432617188
2018-08-01,211.0667724609375,Buy,973,973,205900.4093760535,410359.6257150458,545750.3038448194,0.7004187107086182
2018-08-02,208.08802795410156,Buy,889,1862,20646.541408844234,406391.9393662577,538048.7352732843,0.9921711683273315
2018-08-03,210.21571350097656,Buy,88,1950,2121.1975702852724,410227.94005931803,543549.8838613274,0.9995868802070618
2018-08-06,208.93910217285156,Buy,9,1959,238.06600674424158,407738.5628857424,540249.1947085016,0.9999039173126221
2018-08-07,205.53472900390625,Buy,1,1960,32.23839075150477,401097.7045337569,531447.1597090055,0.9997653365135193
2018-08-08,210.64120483398438,Hold,0,1960,32.23839075150477,411062.10869583575,544649.9952237599,0.9889928698539734
2018-08-09,210.21571350097656,Hold,0,1960,32.23839075150477,410231.8359694716,543549.8838613274,0.8593484163284302
2018-08-10,208.51351928710938,Hold,0,1960,32.23839075150477,406910.2984407088,539148.8466357167,0.6382295489311218
2018-08-13,204.68368530273438,Hold,0,1960,32.23839075150477,399437.0399814803,529246.7791772389,0.72945636510849
2018-08-14,207.23692321777344,Hold,0,1960,32.23839075150477,404419.2420625197,535848.1969346162,0.5843462944030762
2018-08-15,205.53472900390625,Hold,0,1960,32.23839075150477,401097.7045337569,531447.1597090055,0.8461818695068359
2018-08-16,203.40707397460938,Hold,0,1960,32.23839075150477,396945.95382840413,525946.0900244131,0.9215977787971497
2018-08-17,203.83262634277344,Hold,0,1960,32.23839075150477,397776.3456543166,527046.359193747,0.9490174055099487
2018-08-20,203.83262634277344,Hold,0,1960,32.23839075150477,397776.3456543166,527046.359193747,0.9030537605285645
2018-08-21,205.10923767089844,Hold,0,1960,32.23839075150477,400267.43180739274,530347.048346573,0.8780742883682251
2018-08-22,205.96031188964844,Hold,0,1960,32.23839075150477,401928.15590944357,532547.5077817902,0.9325852394104004
2018-08-23,208.08802795410156,Hold,0,1960,32.23839075150477,406080.0257143447,538048.7352732843,0.968451201915741
2018-08-24,207.23692321777344,Hold,0,1960,32.23839075150477,404419.2420625197,535848.1969346162,0.9828025698661804
2018-08-27,208.51351928710938,Hold,0,1960,32.23839075150477,406910.2984407088,539148.8466357167,0.9942408800125122
2018-08-28,212.34336853027344,Hold,0,1960,32.23839075150477,414383.5866748244,549050.95354592,0.9951584935188293
2018-08-29,220.42860412597656,Hold,0,1960,32.23839075150477,430160.525194081,569955.3970839349,0.9942343831062317
2018-08-30,224.25840759277344,Hold,0,1960,32.23839075150477,437633.72410353535,579857.3856389619,0.99435955286026
2018-08-31,217.87533569335938,Hold,0,1960,32.23839075150477,425178.2635632674,563353.9004231069,0.9948245286941528
2018-09-03,218.7264404296875,Hold,0,1960,32.23839075150477,426839.04721509235,565554.4387617749,0.9958475828170776
2018-09-04,219.15199279785156,Hold,0,1960,32.23839075150477,427669.4390410048,566654.707931109,0.9987049102783203
2018-09-05,224.68399047851562,Hold,0,1960,32.23839075150477,438464.175479222,580957.7337117468,0.9995179176330566
2018-09-06,222.13075256347656,Hold,0,1960,32.23839075150477,433481.97339818254,574356.3159543695,0.9997337460517883
2018-09-07,224.68399047851562,Hold,0,1960,32.23839075150477,438464.175479222,580957.7337117468,0.9997487664222717
2018-09-10,225.10952758789062,Hold,0,1960,32.23839075150477,439294.53753024735,582057.9634293554,0.9996046423912048
2018-09-11,221.2796630859375,Hold,0,1960,32.23839075150477,431821.2195212447,572155.8170674267,0.9992343187332153
2018-09-12,221.7052001953125,Hold,0,1960,32.23839075150477,432651.5815722701,573256.0467850354,0.9980053305625916
2018-09-13,217.0242919921875,Hold,0,1960,32.23839075150477,423517.59901099076,561153.5198913404,0.9963657855987549
2018-09-14,222.13075256347656,Hold,0,1960,32.23839075150477,433481.97339818254,574356.3159543695,0.9767343997955322
2018-09-17,219.57754516601562,Hold,0,1960,32.23839075150477,428499.8308669173,567754.977100443,0.9397332668304443
2018-09-18,216.59877014160156,Hold,0,1960,32.23839075150477,422687.26673485246,560053.3296254571,0.7314241528511047
2018-09-19,219.57754516601562,Hold,0,1960,32.23839075150477,428499.8308669173,567754.977100443,0.6001554727554321
2018-09-20,221.2796630859375,Hold,0,1960,32.23839075150477,431821.2195212447,572155.8170674267,0.8917292952537537
2018-09-21,222.55625915527344,Hold,0,1960,32.23839075150477,434312.27589943376,575456.4667685273,0.9391214847564697
2018-09-25,224.25840759277344,Hold,0,1960,32.23839075150477,437633.72410353535,579857.3856389619,0.9474782943725586
2018-09-26,224.25840759277344,Hold,0,1960,32.23839075150477,437633.72410353535,579857.3856389619,0.6065016388893127
2018-09-27,225.53506469726562,Hold,0,1960,32.23839075150477,440124.8995812728,583158.193146964,0.5072869658470154
2018-09-28,223.40731811523438,Hold,0,1960,32.23839075150477,435972.97022659745,577656.8867520193,0.6082761287689209
2018-10-01,223.8328857421875,Hold,0,1960,32.23839075150477,436803.39182739705,578757.1953730787,0.70269775390625
2018-10-02,219.15199279785156,Hold,0,1960,32.23839075150477,427669.4390410048,566654.707931109,0.7252665162086487
2018-10-03,221.2796630859375,Hold,0,1960,32.23839075150477,431821.2195212447,572155.8170674267,0.8887282013893127
2018-10-04,216.17318725585938,Hold,0,1960,32.23839075150477,421856.81535916583,558952.9815526723,0.9120531678199768
2018-10-05,212.76889038085938,Hold,0,1960,32.23839075150477,415213.9189509627,550151.1438118032,0.8827069997787476
2018-10-08,207.23692321777344,Hold,0,1960,32.23839075150477,404419.2420625197,535848.1969346162,0.7826700806617737
2018-10-09,207.66246032714844,Hold,0,1960,32.23839075150477,405249.6041135451,536948.4266522249,0.8701415061950684
2018-10-11,193.61973571777344,Hold,0,1960,32.23839075150477,377847.6564297072,500640.8459711396,0.7860111594200134
2018-10-12,201.70497131347656,Hold,0,1960,32.23839075150477,393624.5949489638,521545.2895091546,0.6705355644226074
2018-10-15,196.17295837402344,Hold,0,1960,32.23839075150477,382829.82873585954,507242.22427679144,0.798261821269989
2018-10-16,201.70497131347656,Hold,0,1960,32.23839075150477,393624.5949489638,521545.2895091546,0.7107754945755005
2018-10-17,202.98153686523438,Hold,0,1960,32.23839075150477,396115.59177737875,524845.8603068044,0.7284965515136719
2018-10-18,201.27940368652344,Hold,0,1960,32.23839075150477,392794.17334816424,520444.9808880952,0.8349288702011108
2018-10-19,200.85385131835938,Hold,0,1960,32.23839075150477,391963.7815222518,519344.71171876113,0.9595984220504761
2018-10-22,201.70497131347656,Hold,0,1960,32.23839075150477,393624.5949489638,521545.2895091546,0.9849115610122681
2018-10-23,195.7473907470703,Hold,0,1960,32.23839075150477,381999.40713506,506141.91565573204,0.9904718399047852
2018-10-24,195.32186889648438,Hold,0,1960,32.23839075150477,381169.0748589217,505041.7253898488,0.9902936220169067
2018-10-25,186.81112670898438,Hold,0,1960,32.23839075150477,364561.8338384139,483037.1310376759,0.9917351007461548
2018-10-26,188.08770751953125,Hold,0,1960,32.23839075150477,367052.86044171586,486337.7412870511,0.993768572807312
2018-10-29,189.3643341064453,Hold,0,1960,32.23839075150477,369543.97636967915,489638.4698916024,0.9956434965133667
2018-10-30,189.7898712158203,Hold,0,1960,32.23839075150477,370374.33842070453,490738.69960921106,0.9957815408706665
2018-10-31,199.1516876220703,Hold,0,1960,32.23839075150477,388642.3035432631,514943.7533966012,0.9949369430541992
2018-11-01,200.42831420898438,Hold,0,1960,32.23839075150477,391133.4194712264,518244.4820011525,0.9954766631126404
2018-11-02,201.27940368652344,Hold,0,1960,32.23839075150477,392794.17334816424,520444.9808880952,0.9951789379119873
2018-11-05,200.00274658203125,Hold,0,1960,32.23839075150477,390302.9978704268,517144.17338009307,0.9941788911819458
2018-11-06,199.57720947265625,Hold,0,1960,32.23839075150477,389472.6358194014,516043.9436624844,0.9935245513916016
2018-11-07,199.1516876220703,Hold,0,1960,32.23839075150477,388642.3035432631,514943.7533966012,0.9938827753067017
2018-11-08,201.27940368652344,Hold,0,1960,32.23839075150477,392794.17334816424,520444.9808880952,0.9911465048789978
2018-11-09,196.59849548339844,Hold,0,1960,32.23839075150477,383660.1907868849,508342.4539944001,0.9877245426177979
2018-11-12,197.02401733398438,Hold,0,1960,32.23839075150477,384490.5230630233,509442.6442602833,0.977776288986206
2018-11-13,193.61973571777344,Hold,0,1960,32.23839075150477,377847.6564297072,500640.8459711396,0.9611362814903259
2018-11-14,194.47084045410156,Hold,0,1960,32.23839075150477,379508.4400815322,502841.3843098077,0.8631317019462585
2018-11-15,196.59849548339844,Hold,0,1960,32.23839075150477,383660.1907868849,508342.4539944001,0.7936644554138184
2018-11-16,192.34310913085938,Hold,0,1960,32.23839075150477,375356.54050174396,497340.1173665883,0.8883035182952881
2018-11-19,188.9387969970703,Hold,0,1960,32.23839075150477,368713.61431865377,488538.24017399375,0.9204613566398621
2018-11-20,185.53451538085938,Hold,0,1960,32.23839075150477,362070.74768533773,479736.44188485004,0.9455536603927612
2018-11-21,186.3855743408203,Hold,0,1960,32.23839075150477,363731.4420125014,481936.8618683419,0.9618967175483704
2018-11-22,186.3855743408203,Hold,0,1960,32.23839075150477,363731.4420125014,481936.8618683419,0.961879312992096
2018-11-23,185.96002197265625,Hold,0,1960,32.23839075150477,362901.05018658895,480836.59269900783,0.9484556317329407
2018-11-26,189.7898712158203,Hold,0,1960,32.23839075150477,370374.33842070453,490738.69960921106,0.9540244340896606
2018-11-27,190.6409912109375,Hold,0,1960,32.23839075150477,372035.1518474166,492939.27739960456,0.9705601930618286
2018-11-28,192.76864624023438,Hold,0,1960,32.23839075150477,376186.90255276934,498440.347084197,0.9793948531150818
2018-11-29,194.89633178710938,Hold,0,1960,32.23839075150477,380338.7128078963,503941.49567224015,0.9809873104095459
2018-11-30,191.9175262451172,Hold,0,1960,32.23839075150477,374526.08912605734,496239.7692938035,0.9811809062957764
2018-12-03,200.00274658203125,Hold,0,1960,32.23839075150477,390302.9978704268,517144.17338009307,0.9809718132019043
2018-12-04,199.1516876220703,Hold,0,1960,32.23839075150477,388642.3035432631,514943.7533966012,0.9832103252410889
2018-12-05,192.34310913085938,Hold,0,1960,32.23839075150477,375356.54050174396,497340.1173665883,0.9830586910247803
2018-12-06,187.23660278320312,Hold,0,1960,32.23839075150477,365392.07678989094,484137.20294838306,0.9826891422271729
2018-12-07,188.08770751953125,Hold,0,1960,32.23839075150477,367052.86044171586,486337.7412870511,0.9806570410728455
2018-12-10,186.3855743408203,Hold,0,1960,32.23839075150477,363731.4420125014,481936.8618683419,0.969083309173584
2018-12-11,189.3643341064453,Hold,0,1960,32.23839075150477,369543.97636967915,489638.4698916024,0.9329172372817993
2018-12-12,192.76864624023438,Hold,0,1960,32.23839075150477,376186.90255276934,498440.347084197,0.8403075337409973
2018-12-13,192.34310913085938,Hold,0,1960,32.23839075150477,375356.54050174396,497340.1173665883,0.8739465475082397
2018-12-14,189.3643341064453,Hold,0,1960,32.23839075150477,369543.97636967915,489638.4698916024,0.519366979598999
2018-12-17,190.21539306640625,Hold,0,1960,32.23839075150477,371204.67069684283,491838.8898750943,0.6334992051124573
2018-12-18,189.3643341064453,Hold,0,1960,32.23839075150477,369543.97636967915,489638.4698916024,0.8181325197219849
2018-12-19,191.9175262451172,Hold,0,1960,32.23839075150477,374526.08912605734,496239.7692938035,0.855548620223999
2018-12-20,188.08770751953125,Hold,0,1960,32.23839075150477,367052.86044171586,486337.7412870511,0.78032386302948
2018-12-21,190.21539306640625,Hold,0,1960,32.23839075150477,371204.67069684283,491838.8898750943,0.6709553599357605
2018-12-24,187.23660278320312,Hold,0,1960,32.23839075150477,365392.07678989094,484137.20294838306,0.6193140149116516
2018-12-25,185.1089630126953,Hold,0,1960,32.23839075150477,361240.3558594252,478636.17271551595,0.5661693811416626
2018-12-26,184.25784301757812,Hold,0,1960,32.23839075150477,359579.5424327132,476435.59492512257,0.5259256362915039
2018-12-27,189.7898712158203,Hold,0,1960,32.23839075150477,370374.33842070453,490738.69960921106,0.5481264591217041
2018-12-28,191.9175262451172,Hold,0,1960,32.23839075150477,374526.08912605734,496239.7692938035,0.7496437430381775
2019-01-02,186.81112670898438,Hold,0,1960,32.23839075150477,364561.8338384139,483037.1310376759,0.8304144144058228
2019-01-03,183.40679931640625,Hold,0,1960,32.23839075150477,357918.8778804366,474235.214393356,0.8739631772041321
2019-01-04,177.02371215820312,Hold,0,1960,32.23839075150477,345463.38756528153,457731.6897257756,0.5943748354911804
2019-01-07,181.2791290283203,Hold,0,1960,32.23839075150477,353767.0974001967,468734.10525703826,0.742220938205719
2019-01-08,179.57699584960938,Hold,0,1960,32.23839075150477,350445.67897098226,464333.22583832906,0.9251120686531067
2019-01-09,183.40679931640625,Hold,0,1960,32.23839075150477,357918.8778804366,474235.214393356,0.767167329788208
2019-01-10,183.8323211669922,Hold,0,1960,32.23839075150477,358749.2101565749,475335.40465923934,0.9108939170837402
2019-01-11,187.66213989257812,Hold,0,1960,32.23839075150477,366222.4388409163,485237.4326659917,0.5672721862792969
2019-01-14,185.96002197265625,Hold,0,1960,32.23839075150477,362901.05018658895,480836.59269900783,0.6519345641136169
2019-01-15,188.08770751953125,Hold,0,1960,32.23839075150477,367052.86044171586,486337.7412870511,0.8599480986595154
2019-01-16,185.1089630126953,Hold,0,1960,32.23839075150477,361240.3558594252,478636.17271551595,0.9666013121604919
2019-01-17,187.66213989257812,Hold,0,1960,32.23839075150477,366222.4388409163,485237.4326659917,0.994309663772583
2019-01-18,185.96002197265625,Hold,0,1960,32.23839075150477,362901.05018658895,480836.59269900783,0.9961932897567749
2019-01-21,188.08770751953125,Hold,0,1960,32.23839075150477,367052.86044171586,486337.7412870511,0.9987419247627258
2019-01-22,189.7898712158203,Hold,0,1960,32.23839075150477,370374.33842070453,490738.69960921106,0.9995424747467041
2019-01-23,187.66213989257812,Hold,0,1960,32.23839075150477,366222.4388409163,485237.4326659917,0.9996111989021301
2019-01-24,189.3643341064453,Hold,0,1960,32.23839075150477,369543.97636967915,489638.4698916024,0.9996941089630127
2019-01-25,192.34310913085938,Hold,0,1960,32.23839075150477,375356.54050174396,497340.1173665883,0.9997665286064148
2019-01-28,194.89633178710938,Hold,0,1960,32.23839075150477,380338.7128078963,503941.49567224015,0.999830961227417
2019-01-29,189.3643341064453,Hold,0,1960,32.23839075150477,369543.97636967915,489638.4698916024,0.9998117089271545
2019-01-30,188.08770751953125,Hold,0,1960,32.23839075150477,367052.86044171586,486337.7412870511,0.9997723698616028
2019-02-11,194.0452423095703,Hold,0,1960,32.23839075150477,378677.9589309584,501740.9967852975,0.9996775388717651
2019-02-12,195.7473907470703,Hold,0,1960,32.23839075150477,381999.40713506,506141.91565573204,0.9992627501487732
2019-02-13,194.89633178710938,Hold,0,1960,32.23839075150477,380338.7128078963,503941.49567224015,0.991449773311615
2019-02-14,193.19419860839844,Hold,0,1960,32.23839075150477,377017.2943786818,499540.61625353096,0.5597538352012634
2019-02-15,193.19419860839844,Hold,0,1960,32.23839075150477,377017.2943786818,499540.61625353096,0.9470479488372803
2019-02-18,195.7473907470703,Sell,1960,0,381999.40713506,381999.40713506,506141.91565573204,0.970262348651886
2019-02-19,194.89633178710938,Hold,0,0,381999.40713506,381999.40713506,503941.49567224015,0.9987412095069885
2019-02-20,199.57720947265625,Hold,0,0,381999.40713506,381999.40713506,516043.9436624844,0.9997795224189758
2019-02-21,201.27940368652344,Hold,0,0,381999.40713506,381999.40713506,520444.9808880952,0.9998258948326111
2019-02-22,201.27940368652344,Hold,0,0,381999.40713506,381999.40713506,520444.9808880952,0.999843955039978
2019-02-25,202.55593872070312,Hold,0,0,381999.40713506,381999.40713506,523745.47278229415,0.9998517036437988
2019-02-26,203.83262634277344,Hold,0,0,381999.40713506,381999.40713506,527046.359193747,0.9998563528060913
2019-02-27,203.40707397460938,Hold,0,0,381999.40713506,381999.40713506,525946.0900244131,0.999850869178772
2019-03-04,200.42831420898438,Hold,0,0,381999.40713506,381999.40713506,518244.4820011525,0.9998652935028076
2019-03-05,198.30064392089844,Hold,0,0,381999.40713506,381999.40713506,512743.37286483473,0.9999086856842041
2019-03-06,199.1516876220703,Hold,0,0,381999.40713506,381999.40713506,514943.7533966012,0.9999277591705322
2019-03-07,199.1516876220703,Hold,0,0,381999.40713506,381999.40713506,514943.7533966012,0.9999399185180664
2019-03-08,195.7473907470703,Hold,0,0,381999.40713506,381999.40713506,506141.91565573204,0.9999451637268066
2019-03-11,196.17295837402344,Hold,0,0,381999.40713506,381999.40713506,507242.22427679144,0.9999425411224365
2019-03-12,200.42831420898438,Hold,0,0,381999.40713506,381999.40713506,518244.4820011525,0.9999417066574097
2019-03-13,201.70497131347656,Hold,0,0,381999.40713506,381999.40713506,521545.2895091546,0.9999465942382812
2019-03-14,199.57720947265625,Hold,0,0,381999.40713506,381999.40713506,516043.9436624844,0.9989281296730042
2019-03-15,203.40707397460938,Hold,0,0,381999.40713506,381999.40713506,525946.0900244131,0.9992270469665527
2019-03-18,205.10923767089844,Hold,0,0,381999.40713506,381999.40713506,530347.048346573,0.9999396800994873
2019-03-19,204.68368530273438,Hold,0,0,381999.40713506,381999.40713506,529246.7791772389,0.9999653100967407
2019-03-20,205.96031188964844,Hold,0,0,381999.40713506,381999.40713506,532547.5077817902,0.9999778270721436
2019-03-21,208.93910217285156,Hold,0,0,381999.40713506,381999.40713506,540249.1947085016,0.9999768733978271
2019-03-22,211.4923095703125,Hold,0,0,381999.40713506,381999.40713506,546850.533562428,0.999969482421875
2019-03-25,205.53472900390625,Hold,0,0,381999.40713506,381999.40713506,531447.1597090055,0.9999712705612183
2019-03-26,207.66246032714844,Hold,0,0,381999.40713506,381999.40713506,536948.4266522249,0.9999823570251465
2019-03-27,205.53472900390625,Hold,0,0,381999.40713506,381999.40713506,531447.1597090055,0.9999890327453613
2019-03-28,205.96031188964844,Hold,0,0,381999.40713506,381999.40713506,532547.5077817902,0.9999914169311523
2019-03-29,208.93910217285156,Hold,0,0,381999.40713506,381999.40713506,540249.1947085016,0.9999945163726807
2019-04-01,208.93910217285156,Hold,0,0,381999.40713506,381999.40713506,540249.1947085016,0.9998593330383301
2019-04-02,209.36460876464844,Hold,0,0,381999.40713506,381999.40713506,541349.3455226594,0.9901862144470215
2019-04-03,209.7901153564453,Hold,0,0,381999.40713506,381999.40713506,542449.4963368173,0.9872631430625916
2019-04-08,215.3221435546875,Hold,0,0,381999.40713506,381999.40713506,556752.6010209058,0.9925705790519714
2019-04-09,216.17318725585938,Hold,0,0,381999.40713506,381999.40713506,558952.9815526723,0.6677742600440979
2019-04-10,216.17318725585938,Hold,0,0,381999.40713506,381999.40713506,558952.9815526723,0.6240249872207642
2019-04-11,214.47108459472656,Hold,0,0,381999.40713506,381999.40713506,554552.1810374139,0.8264528512954712
2019-04-12,214.47108459472656,Hold,0,0,381999.40713506,381999.40713506,554552.1810374139,0.7167457938194275
2019-04-15,217.4498291015625,Hold,0,0,381999.40713506,381999.40713506,562253.7496089491,0.7879788875579834
2019-04-16,218.7264404296875,Hold,0,0,381999.40713506,381999.40713506,565554.4387617749,0.5187245011329651
2019-04-17,222.55625915527344,Hold,0,0,381999.40713506,381999.40713506,575456.4667685273,0.7964977025985718
2019-04-18,225.10952758789062,Hold,0,0,381999.40713506,381999.40713506,582057.9634293554,0.7201718688011169
2019-04-19,225.10952758789062,Hold,0,0,381999.40713506,381999.40713506,582057.9634293554,0.8049768805503845
2019-04-22,226.38612365722656,Buy,842,842,191110.6616252051,380884.2970057616,585358.613130456,0.5915685892105103
2019-04-23,228.08828735351562,Buy,418,1260,95633.89672307346,381753.4325423636,589759.5714526159,0.5070064663887024
2019-04-24,228.93934631347656,Buy,208,1468,47946.65506762302,382542.4483560889,591959.9914361078,0.66465163230896
2019-04-25,227.6627960205078,Hold,0,1468,47946.65506762302,380676.76486905885,588659.4600901834,0.580965518951416
2019-04-26,221.2796630859375,Buy,108,1576,24014.396514192842,371207.98542320164,572155.8170674267,0.778783917427063
2019-04-29,220.85414123535156,Buy,54,1630,12071.278161315797,370470.56266774354,571055.6268015435,0.7694791555404663
2019-04-30,220.42860412597656,Buy,49,1679,1254.8851318598481,369716.8206128753,569955.3970839349,0.9865924715995789
2019-05-02,220.42860412597656,Buy,5,1684,151.1715574255677,369710.37307620456,569955.3970839349,0.994243323802948
2019-05-03,225.53506469726562,Hold,0,1684,151.1715574255677,378271.6008660163,583158.193146964,0.9331520795822144
2019-05-06,220.42860412597656,Hold,0,1684,151.1715574255677,369710.37307620456,569955.3970839349,0.9957714676856995
2019-05-07,223.40731811523438,Hold,0,1684,151.1715574255677,374704.33095108095,577656.8867520193,0.9998077750205994
2019-05-08,221.2796630859375,Hold,0,1684,151.1715574255677,371137.2145287268,572155.8170674267,0.9998294115066528
2019-05-09,218.30088806152344,Hold,0,1684,151.1715574255677,366143.154325463,564454.169592441,0.9997450709342957
2019-05-10,217.87533569335938,Hold,0,1684,151.1715574255677,365429.69522605656,563353.9004231069,0.9986422657966614
2019-05-13,213.19444274902344,Hold,0,1684,151.1715574255677,357581.95211774815,551251.4129811372,0.9967471361160278
2019-05-14,211.4923095703125,Hold,0,1684,151.1715574255677,354728.24363060674,546850.533562428,0.9975835084915161
2019-05-15,211.91781616210938,Hold,0,1684,151.1715574255677,355441.62598372257,547950.6843765859,0.9978876709938049
2019-05-16,210.21571350097656,Hold,0,1684,151.1715574255677,352587.9686607749,543549.8838613274,0.9970320463180542
2019-05-17,205.53472900390625,Hold,0,1684,151.1715574255677,344740.0720598853,531447.1597090055,0.9432170391082764
2019-05-20,202.55593872070312,Hold,0,1684,151.1715574255677,339745.9862745246,523745.47278229415,0.7407004833221436
2019-05-21,199.1516876220703,Hold,0,1684,151.1715574255677,334038.5948823386,514943.7533966012,0.5838375091552734
2019-05-22,202.55593872070312,Hold,0,1684,151.1715574255677,339745.9862745246,523745.47278229415,0.9247590899467468
2019-05-23,195.7473907470703,Hold,0,1684,151.1715574255677,328331.12674386206,506141.91565573204,0.9788104295730591
2019-05-24,198.30064392089844,Hold,0,1684,151.1715574255677,332611.77901191317,512743.37286483473,0.9872322082519531
2019-05-27,196.59849548339844,Hold,0,1684,151.1715574255677,329758.0449426749,508342.4539944001,0.9874514937400818
2019-05-28,196.17295837402344,Hold,0,1684,151.1715574255677,329044.6114253653,507242.22427679144,0.9821310043334961
2019-05-29,195.32186889648438,Hold,0,1684,151.1715574255677,327617.71880864934,505041.7253898488,0.9515625238418579
2019-05-30,196.59849548339844,Hold,0,1684,151.1715574255677,329758.0449426749,508342.4539944001,0.7373019456863403
2019-05-31,200.42831420898438,Hold,0,1684,151.1715574255677,336178.9210163642,518244.4820011525,0.5084261298179626
2019-06-03,202.55593872070312,Hold,0,1684,151.1715574255677,339745.9862745246,523745.47278229415,0.7032803893089294
2019-06-04,198.30064392089844,Hold,0,1684,151.1715574255677,332611.77901191317,512743.37286483473,0.9189832806587219
2019-06-05,200.00274658203125,Hold,0,1684,151.1715574255677,335465.43633486086,517144.17338009307,0.9551537036895752
2019-06-06,197.44956970214844,Hold,0,1684,151.1715574255677,331184.911977294,510542.9134296174,0.9666085839271545
2019-06-10,204.2581329345703,Hold,0,1684,151.1715574255677,342599.79709005344,528146.510007905,0.9738404154777527
2019-06-11,208.08802795410156,Hold,0,1684,151.1715574255677,349020.801074227,538048.7352732843,0.974087655544281
2019-06-12,209.36460876464844,Hold,0,1684,151.1715574255677,351161.050461962,541349.3455226594,0.9716191291809082
2019-06-13,204.2581329345703,Hold,0,1684,151.1715574255677,342599.79709005344,528146.510007905,0.9674997329711914
2019-06-14,200.85385131835938,Hold,0,1684,151.1715574255677,336892.35453367373,519344.71171876113,0.9596509337425232
2019-06-17,198.30064392089844,Hold,0,1684,151.1715574255677,332611.77901191317,512743.37286483473,0.9293647408485413
2019-06-18,200.42831420898438,Hold,0,1684,151.1715574255677,336178.9210163642,518244.4820011525,0.9310784339904785
2019-06-19,207.66246032714844,Hold,0,1684,151.1715574255677,348307.3163927237,536948.4266522249,0.8036420941352844
2019-06-20,208.51351928710938,Hold,0,1684,151.1715574255677,349734.157845246,539148.8466357167,0.7875226736068726
2019-06-21,211.4923095703125,Hold,0,1684,151.1715574255677,354728.24363060674,546850.533562428,0.828864336013794
2019-06-24,211.93194580078125,Hold,0,1684,151.1715574255677,355465.3150054175,547987.2166742948,0.7959779500961304
2019-06-25,209.73353576660156,Hold,0,1684,151.1715574255677,351779.57439991063,542303.2093390801,0.7843841910362244
2019-06-26,206.21600341796875,Hold,0,1684,151.1715574255677,345882.26152061525,533208.6003441098,0.7017210721969604
2019-06-27,211.4923095703125,Hold,0,1684,151.1715574255677,354728.24363060674,546850.533562428,0.5082516670227051
2019-06-28,210.17323303222656,Sell,842,842,176333.9598302672,352516.74810310884,543440.0502578485,0.7412317395210266
2019-07-01,218.52735900878906,Sell,421,421,267926.87789268594,359519.7959551047,565039.7121006433,0.793192446231842
2019-07-02,218.96713256835938,Sell,421,0,359704.12135852536,359704.12135852536,566176.7502780386,0.9154133200645447
2019-07-03,213.25106811523438,Hold,0,0,359704.12135852536,359704.12135852536,551397.8183340505,0.9558708667755127
2019-07-04,214.57015991210938,Hold,0,0,359704.12135852536,359704.12135852536,554808.3410903554,0.9687373042106628
2019-07-05,213.6907501220703,Hold,0,0,359704.12135852536,359704.12135852536,552534.6198010934,0.9804064035415649
2019-07-08,213.25106811523438,Hold,0,0,359704.12135852536,359704.12135852536,551397.8183340505,0.9747141003608704
2019-07-09,212.81143188476562,Hold,0,0,359704.12135852536,359704.12135852536,550261.1352221838,0.989385724067688
2019-07-10,217.2083282470703,Hold,0,0,359704.12135852536,359704.12135852536,561629.3471512399,0.9976982474327087
2019-07-11,219.84645080566406,Hold,0,0,359704.12135852536,359704.12135852536,568450.2348569483,0.9992331266403198
2019-07-12,220.28614807128906,Hold,0,0,359704.12135852536,359704.12135852536,569587.0757757166,0.999824583530426
2019-07-15,223.8037109375,Hold,0,0,359704.12135852536,359704.12135852536,578681.7636741376,0.9999394416809082
2019-07-16,225.12278747558594,Hold,0,0,359704.12135852536,359704.12135852536,582092.2469787172,0.9999467134475708
2019-07-17,221.60519409179688,Hold,0,0,359704.12135852536,359704.12135852536,572997.4801768453,0.9995008707046509
2019-07-18,223.36398315429688,Hold,0,0,359704.12135852536,359704.12135852536,577544.8438519185,0.990951418876648
2019-07-19,227.76092529296875,Hold,0,0,359704.12135852536,359704.12135852536,588913.1741361509,0.5219962000846863
2019-07-22,232.15786743164062,Hold,0,0,359704.12135852536,359704.12135852536,600281.5044203831,0.4711918532848358
2019-07-23,232.15786743164062,Hold,0,0,359704.12135852536,359704.12135852536,600281.5044203831,0.6624023914337158
2019-07-24,233.03726196289062,Buy,770,770,180009.72951141078,358654.4050120135,602555.1862579198,0.5237051844596863
2019-07-25,233.03726196289062,Hold,0,770,180009.72951141078,358654.4050120135,602555.1862579198,0.7164660692214966
2019-07-26,229.51968383789062,Hold,0,770,180009.72951141078,355957.8551238299,593460.4589077734,0.7713337540626526
2019-07-29,229.51968383789062,Hold,0,770,180009.72951141078,355957.8551238299,593460.4589077734,0.9144177436828613
2019-07-30,228.64035034179688,Hold,0,770,180009.72951141078,355283.76444089226,591186.9348771382,0.9560151100158691
2019-07-31,228.2006072998047,Hold,0,770,180009.72951141078,354946.6606130381,590049.9756031937,0.9788793325424194
2019-08-01,225.56243896484375,Hold,0,770,180009.72951141078,352924.2598941775,583228.9695423093,0.9731518626213074
2019-08-02,221.16554260253906,Hold,0,770,180009.72951141078,349553.6310203334,571860.7576132531,0.9793241024017334
2019-08-05,216.76861572265625,Hold,0,770,180009.72951141078,346182.97875193506,560492.4667807462,0.9874246716499329
2019-08-06,218.52735900878906,Hold,0,770,180009.72951141078,347531.21860419563,565039.7121006433,0.9907447695732117
2019-08-07,218.08770751953125,Hold,0,770,180009.72951141078,347194.18496000394,563902.9895370512,0.9916394352912903
2019-08-08,222.92434692382812,Hold,0,770,180009.72951141078,350901.91766170226,576408.1607400518,0.9926169514656067
2019-08-12,220.72586059570312,Hold,0,770,180009.72951141078,349216.5739815875,570723.9561462102,0.9923902153968811
2019-08-13,216.76861572265625,Hold,0,770,180009.72951141078,346182.97875193506,560492.4667807462,0.9917827844619751
2019-08-14,219.40675354003906,Hold,0,770,180009.72951141078,348205.3560762416,567313.39393818,0.9864515066146851
2019-08-15,218.08770751953125,Hold,0,770,180009.72951141078,347194.18496000394,563902.9895370512,0.9755508899688721
2019-08-16,219.84645080566406,Hold,0,770,180009.72951141078,348542.4248122645,568450.2348569483,0.9329994320869446
2019-08-19,221.60519409179688,Hold,0,770,180009.72951141078,349890.6646645251,572997.4801768453,0.8093096613883972
2019-08-20,223.8037109375,Buy,401,1171,90136.55438995082,351051.0218038913,578681.7636741376,0.6535941958427429
2019-08-21,223.8037109375,Buy,361,1532,9228.284517514301,350578.3819369479,578681.7636741376,0.9571593999862671
2019-08-22,223.36398315429688,Buy,37,1569,952.0402747935059,349859.35279754206,577544.8438519185,0.9812771677970886
2019-08-23,223.36398315429688,Buy,3,1572,280.9934443026307,349855.4327596377,577544.8438519185,0.9939441084861755
2019-08-26,218.52735900878906,Buy,1,1573,62.15468380725409,342284.6252590678,565039.7121006433,0.9989545345306396
2019-08-27,219.84645080566406,Hold,0,1573,62.15468380725409,344350.37508412276,568450.2348569483,0.9996117949485779
2019-08-28,221.60519409179688,Hold,0,1573,62.15468380725409,347104.63649659796,572997.4801768453,0.9997746348381042
2019-08-29,223.36398315429688,Hold,0,1573,62.15468380725409,349858.9695966712,577544.8438519185,0.9993298053741455
2019-08-30,227.76092529296875,Hold,0,1573,62.15468380725409,356744.7545551223,588913.1741361509,0.9987232089042664
2019-09-02,226.44183349609375,Hold,0,1573,62.15468380725409,354679.00473006733,585502.6513798459,0.9955506324768066
2019-09-03,223.36398315429688,Hold,0,1573,62.15468380725409,349858.9695966712,577544.8438519185,0.9860317707061768
2019-09-04,226.44183349609375,Hold,0,1573,62.15468380725409,354679.00473006733,585502.6513798459,0.7608075737953186
2019-09-05,231.27845764160156,Hold,0,1573,62.15468380725409,362253.3490676707,598007.7831311212,0.6964575052261353
2019-09-06,231.71815490722656,Hold,0,1573,62.15468380725409,362941.932342689,599144.6240498895,0.5985941290855408
2019-09-10,229.95936584472656,Hold,0,1573,62.15468380725409,360187.5992426158,594597.2603748163,0.9935291409492493
2019-09-11,231.27845764160156,Hold,0,1573,62.15468380725409,362253.3490676707,598007.7831311212,0.9987497329711914
2019-09-12,230.83876037597656,Hold,0,1573,62.15468380725409,361564.76579265244,596870.9422123529,0.9994198083877563
2019-09-16,233.47691345214844,Hold,0,1573,62.15468380725409,365696.2176510303,603691.908821512,0.998403012752533
2019-09-17,233.03726196289062,Hold,0,1573,62.15468380725409,365007.70606361,602555.1862579198,0.9981607794761658
2019-09-18,234.79600524902344,Hold,0,1573,62.15468380725409,367761.9674760852,607102.4315778168,0.9941389560699463
2019-09-19,234.7960205078125,Hold,0,1573,62.15468380725409,367761.9913719512,607102.4710295423,0.999206006526947
2019-09-20,233.9099884033203,Hold,0,1573,62.15468380725409,366374.4301201991,604811.627691462,0.9998338222503662
2019-09-23,233.9099884033203,Hold,0,1573,62.15468380725409,366374.4301201991,604811.627691462,0.9998644590377808
2019-09-24,234.7960205078125,Hold,0,1573,62.15468380725409,367761.9913719512,607102.4710295423,0.9998341798782349
2019-09-25,235.6820526123047,Hold,0,1573,62.15468380725409,369149.55262370326,609393.3143676225,0.9997280240058899
2019-09-26,237.45411682128906,Hold,0,1573,62.15468380725409,371924.6751272075,613975.0010437829,0.9993414282798767
2019-09-27,240.9981689453125,Hold,0,1573,62.15468380725409,377474.80065488577,623138.1771374769,0.9978972673416138
2019-10-01,248.08641052246094,Hold,0,1573,62.15468380725409,388575.2667730365,641464.8843903932,0.9911661744117737
2019-10-02,247.64337158203125,Hold,0,1573,62.15468380725409,387881.4503033614,640319.403543765,0.9369375705718994
2019-10-03,244.9853515625,Hold,0,1573,62.15468380725409,383718.8860274352,633447.0707881512,0.7266371250152588
2019-10-04,244.9853515625,Hold,0,1573,62.15468380725409,383718.8860274352,633447.0707881512,0.7354132533073425
2019-10-07,246.31434631347656,Hold,0,1573,62.15468380725409,385800.1442695323,636883.1977142327,0.9397435784339905
2019-10-08,253.84552001953125,Hold,0,1573,62.15468380725409,397594.259586296,656355.1096516995,0.976426362991333
2019-10-09,249.85838317871094,Hold,0,1573,62.15468380725409,391350.2459013446,646046.3343562012,0.9722046852111816
2019-10-14,256.94659423828125,Hold,0,1573,62.15468380725409,402450.66422776325,664372.9627056669,0.9486929774284363
2019-10-15,260.0476989746094,Hold,0,1573,62.15468380725409,407307.1166609626,672390.8946630849,0.9037958979606628
2019-10-16,262.7057189941406,Hold,0,1573,62.15468380725409,411469.6809368888,679263.2274186986,0.7769896388053894
2019-10-17,260.0476989746094,Hold,0,1573,62.15468380725409,407307.1166609626,672390.8946630849,0.8528238534927368
2019-10-18,259.6047668457031,Hold,0,1573,62.15468380725409,406613.4674623496,671245.6899785345,0.8221046924591064
2019-10-21,256.94659423828125,Hold,0,1573,62.15468380725409,402450.66422776325,664372.9627056669,0.8730895519256592
2019-10-22,260.4906921386719,Hold,0,1573,62.15468380725409,408000.8614430396,673536.2571545369,0.7279151082038879
2019-10-23,259.6047668457031,Hold,0,1573,62.15468380725409,406613.4674623496,671245.6899785345,0.8150444626808167
2019-10-24,259.6047668457031,Hold,0,1573,62.15468380725409,406613.4674623496,671245.6899785345,0.8813123106956482
2019-10-25,260.0476989746094,Hold,0,1573,62.15468380725409,407307.1166609626,672390.8946630849,0.5400640964508057
2019-10-28,260.9337158203125,Hold,0,1573,62.15468380725409,408694.65401684865,674681.6985494398,0.9327211976051331
2019-10-29,264.477783203125,Hold,0,1573,62.15468380725409,414244.80344039295,683844.914094859,0.9766070246696472
2019-10-30,265.3638610839844,Hold,0,1573,62.15468380725409,415632.4363797431,686135.8757881154,0.9868772029876709
2019-10-31,264.477783203125,Hold,0,1573,62.15468380725409,414244.80344039295,683844.914094859,0.98807692527771
2019-11-01,264.9207458496094,Hold,0,1573,62.15468380725409,414938.500430738,684990.1976828603,0.9886288642883301
2019-11-04,272.00909423828125,Hold,0,1573,62.15468380725409,426039.13381995074,703317.1810978544,0.9906790852546692
2019-11-05,275.1100769042969,Hold,0,1573,62.15468380725409,430895.395086222,711334.7974414693,0.9913647174835205
2019-11-06,275.5530700683594,Hold,0,1573,62.15468380725409,431589.139868299,712480.1599329213,0.9923813939094543
2019-11-07,273.7810363769531,Hold,0,1573,62.15468380725409,428814.06515652686,707898.5521602117,0.992449164390564
2019-11-08,270.6798400878906,Hold,0,1573,62.15468380725409,423957.46934813145,699880.3834924413,0.9929667711257935
2019-11-11,266.6928405761719,Hold,0,1573,62.15468380725409,417713.6707259742,689571.9632624715,0.9935421943664551
2019-11-12,270.2369689941406,Hold,0,1573,62.15468380725409,423263.91573298257,698735.3366147924,0.9939540028572083
2019-11-13,269.35089111328125,Hold,0,1573,62.15468380725409,421876.2827936324,696444.374921536,0.9920961856842041
2019-11-14,268.9079284667969,Hold,0,1573,62.15468380725409,421182.5858032874,695299.0913335347,0.9825754165649414
2019-11-15,272.00909423828125,Hold,0,1573,62.15468380725409,426039.13381995074,703317.1810978544,0.9637674689292908
2019-11-18,275.5530700683594,Hold,0,1573,62.15468380725409,431589.139868299,712480.1599329213,0.9139434695243835
2019-11-19,279.0971374511719,Hold,0,1573,62.15468380725409,437139.2892918433,721643.3754783407,0.8342458605766296
2019-11-20,277.76812744140625,Hold,0,1573,62.15468380725409,435058.0071538802,718207.2091005337,0.6572768688201904
2019-11-21,275.5530700683594,Hold,0,1573,62.15468380725409,431589.139868299,712480.1599329213,0.5074281692504883
2019-11-22,273.7810363769531,Hold,0,1573,62.15468380725409,428814.06515652686,707898.5521602117,0.5753141045570374
2019-11-25,272.00909423828125,Hold,0,1573,62.15468380725409,426039.13381995074,703317.1810978544,0.7804812788963318
2019-11-26,272.00909423828125,Hold,0,1573,62.15468380725409,426039.13381995074,703317.1810978544,0.9763423204421997
2019-11-27,275.5530700683594,Hold,0,1573,62.15468380725409,431589.139868299,712480.1599329213,0.9934822916984558
2019-11-28,274.2239685058594,Hold,0,1573,62.15468380725409,429507.7143551398,709043.7568447621,0.9946570992469788
2019-11-29,270.2369689941406,Hold,0,1573,62.15468380725409,423263.91573298257,698735.3366147924,0.9952709078788757
2019-12-02,272.4520263671875,Hold,0,1573,62.15468380725409,426732.78301856376,704462.3857824048,0.9954172372817993
2019-12-03,272.00909423828125,Hold,0,1573,62.15468380725409,426039.13381995074,703317.1810978544,0.9957962036132812
2019-12-04,271.1229553222656,Hold,0,1573,62.15468380725409,424651.4052971366,701026.0615976964,0.9958192110061646
2019-12-05,276.4391174316406,Hold,0,1573,62.15468380725409,432976.7250159171,714771.0427227269,0.9956247210502625
2019-12-06,277.3251037597656,Hold,0,1573,62.15468380725409,434364.21458007116,717061.767705631,0.995547890663147
2019-12-09,279.98321533203125,Hold,0,1573,62.15468380725409,438526.92223119346,723934.337171597,0.9957232475280762
2019-12-10,277.76812744140625,Hold,0,1573,62.15468380725409,435058.0071538802,718207.2091005337,0.9955679774284363
2019-12-11,282.6412353515625,Hold,0,1573,62.15468380725409,442689.48650711967,730806.6699272108,0.9956408739089966
2019-12-12,293.7165832519531,Hold,0,1573,62.15468380725409,460033.91851848975,759442.0735721745,0.9932019114494324
2019-12-13,300.3616638183594,Hold,0,1573,62.15468380725409,470440.3770000373,776622.9843646596,0.9789236187934875
2019-12-16,297.7036437988281,Hold,0,1573,62.15468380725409,466277.8127241111,769750.6516090459,0.5365174412727356
2019-12-17,305.6778259277344,Sell,1573,0,478765.6967188178,478765.6967188178,790367.9654896901,0.9758408665657043
2019-12-18,305.23486328125,Hold,0,0,478765.6967188178,478765.6967188178,789222.6819016889,0.9444897174835205
2019-12-19,298.9872741699219,Hold,0,0,478765.6967188178,478765.6967188178,773069.4885555501,0.8485279083251953
2019-12-20,293.63232421875,Hold,0,0,478765.6967188178,478765.6967188178,759224.2211445844,0.8464635610580444
2019-12-23,298.0948791503906,Hold,0,0,478765.6967188178,478765.6967188178,770762.1938479833,0.8867307901382446
2019-12-24,296.30987548828125,Hold,0,0,478765.6967188178,478765.6967188178,766147.0521086942,0.7182494401931763
2019-12-25,297.2023620605469,Hold,0,0,478765.6967188178,478765.6967188178,768454.5835266133,0.914109468460083
2019-12-26,297.2023620605469,Hold,0,0,478765.6967188178,478765.6967188178,768454.5835266133,0.9833422899246216
2019-12-27,301.6648864746094,Hold,0,0,478765.6967188178,478765.6967188178,779992.4773265615,0.9962257146835327
2019-12-30,298.5410461425781,Hold,0,0,478765.6967188178,478765.6967188178,771915.7622983159,0.9897852540016174
2019-12-31,295.4173583984375,Hold,0,0,478765.6967188178,478765.6967188178,763839.4417873243,0.827193021774292
2020-01-02,302.5573425292969,Hold,0,0,478765.6967188178,478765.6967188178,782299.9298410298,0.7633881568908691
2020-01-03,303.0035705566406,Hold,0,0,478765.6967188178,478765.6967188178,783453.656098264,0.5263276696205139
2020-01-06,296.30987548828125,Hold,0,0,478765.6967188178,478765.6967188178,766147.0521086942,0.6305596828460693
2020-01-07,294.0785827636719,Hold,0,0,478765.6967188178,478765.6967188178,760378.0263052693,0.49829021096229553
2020-01-08,294.0785827636719,Buy,812,812,239633.6091866004,477368.76463497384,760378.0263052693,0.5985053777694702
2020-01-09,301.2185974121094,Buy,397,1209,119879.41912297202,482441.236611312,778838.5932624257,0.6688165068626404
2020-01-10,303.0035705566406,Buy,197,1406,60102.6550459693,484240.5233842093,783453.656098264,0.5571383237838745
2020-01-13,304.7886047363281,Buy,98,1504,30190.808053157718,486564.440454354,788068.876741004,0.5378707051277161
2020-01-14,308.8049011230469,Buy,48,1552,15347.050544014652,492491.50854803075,798453.0442837179,0.4945696294307709
2020-01-15,303.4498291015625,Hold,0,1552,15347.050544014652,484217.21326330176,784607.461258949,0.5604857206344604
2020-01-16,298.5410461425781,Hold,0,1552,15347.050544014652,476632.49366880715,771915.7622983159,0.6276770234107971
2020-01-17,297.2023620605469,Hold,0,1552,15347.050544014652,474564.0495202964,768454.5835266133,0.6509993076324463
2020-01-20,297.2023620605469,Hold,0,1552,15347.050544014652,474564.0495202964,768454.5835266133,0.6731221675872803
2020-01-30,282.47613525390625,Hold,0,1552,15347.050544014652,451810.0793516074,730379.8022585172,0.7192147970199585
2020-01-31,285.59979248046875,Hold,0,1552,15347.050544014652,456636.5433388633,738456.0438660581,0.7728838920593262
2020-02-03,281.1372985839844,Hold,0,1552,15347.050544014652,449741.39943460305,726918.2289695607,0.7492989301681519
2020-02-04,290.0622863769531,Hold,0,1552,15347.050544014652,463531.68724312354,749993.8587625554,0.7872835993766785
2020-02-05,292.2936096191406,Hold,0,1552,15347.050544014652,466979.3770795005,755762.963469431,0.8390271067619324
2020-02-06,296.756103515625,Hold,0,1552,15347.050544014652,473874.52098376077,767300.7783659283,0.8693461418151855
2020-02-07,292.7398376464844,Hold,0,1552,15347.050544014652,467668.8584623374,756916.6897266653,0.875647246837616
2020-02-10,292.2936096191406,Hold,0,1552,15347.050544014652,466979.3770795005,755762.963469431,0.8788535594940186
2020-02-11,295.8635559082031,Hold,0,1552,15347.050544014652,472495.4167569907,764993.0891411076,0.8741757273674011
2020-02-12,298.9872741699219,Hold,0,1552,15347.050544014652,477321.9750516441,773069.4885555501,0.8694596886634827
2020-02-13,298.9872741699219,Hold,0,1552,15347.050544014652,477321.9750516441,773069.4885555501,0.8597431182861328
2020-02-14,298.9872741699219,Hold,0,1552,15347.050544014652,477321.9750516441,773069.4885555501,0.8595935106277466
2020-02-17,295.8635559082031,Hold,0,1552,15347.050544014652,472495.4167569907,764993.0891411076,0.849916934967041
2020-02-18,287.3848571777344,Hold,0,1552,15347.050544014652,459394.7046387046,743071.3434122488,0.8706754446029663
2020-02-19,291.4010925292969,Hold,0,1552,15347.050544014652,465600.3200064292,753455.3531480611,0.869593620300293
2020-02-20,290.50860595703125,Hold,0,1552,15347.050544014652,464221.31008705666,751147.821730142,0.8872873187065125
2020-02-21,290.0622863769531,Hold,0,1552,15347.050544014652,463531.68724312354,749993.8587625554,0.8976184725761414
2020-02-24,285.59979248046875,Hold,0,1552,15347.050544014652,456636.5433388633,738456.0438660581,0.9111078381538391
2020-02-25,287.3848571777344,Hold,0,1552,15347.050544014652,459394.7046387046,743071.3434122488,0.9156940579414368
2020-02-26,284.2611083984375,Hold,0,1552,15347.050544014652,454568.09919035254,734994.8650943555,0.7619260549545288
2020-02-27,282.02984619140625,Hold,0,1552,15347.050544014652,451120.50366137305,729225.9181943814,0.5354087948799133
2020-03-02,277.56732177734375,Sell,1552,0,444225.31260341406,444225.31260341406,717688.0243944334,0.910209059715271
2020-03-03,283.3686218261719,Hold,0,0,444225.31260341406,444225.31260341406,732687.3336764363,0.9749494194984436
2020-03-04,286.0461120605469,Hold,0,0,444225.31260341406,444225.31260341406,739610.0068336446,0.9904735684394836
2020-03-05,288.2772521972656,Hold,0,0,444225.31260341406,444225.31260341406,745378.6381198156,0.9971945285797119
2020-03-06,281.1372985839844,Hold,0,0,444225.31260341406,444225.31260341406,726918.2289695607,0.9983484745025635
2020-03-09,272.6586608886719,Hold,0,0,444225.31260341406,444225.31260341406,704996.6410476033,0.9987481832504272
2020-03-10,273.99737548828125,Hold,0,0,444225.31260341406,444225.31260341406,708457.8987227567,0.998745322227478
2020-03-11,269.53485107421875,Hold,0,0,444225.31260341406,444225.31260341406,696920.0049228086,0.9978106617927551
2020-03-12,262.39483642578125,Hold,0,0,444225.31260341406,444225.31260341406,678459.4379656522,0.9941492080688477
2020-03-13,258.8248291015625,Hold,0,0,444225.31260341406,444225.31260341406,669229.154487074,0.8925958871841431
2020-03-16,246.7760467529297,Hold,0,0,444225.31260341406,444225.31260341406,638076.9280210099,0.7455872297286987
2020-03-17,239.18984985351562,Buy,927,927,222180.35797729483,442928.1980071509,618462.7531617956,0.6090996265411377
2020-03-18,232.0498809814453,Buy,860,1787,22333.083204109105,435171.29188533814,600002.3045598153,0.9940460920333862
2020-03-19,223.4888153076172,Buy,89,1876,2414.234672729788,419824.0044873065,577867.5984173142,0.99530029296875
2020-03-20,243.31442260742188,Buy,8,1884,464.9455074526886,456840.8783528842,629126.8701478597,0.9973942041397095
2020-03-23,229.7969207763672,Buy,1,1885,234.8211260642151,431485.2519487056,594177.2573063402,0.9975715279579163
2020-03-24,241.0615234375,Hold,0,1885,234.8211260642151,452625.06850606913,623301.980701286,0.9977265000343323
2020-03-25,249.62252807617188,Hold,0,1885,234.8211260642151,468691.1538401488,645436.5290368856,0.9974526762962341
2020-03-26,252.32606506347656,Hold,0,1885,234.8211260642151,473764.77052126493,652426.5462893305,0.9966123700141907
2020-03-27,246.0178680419922,Hold,0,1885,234.8211260642151,461926.4365956477,636116.6506899522,0.9912959337234497
2020-03-30,241.0615234375,Hold,0,1885,234.8211260642151,452625.06850606913,623301.980701286,0.9725879430770874
2020-03-31,246.91912841796875,Hold,0,1885,234.8211260642151,463617.79487891,638446.8668499693,0.9496300220489502
2020-04-01,244.66612243652344,Hold,0,1885,234.8211260642151,459389.67120840255,632621.7012413179,0.8889763951301575
2020-04-06,248.2708282470703,Hold,0,1885,234.8211260642151,466154.47435952944,641941.6979434274,0.8822541236877441
2020-04-07,255.02957153320312,Hold,0,1885,234.8211260642151,478838.3299312972,659416.4846383245,0.8239855766296387
2020-04-08,256.83184814453125,Hold,0,1885,234.8211260642151,482220.5883291511,664076.2857307523,0.7878304123878479
2020-04-09,255.02957153320312,Hold,0,1885,234.8211260642151,478838.3299312972,659416.4846383245,0.7715362906455994
2020-04-10,251.87545776367188,Hold,0,1885,234.8211260642151,472919.1343329467,651261.49738691,0.7861873507499695
2020-04-13,250.97430419921875,Hold,0,1885,234.8211260642151,471227.97649847786,648931.5573889706,0.6715320944786072
2020-04-14,256.83184814453125,Hold,0,1885,234.8211260642151,482220.5883291511,664076.2857307523,0.6747310161590576
2020-04-15,259.08477783203125,Hold,0,1885,234.8211260642151,486448.56882194895,669901.2540807767,0.888556718826294
2020-04-16,258.18365478515625,Hold,0,1885,234.8211260642151,484757.4682585639,667571.3929862882,0.9830055832862854
2020-04-17,276.20684814453125,Hold,0,1885,234.8211260642151,518580.8540322761,714170.5085588773,0.9837565422058105
2020-04-20,273.9540100097656,Hold,0,1885,234.8211260642151,514353.04535272974,708345.7769192052,0.9831749796867371
2020-04-21,265.8435363769531,Hold,0,1885,234.8211260642151,499132.45302925864,687376.0802273991,0.9791646003723145
2020-04-22,264.94232177734375,Hold,0,1885,234.8211260642151,497441.18065262213,685045.9824225584,0.9759466648101807
2020-04-23,266.294189453125,Hold,0,1885,234.8211260642151,499978.1751242026,688541.2474849958,0.9768511652946472
2020-04-24,264.94232177734375,Hold,0,1885,234.8211260642151,497441.18065262213,685045.9824225584,0.9832640290260315
2020-04-27,268.5469970703125,Hold,0,1885,234.8211260642151,504205.92653266515,694365.9002212171,0.9866717457771301
2020-04-28,267.1953125,Hold,0,1885,234.8211260642151,501669.2756875877,690871.1085794843,0.98846834897995
2020-04-29,269.44818115234375,Hold,0,1885,234.8211260642151,505897.14163821784,696695.9191226071,0.985968828201294
2020-04-30,274.4045715332031,Hold,0,1885,234.8211260642151,515198.5956344222,709510.7074664495,0.9899699091911316
2020-05-04,265.8435363769531,Hold,0,1885,234.8211260642151,499132.45302925864,687376.0802273991,0.9917683601379395
2020-05-05,266.294189453125,Hold,0,1885,234.8211260642151,499978.1751242026,688541.2474849958,0.9913297891616821
2020-05-06,266.7447509765625,Hold,0,1885,234.8211260642151,500823.72540589515,689706.17803224,0.9932311773300171
2020-05-07,268.0964660644531,Hold,0,1885,234.8211260642151,503360.4335220565,693201.0485774236,0.9931655526161194
2020-05-08,268.0964660644531,Hold,0,1885,234.8211260642151,503360.4335220565,693201.0485774236,0.9910457730293274
2020-05-11,271.2505798339844,Hold,0,1885,234.8211260642151,509279.62912040704,701356.0358288381,0.9859538674354553
2020-05-12,265.8435363769531,Hold,0,1885,234.8211260642151,499132.45302925864,687376.0802273991,0.9826034903526306
2020-05-13,267.645751953125,Hold,0,1885,234.8211260642151,502514.5968849448,692035.7235129254,0.9766936898231506
2020-05-14,264.041259765625,Hold,0,1885,234.8211260642151,495750.1946314048,682716.2791349713,0.9706423878669739
2020-05-15,268.5469970703125,Hold,0,1885,234.8211260642151,504205.92653266515,694365.9002212171,0.9672049283981323
2020-05-18,261.33770751953125,Hold,0,1885,234.8211260642151,490676.54931474675,675726.2224308011,0.9782149791717529
2020-05-19,262.6894836425781,Sell,942,943,246593.33300823128,493213.3719730758,679221.2507828863,0.6038187146186829
2020-05-20,264.94232177734375,Sell,943,0,495328.397747512,495328.397747512,685045.9824225584,0.9994677901268005
2020-05-21,268.0964660644531,Hold,0,0,495328.397747512,495328.397747512,693201.0485774236,0.9993014335632324
2020-05-22,263.1400146484375,Hold,0,0,495328.397747512,495328.397747512,680386.1024266797,0.998144268989563
2020-05-25,263.1400146484375,Hold,0,0,495328.397747512,495328.397747512,680386.1024266797,0.990262508392334
2020-05-26,266.294189453125,Hold,0,0,495328.397747512,495328.397747512,688541.2474849958,0.9724478125572205
2020-05-27,267.1953125,Hold,0,0,495328.397747512,495328.397747512,690871.1085794843,0.8413633704185486
2020-05-28,264.94232177734375,Hold,0,0,495328.397747512,495328.397747512,685045.9824225584,0.5928792357444763
2020-05-29,263.1400146484375,Buy,939,939,247887.82291752845,493882.93017604586,680386.1024266797,0.6815211772918701
2020-06-01,266.294189453125,Buy,464,1403,124151.24529321204,496108.76553691935,688541.2474849958,0.784376859664917
2020-06-02,267.1953125,Buy,417,1820,12572.025846141725,496715.637146923,690871.1085794843,0.9345471262931824
2020-06-03,271.2505798339844,Buy,41,1861,1434.904257821565,503998.5051477271,701356.0358288381,0.9588194489479065
2020-06-04,275.75634765625,Buy,4,1865,330.3070560149242,512340.18170634453,713005.7358185346,0.9769774675369263
2020-06-05,280.7127380371094,Buy,1,1866,49.194302326111995,521541.3043659629,725820.5241623769,0.969566285610199
2020-06-08,286.57025146484375,Hold,0,1866,49.194302326111995,532423.0586408667,740965.1736007078,0.9841666221618652
2020-06-09,287.471435546875,Hold,0,1866,49.194302326111995,534097.2270159125,743295.1925020978,0.8884731531143188
2020-06-10,290.6255798339844,Hold,0,1866,49.194302326111995,539956.8163285727,751450.2586569631,0.8155089616775513
2020-06-11,288.8232727050781,Hold,0,1866,49.194302326111995,536608.5929661124,746790.3786610845,0.7350350022315979
2020-06-12,284.76800537109375,Hold,0,1866,49.194302326111995,529074.9486660376,736305.4514117307,0.49633291363716125
2020-06-15,278.910400390625,Hold,0,1866,49.194302326111995,518193.02430968697,721160.5652630476,0.9334515333175659
2020-06-16,283.8668518066406,Hold,0,1866,49.194302326111995,527400.8369848074,733975.5114137913,0.9823066592216492
2020-06-17,283.8668518066406,Hold,0,1866,49.194302326111995,527400.8369848074,733975.5114137913,0.9932168126106262
2020-06-18,285.6835021972656,Hold,0,1866,49.194302326111995,530775.7064406058,738672.4760315343,0.9976968169212341
2020-06-19,285.6835021972656,Hold,0,1866,49.194302326111995,530775.7064406058,738672.4760315343,0.9932825565338135
2020-06-22,283.41259765625,Hold,0,1866,49.194302326111995,526556.949539411,732801.0335490033,0.9943353533744812
2020-06-23,286.1377868652344,Hold,0,1866,49.194302326111995,531619.6505798178,739847.0327997732,0.9936301112174988
2020-06-24,288.4087219238281,Hold,0,1866,49.194302326111995,535838.4641748281,745718.5541857549,0.9846470355987549
2020-06-29,283.41259765625,Hold,0,1866,49.194302326111995,526556.949539411,732801.0335490033,0.9854583740234375
2020-06-30,284.3210144042969,Hold,0,1866,49.194302326111995,528244.554348757,735149.7525682271,0.9885931015014648
2020-07-01,288.4087219238281,Hold,0,1866,49.194302326111995,535838.4641748281,745718.5541857549,0.9886151552200317
2020-07-02,292.4964599609375,Hold,0,1866,49.194302326111995,543432.430694715,756287.4347067334,0.9847503900527954
2020-07-03,299.30914306640625,Hold,0,1866,49.194302326111995,556088.6447044837,773901.6832508756,0.9783183336257935
2020-07-06,307.03033447265625,Hold,0,1866,49.194302326111995,570432.6336050452,793864.8875245939,0.9575145840644836
2020-07-07,307.4844970703125,Hold,0,1866,49.194302326111995,571276.3509689948,795039.1286790295,0.9545132517814636
2020-07-08,309.7554626464844,Hold,0,1866,49.194302326111995,575495.2212578207,800910.7289684621,0.9402729868888855
2020-07-09,313.3889465332031,Hold,0,1866,49.194302326111995,582245.3003323111,810305.1316246525,0.8980010151863098
2020-07-10,316.56829833984375,Hold,0,1866,49.194302326111995,588151.7187366675,818525.3720298582,0.8837802410125732
2020-07-13,322.0185241699219,Hold,0,1866,49.194302326111995,598276.8373484031,832616.9760141439,0.7491172552108765
2020-07-14,330.1939697265625,Hold,0,1866,49.194302326111995,613464.7136943609,853754.6581526502,0.5276739597320557
2020-07-15,329.73974609375,Hold,0,1866,49.194302326111995,612620.8829427802,852580.259191313,0.6519684195518494
2020-07-16,324.7436218261719,Hold,0,1866,49.194302326111995,603339.368307363,839662.7385545614,0.8146318793296814
2020-07-17,333.3731994628906,Hold,0,1866,49.194302326111995,619370.9053234549,861974.5829440526,0.8054251670837402
2020-07-20,332.4648742675781,Hold,0,1866,49.194302326111995,617683.4705955557,859626.1006351812,0.827301025390625
2020-07-21,347.9071960449219,Hold,0,1866,49.194302326111995,646371.3350090475,899552.3513757162,0.8426796793937683
2020-07-22,348.8155517578125,Hold,0,1866,49.194302326111995,648058.8264307623,901900.9125880384,0.8386769890785217
2020-07-23,346.5445861816406,Hold,0,1866,49.194302326111995,643839.9561419364,896029.3122986058,0.907541036605835
2020-07-24,350.6322937011719,Hold,0,1866,49.194302326111995,651433.8659680075,906598.1139161336,0.9330440163612366
2020-07-27,385.60467529296875,Hold,0,1866,49.194302326111995,716403.5613148779,997019.4959181821,0.9455711245536804
2020-07-28,395.1426696777344,Hold,0,1866,49.194302326111995,734122.7031403158,1021680.0593268971,0.9442489147186279
2020-07-29,383.3337707519531,Hold,0,1866,49.194302326111995,712184.8044136831,991148.0534356511,0.9375839829444885
2020-07-30,394.2342529296875,Hold,0,1866,49.194302326111995,732435.0983309698,1019331.3403076733,0.8478810787200928
2020-07-31,386.5130310058594,Hold,0,1866,49.194302326111995,718091.0527365927,999368.0571305043,0.7435799241065979
2020-08-03,377.88348388671875,Hold,0,1866,49.194302326111995,702059.5724143165,977056.2916444639,0.6632460951805115
2020-08-04,386.5130310058594,Hold,0,1866,49.194302326111995,718091.0527365927,999368.0571305043,0.5148125290870667
2020-08-05,389.69244384765625,Hold,0,1866,49.194302326111995,723997.5845285803,1007588.4553426114,0.6213778853416443
2020-08-06,395.1426696777344,Hold,0,1866,49.194302326111995,734122.7031403158,1021680.0593268971,0.6603894829750061
2020-08-07,393.3258361816406,Hold,0,1866,49.194302326111995,730747.4935216239,1016982.6212884496,0.8463445901870728
2020-08-10,395.59686279296875,Hold,0,1866,49.194302326111995,734966.4771980811,1022854.3793847837,0.7470337152481079
2020-08-11,389.69244384765625,Hold,0,1866,49.194302326111995,723997.5845285803,1007588.4553426114,0.5168276429176331
2020-08-12,380.608642578125,Hold,0,1866,49.194302326111995,707122.2167609076,984102.2119917829,0.7503722906112671
2020-08-13,389.69244384765625,Hold,0,1866,49.194302326111995,723997.5845285803,1007588.4553426114,0.8339695930480957
2020-08-14,387.8756408691406,Hold,0,1866,49.194302326111995,720622.4316037039,1002891.0962076146,0.8771421909332275
2020-08-17,395.1426696777344,Hold,0,1866,49.194302326111995,734122.7031403158,1021680.0593268971,0.8286989331245422
2020-08-18,393.3258361816406,Hold,0,1866,49.194302326111995,730747.4935216239,1016982.6212884496,0.9243728518486023
2020-08-19,388.3298034667969,Hold,0,1866,49.194302326111995,721466.1489676535,1004065.3373620503,0.9656271934509277
2020-08-20,376.9752197265625,Hold,0,1866,49.194302326111995,700372.2510740485,974707.9671424939,0.9560426473617554
2020-08-21,385.60467529296875,Hold,0,1866,49.194302326111995,716403.5613148779,997019.4959181821,0.9367525577545166
2020-08-24,388.7840576171875,Hold,0,1866,49.194302326111995,722310.0364130499,1005239.8152268385,0.5486653447151184
2020-08-25,394.6884460449219,Hold,0,1866,49.194302326111995,733278.8723887351,1020505.6603655599,0.8932014107704163
2020-08-26,401.5012512207031,Hold,0,1866,49.194302326111995,745935.3131737661,1038120.2245235051,0.9718950390815735
2020-08-27,403.3179931640625,Hold,0,1866,49.194302326111995,749310.3527110113,1042817.4258516004,0.9942256808280945
2020-08-28,395.1426696777344,Hold,0,1866,49.194302326111995,734122.7031403158,1021680.0593268971,0.9948321580886841
2020-08-31,387.42144775390625,Hold,0,1866,49.194302326111995,719778.6575459387,1001716.7761497281,0.9935490489006042
2020-09-01,395.1426696777344,Hold,0,1866,49.194302326111995,734122.7031403158,1021680.0593268971,0.9943179488182068
2020-09-02,393.3258361816406,Hold,0,1866,49.194302326111995,730747.4935216239,1016982.6212884496,0.9941284656524658
2020-09-03,396.0509948730469,Hold,0,1866,49.194302326111995,735810.137868215,1024028.5416357686,0.9944979548454285
2020-09-04,389.69244384765625,Hold,0,1866,49.194302326111995,723997.5845285803,1007588.4553426114,0.994266927242279
2020-09-07,386.9672546386719,Hold,0,1866,49.194302326111995,718934.8834881735,1000542.4560918416,0.9951891899108887
2020-09-08,391.5091552734375,Hold,0,1866,49.194302326111995,727372.5673720099,1012285.577767256,0.9943488240242004
2020-09-09,387.8756408691406,Hold,0,1866,49.194302326111995,720622.4316037039,1002891.0962076146,0.9905818700790405
2020-09-10,395.1426696777344,Hold,0,1866,49.194302326111995,734122.7031403158,1021680.0593268971,0.9898942112922668
2020-09-11,396.50518798828125,Hold,0,1866,49.194302326111995,736653.9119259802,1025202.8616936551,0.9905704259872437
2020-09-14,400.59283447265625,Hold,0,1866,49.194302326111995,744247.7083644202,1035771.5055042814,0.9851651191711426
2020-09-15,404.226318359375,Hold,0,1866,49.194302326111995,750997.7874389106,1045165.9081604718,0.9831314086914062
2020-09-16,416.0351867675781,Hold,0,1866,49.194302326111995,772935.6294717276,1075697.835148267,0.9842618703842163
2020-09-17,409.6417236328125,Hold,0,1866,49.194302326111995,761058.2184070318,1059167.483307423,0.9823192954063416
2020-09-18,405.53155517578125,Hold,0,1866,49.194302326111995,753422.5819326697,1048540.6087501248,0.9765602946281433
2020-09-21,401.878173828125,Hold,0,1866,49.194302326111995,746635.5384903998,1039094.7610440289,0.9750960469245911
2020-09-22,399.1380920410156,Hold,0,1866,49.194302326111995,741545.1708679739,1032010.2569092809,0.957535445690155
2020-09-23,395.94140625,Hold,0,1866,49.194302326111995,735606.5503763495,1023745.1993440351,0.9384168982505798
2020-09-24,386.3510437011719,Hold,0,1866,49.194302326111995,717790.1219633201,998949.2376137899,0.8814420104026794
2020-09-25,387.2643737792969,Hold,0,1866,49.194302326111995,719486.8544769797,1001310.6600885885,0.7828072309494019
2020-09-28,394.1145935058594,Hold,0,1866,49.194302326111995,732212.8018799521,1019021.959877184,0.49137255549430847
2020-09-29,393.6579284667969,Hold,0,1866,49.194302326111995,731364.4356231223,1017841.2486397848,0.6664374470710754
2020-09-30,395.484619140625,Hold,0,1866,49.194302326111995,734757.9573442572,1022564.1724928326,0.7982684373855591
2020-10-05,395.0279235839844,Hold,0,1866,49.194302326111995,733909.5343936117,1021383.3823519826,0.8643964529037476
2020-10-06,401.42144775390625,Hold,0,1866,49.194302326111995,745787.0588459388,1037913.8919997282,0.8916851878166199
2020-10-07,404.6182556152344,Hold,0,1866,49.194302326111995,751725.9061128256,1046179.265178777,0.8975105881690979
2020-10-08,413.7518310546875,Hold,0,1866,49.194302326111995,768693.7414937628,1069794.20005782,0.8946967720985413
2020-10-12,420.1453857421875,Hold,0,1866,49.194302326111995,780571.3226399054,1086324.7886090162,0.8719698190689087
2020-10-13,421.9720153808594,Hold,0,1866,49.194302326111995,783964.7309734091,1091047.5546551626,0.7180451154708862
2020-10-14,419.23193359375,Hold,0,1866,49.194302326111995,778874.3633509832,1083963.0505204145,0.9993001222610474
2020-10-15,413.7518310546875,Hold,0,1866,49.194302326111995,768693.7414937628,1069794.20005782,0.9990609288215637
2020-10-16,410.0984191894531,Hold,0,1866,49.194302326111995,761906.6413576773,1060348.2734482733,0.9998236298561096
2020-10-19,417.8619689941406,Hold,0,1866,49.194302326111995,776329.3212743094,1080420.9957116675,0.9999032020568848
2020-10-20,411.92510986328125,Hold,0,1866,49.194302326111995,765300.1630788123,1065071.1973013212,0.9999258518218994
2020-10-21,413.7518310546875,Hold,0,1866,49.194302326111995,768693.7414937628,1069794.20005782,0.9999351501464844
2020-10-22,415.57855224609375,Hold,0,1866,49.194302326111995,772087.3199087133,1074517.2028143185,0.999894380569458
2020-10-23,412.83843994140625,Hold,0,1866,49.194302326111995,766996.8955924719,1067432.6197761197,0.9998432397842407
2020-10-26,411.01171875,Hold,0,1866,49.194302326111995,763603.3171775214,1062709.617019621,0.9997726082801819
2020-10-27,408.27166748046875,Hold,0,1866,49.194302326111995,758513.0062489111,1055625.1917883237,0.9993442893028259
2020-10-28,405.53155517578125,Hold,0,1866,49.194302326111995,753422.5819326697,1048540.6087501248,0.9972031116485596
2020-10-29,399.1380920410156,Hold,0,1866,49.194302326111995,741545.1708679739,1032010.2569092809,0.9944905042648315
2020-10-30,394.5712585449219,Hold,0,1866,49.194302326111995,733061.1681367819,1020202.6711145833,0.9929853081703186
2020-11-02,397.7680969238281,Hold,0,1866,49.194302326111995,739000.0720974845,1028468.123197083,0.9914290308952332
2020-11-03,402.7914733886719,Hold,0,1866,49.194302326111995,748332.2143102438,1041456.1046153768,0.9865095019340515
2020-11-04,411.01171875,Hold,0,1866,49.194302326111995,763603.3171775214,1062709.617019621,0.984853982925415
2020-11-05,411.92510986328125,Hold,0,1866,49.194302326111995,765300.1630788123,1065071.1973013212,0.9841246604919434
2020-11-06,413.2951354980469,Hold,0,1866,49.194302326111995,767845.3185431174,1068613.4099169697,0.9833061099052429
2020-11-09,418.7752685546875,Hold,0,1866,49.194302326111995,778025.9970941534,1082782.339283015,0.9825577139854431
2020-11-10,411.92510986328125,Hold,0,1866,49.194302326111995,765300.1630788123,1065071.1973013212,0.9804980754852295
2020-11-11,417.4053039550781,Hold,0,1866,49.194302326111995,775480.9550174796,1079240.284474268,0.9789016842842102
2020-11-12,418.318603515625,Hold,0,1866,49.194302326111995,777177.6308373236,1081601.628045616,0.9815658330917358
2020-11-13,421.9720153808594,Hold,0,1866,49.194302326111995,783964.7309734091,1091047.5546551626,0.9749488234519958
2020-11-16,442.06597900390625,Hold,0,1866,49.194302326111995,821294.150231681,1143000.6638800993,0.9635763764381409
2020-11-17,443.4360046386719,Hold,0,1866,49.194302326111995,823839.305695986,1146542.8764957478,0.9722608327865601
2020-11-18,453.93963623046875,Hold,0,1866,49.194302326111995,843352.3532350439,1173700.10289389,0.9651551246643066
2020-11-19,447.5461120605469,Hold,0,1866,49.194302326111995,831474.828782717,1157169.5932461447,0.9455069899559021
2020-11-20,445.7194519042969,Hold,0,1866,49.194302326111995,828081.3637553976,1152446.7482965474,0.9083247780799866
2020-11-23,453.4829406738281,Hold,0,1866,49.194302326111995,842503.9302843985,1172519.31275304,0.8821432590484619
2020-11-24,449.3728942871094,Hold,0,1866,49.194302326111995,834868.5205852988,1161892.753809545,0.8695471286773682
2020-11-25,444.8060302734375,Hold,0,1866,49.194302326111995,826384.4611602911,1150085.0891113966,0.7326086163520813
2020-11-26,446.6327819824219,Hold,0,1866,49.194302326111995,829778.0962690574,1154808.170771346,0.638808012008667
2020-11-27,446.6327819824219,Hold,0,1866,49.194302326111995,829778.0962690574,1154808.170771346,0.5049054026603699
2020-11-30,438.86920166015625,Hold,0,1866,49.194302326111995,815355.3596586096,1134735.3696045012,0.5333307981491089
2020-12-01,447.5461120605469,Hold,0,1866,49.194302326111995,831474.828782717,1157169.5932461447,0.8353850245475769
2020-12-02,455.766357421875,Hold,0,1866,49.194302326111995,846745.9316499946,1178423.1056503889,0.9608582854270935
2020-12-03,453.93963623046875,Hold,0,1866,49.194302326111995,843352.3532350439,1173700.10289389,0.9818182587623596
2020-12-04,459.4198913574219,Hold,0,1866,49.194302326111995,853533.2585613425,1187869.3478737385,0.9873355031013489
2020-12-07,469.466796875,Hold,0,1866,49.194302326111995,872197.8264559393,1213845.70522758,0.989849328994751
2020-12-08,478.60040283203125,Hold,0,1866,49.194302326111995,889165.7185306922,1237460.7190100737,0.9902413487434387
2020-12-09,474.94696044921875,Hold,0,1866,49.194302326111995,882378.561700791,1228014.7134970762,0.9891118407249451
2020-12-10,467.6400146484375,Hold,0,1866,49.194302326111995,868804.1346533576,1209122.5446641797,0.9910120964050293
2020-12-11,471.29351806640625,Hold,0,1866,49.194302326111995,875591.4048708898,1218568.7079840787,0.9907097816467285
2020-12-14,463.9866638183594,Hold,0,1866,49.194302326111995,862017.1479049033,1199676.7758615345,0.9906721115112305
2020-12-15,460.3331604003906,Hold,0,1866,49.194302326111995,855229.8776873709,1190230.6125416355,0.9907271862030029
2020-12-16,467.6400146484375,Hold,0,1866,49.194302326111995,868804.1346533576,1209122.5446641797,0.9903392195701599
2020-12-17,466.2632751464844,Hold,0,1866,49.194302326111995,866246.5065496176,1205562.9732893605,0.9701662063598633
2020-12-18,468.0989685058594,Hold,0,1866,49.194302326111995,869656.7529463583,1210309.173660387,0.9703486561775208
2020-12-21,473.6059875488281,Hold,0,1866,49.194302326111995,879887.3787489493,1224547.6169665654,0.6969807744026184
2020-12-22,467.1811218261719,Hold,0,1866,49.194302326111995,867951.629747988,1207936.0734748738,0.9933438301086426
2020-12-23,467.1811218261719,Hold,0,1866,49.194302326111995,867951.629747988,1207936.0734748738,0.9878996014595032
2020-12-24,468.0989685058594,Hold,0,1866,49.194302326111995,869656.7529463583,1210309.173660387,0.9897751808166504
2020-12-25,469.01678466796875,Hold,0,1866,49.194302326111995,871361.8194509131,1212682.1949424497,0.9918676018714905
2020-12-28,472.68817138671875,Hold,0,1866,49.194302326111995,878182.3122443946,1222174.595684503,0.9912053942680359
2020-12-29,472.68817138671875,Hold,0,1866,49.194302326111995,878182.3122443946,1222174.595684503,0.9909135103225708
2020-12-30,481.8665771484375,Hold,0,1866,49.194302326111995,895233.4308404669,1245905.4397327343,0.993305504322052
2020-12-31,486.45574951171875,Hold,0,1866,49.194302326111995,903758.9334446875,1257770.7828533994,0.9939485788345337
2021-01-04,491.9628601074219,Hold,0,1866,49.194302326111995,913989.7293287253,1272009.46286993,0.9943236112594604
2021-01-05,497.4698486328125,Hold,0,1866,49.194302326111995,924220.2984375006,1286247.8272726575,0.9911699295043945
2021-01-06,503.89471435546875,Hold,0,1866,49.194302326111995,936156.0474384619,1302859.3707643491,0.986328661441803
2021-01-07,518.5803833007812,Hold,0,1866,49.194302326111995,963438.2453876501,1340829.289346365,0.9840865731239319
2021-01-08,532.3480224609375,Hold,0,1866,49.194302326111995,989014.9799755743,1376425.6343221632,0.9801596403121948
2021-01-11,536.0192260742188,Hold,0,1866,49.194302326111995,995835.1326061621,1385917.5616435118,0.9730739593505859
2021-01-12,542.444091796875,Hold,0,1866,49.194302326111995,1007770.8816071234,1402529.1051352033,0.9430142641067505
2021-01-13,555.2938842773438,Hold,0,1866,49.194302326111995,1031642.4929966773,1435752.349925488,0.8535254597663879
2021-01-14,543.3619384765625,Hold,0,1866,49.194302326111995,1009476.0048054938,1404902.2053207166,0.6892995238304138
2021-01-15,551.62255859375,Hold,0,1866,49.194302326111995,1024822.113590827,1426260.1069903364,0.5585114359855652
2021-01-18,557.129638671875,Hold,0,1866,49.194302326111995,1035052.8527810492,1440498.7081034163,0.8177199363708496
2021-01-19,575.486328125,Hold,0,1866,49.194302326111995,1069154.8631979316,1487960.080586076,0.9237415790557861
2021-01-20,593.8431396484375,Hold,0,1866,49.194302326111995,1103257.1003900764,1535421.768682539,0.9602580666542053
2021-01-21,617.7070922851562,Hold,0,1866,49.194302326111995,1147590.1901600745,1597122.2156989835,0.9751943349838257
2021-01-22,595.678955078125,Hold,0,1866,49.194302326111995,1106667.5735620796,1540168.2846673687,0.9828307628631592
2021-01-25,580.993408203125,Hold,0,1866,49.194302326111995,1079385.6023881538,1502198.6816991558,0.9872767329216003
2021-01-26,566.3079833984375,Hold,0,1866,49.194302326111995,1052103.8579894903,1464229.3943447461,0.9885669946670532
2021-01-27,564.4722900390625,Hold,0,1866,49.194302326111995,1048693.6115927496,1459483.1939737196,0.9895936250686646
2021-01-28,551.62255859375,Hold,0,1866,49.194302326111995,1024822.113590827,1426260.1069903364,0.9896557331085205
2021-01-29,542.444091796875,Hold,0,1866,49.194302326111995,1007770.8816071234,1402529.1051352033,0.9901484251022339
2021-02-01,560.8009033203125,Hold,0,1866,49.194302326111995,1041873.1187992682,1449990.7932316663,0.9884618520736694
2021-02-02,580.0756225585938,Hold,0,1866,49.194302326111995,1077680.5925774146,1499825.739320544,0.990312933921814
2021-02-03,578.2399291992188,Hold,0,1866,49.194302326111995,1074270.346180674,1495079.5389495175,0.9920362830162048
2021-02-04,575.486328125,Hold,0,1866,49.194302326111995,1069154.8631979316,1487960.080586076,0.9922512173652649
2021-02-05,580.0756225585938,Hold,0,1866,49.194302326111995,1077680.5925774146,1499825.739320544,0.991874635219574
2021-02-17,608.5286865234375,Hold,0,1866,49.194302326111995,1130539.0715640022,1573391.371650752,0.9914828538894653
2021-02-18,605.7750854492188,Hold,0,1866,49.194302326111995,1125423.5885812598,1566271.9132873106,0.9915568828582764
2021-02-19,598.4324340820312,Hold,0,1866,49.194302326111995,1111782.8297695594,1547287.4274170073,0.9904118180274963
2021-02-22,596.5968017578125,Hold,0,1866,49.194302326111995,1108372.6967604498,1542541.384852882,0.9878694415092468
2021-02-23,588.3361206054688,Hold,0,1866,49.194302326111995,1093026.4745874854,1521183.325376361,0.9666366577148438
2021-02-24,573.6508178710938,Hold,0,1866,49.194302326111995,1065744.9569640844,1483214.3536357542,0.9341269135475159
2021-02-25,582.8291015625,Hold,0,1866,49.194302326111995,1082795.8487848944,1506944.8820701826,0.940020740032196
2021-02-26,556.2117309570312,Hold,0,1866,49.194302326111995,1033347.6161950476,1438125.4501110013,0.7377122044563293
2021-03-02,558.9653930664062,Hold,0,1866,49.194302326111995,1038463.2125654211,1445245.0662813443,0.9058024287223816
2021-03-03,570.8970336914062,Hold,0,1866,49.194302326111995,1060629.1338184485,1476094.421851608,0.8652480244636536
2021-03-04,551.62255859375,Hold,0,1866,49.194302326111995,1024822.113590827,1426260.1069903364,0.8707095384597778
2021-03-05,551.62255859375,Hold,0,1866,49.194302326111995,1024822.113590827,1426260.1069903364,0.7915410399436951
2021-03-08,548.8690185546875,Hold,0,1866,49.194302326111995,1019706.743995716,1419140.8064337964,0.7648171782493591
2021-03-09,546.1154174804688,Hold,0,1866,49.194302326111995,1014591.2610129736,1412021.348070355,0.7170370221138
2021-03-10,547.951171875,Hold,0,1866,49.194302326111995,1018001.6207973455,1416767.7062482832,0.7755717635154724
2021-03-11,558.9653930664062,Hold,0,1866,49.194302326111995,1038463.2125654211,1445245.0662813443,0.7638867497444153
2021-03-12,563.554443359375,Hold,0,1866,49.194302326111995,1046988.4883943793,1457110.093788206,0.7888861298561096
2021-03-15,560.8009033203125,Hold,0,1866,49.194302326111995,1041873.1187992682,1449990.7932316663,0.7980268597602844
2021-03-16,562.6366577148438,Hold,0,1866,49.194302326111995,1045283.4785836402,1454737.1514095943,0.8007205724716187
2021-03-17,556.646240234375,Hold,0,1866,49.194302326111995,1034154.8227417426,1439248.8774431378,0.8072623014450073
2021-03-18,554.8030395507812,Hold,0,1866,49.194302326111995,1030730.6296663611,1434483.2668232205,0.8241065740585327
2021-03-19,544.6654663085938,Hold,0,1866,49.194302326111995,1011897.6244455787,1408272.4873171262,0.7854323387145996
2021-03-22,546.5087890625,Hold,0,1866,49.194302326111995,1015322.0442962225,1413038.4135508465,0.7085869312286377
2021-03-23,547.4302978515625,Hold,0,1866,49.194302326111995,1017033.9707524665,1415420.982150453,0.6477261185646057
2021-03-24,530.8414916992188,Hold,0,1866,49.194302326111995,986216.2330740332,1372530.4865711972,0.6555126309394836
2021-03-25,529.919921875,Hold,0,1866,49.194302326111995,984504.1932301581,1370147.7601646893,0.7473058104515076
2021-03-26,543.743896484375,Hold,0,1866,49.194302326111995,1010185.5846017034,1405889.7609106184,0.7581817507743835
2021-03-29,552.0382080078125,Hold,0,1866,49.194302326111995,1025594.2833594732,1427334.7719898939,0.7866963744163513
2021-03-30,550.1950073242188,Hold,0,1866,49.194302326111995,1022170.0902840918,1422569.1613699766,0.8304603695869446
2021-03-31,540.97900390625,Hold,0,1866,49.194302326111995,1005049.1249071845,1398741.10827039,0.8591184020042419
2021-04-01,554.8030395507812,Hold,0,1866,49.194302326111995,1030730.6296663611,1434483.2668232205,0.8620967268943787
2021-04-07,562.1758422851562,Hold,0,1866,49.194302326111995,1044427.401967887,1453545.7093028896,0.8818399310112
2021-04-08,564.940673828125,Hold,0,1866,49.194302326111995,1049563.7482747748,1460694.2041362165,0.8664728403091431
2021-04-09,562.1758422851562,Hold,0,1866,49.194302326111995,1044427.401967887,1453545.7093028896,0.7553220391273499
2021-04-12,557.56787109375,Hold,0,1866,49.194302326111995,1035866.975973249,1441631.7616565472,0.9993689656257629
2021-04-13,557.56787109375,Hold,0,1866,49.194302326111995,1035866.975973249,1441631.7616565472,0.999790370464325
2021-04-14,564.0189819335938,Hold,0,1866,49.194302326111995,1047851.4816556373,1458311.1621159054,0.9993584752082825
2021-04-15,570.47021484375,Hold,0,1866,49.194302326111995,1059836.2141132879,1474990.878189067,0.9978770017623901
2021-04-16,562.1758422851562,Hold,0,1866,49.194302326111995,1044427.401967887,1453545.7093028896,0.990827739238739
2021-04-19,555.7245483398438,Hold,0,1866,49.194302326111995,1032442.556122605,1436865.835422827,0.9758815169334412
2021-04-20,554.8030395507812,Hold,0,1866,49.194302326111995,1030730.6296663611,1434483.2668232205,0.961262047290802
2021-04-21,545.5869750976562,Hold,0,1866,49.194302326111995,1013609.5509018225,1410655.0559167324,0.9231077432632446
2021-04-22,544.6654663085938,Hold,0,1866,49.194302326111995,1011897.6244455787,1408272.4873171262,0.8826816082000732
2021-04-23,554.8030395507812,Hold,0,1866,49.194302326111995,1030730.6296663611,1434483.2668232205,0.8551325798034668
2021-04-26,562.1758422851562,Hold,0,1866,49.194302326111995,1044427.401967887,1453545.7093028896,0.8550990223884583
2021-04-27,562.1758422851562,Hold,0,1866,49.194302326111995,1044427.401967887,1453545.7093028896,0.8492773771286011
2021-04-28,554.8030395507812,Hold,0,1866,49.194302326111995,1030730.6296663611,1434483.2668232205,0.8550050258636475
2021-04-29,552.959716796875,Hold,0,1866,49.194302326111995,1027306.2098157172,1429717.3405895003,0.8452687859535217
2021-05-03,541.900634765625,Hold,0,1866,49.194302326111995,1006761.2781386907,1401123.9924837996,0.878841757774353
2021-05-04,544.6654663085938,Hold,0,1866,49.194302326111995,1011897.6244455787,1408272.4873171262,0.8599128127098083
2021-05-05,539.1358032226562,Hold,0,1866,49.194302326111995,1001624.9318318029,1393975.4976504727,0.7632564306259155
2021-05-06,540.97900390625,Hold,0,1866,49.194302326111995,1005049.1249071845,1398741.10827039,0.7588297724723816
2021-05-07,552.0382080078125,Hold,0,1866,49.194302326111995,1025594.2833594732,1427334.7719898939,0.71625816822052
2021-05-10,542.8222045898438,Hold,0,1866,49.194302326111995,1008473.317982566,1403506.7188903072,0.7149028182029724
2021-05-11,526.2335205078125,Hold,0,1866,49.194302326111995,977655.8070793952,1360616.5389248547,0.7348058223724365
2021-05-12,516.0957641601562,Hold,0,1866,49.194302326111995,958822.461695719,1334405.2859980557,0.6951352953910828
2021-05-13,504.1151123046875,Hold,0,1866,49.194302326111995,936565.4901748175,1303429.2114858471,0.6079794764518738
2021-05-14,513.3311157226562,Hold,0,1866,49.194302326111995,953686.4555517249,1327257.2645854338,0.5385957360267639
2021-05-17,505.9582214355469,Hold,0,1866,49.194302326111995,939989.5131687522,1308194.5853954123,0.6170079112052917
2021-05-18,527.155029296875,Hold,0,1866,49.194302326111995,979367.733535639,1362999.107524461,0.6673669219017029
2021-05-19,522.547119140625,Hold,0,1866,49.194302326111995,970807.4209286323,1351085.3176850202,0.6866522431373596
2021-05-20,522.547119140625,Hold,0,1866,49.194302326111995,970807.4209286323,1351085.3176850202,0.6414921283721924
2021-05-21,528.0765991210938,Hold,0,1866,49.194302326111995,981079.7733795141,1365381.833930969,0.7556463479995728
2021-05-24,523.4686279296875,Hold,0,1866,49.194302326111995,972519.3473848761,1353467.8862846266,0.8942939639091492
2021-05-25,537.292724609375,Hold,0,1866,49.194302326111995,998200.965531684,1389210.2026443586,0.9475825428962708
2021-05-26,539.1358032226562,Hold,0,1866,49.194302326111995,1001624.9318318029,1393975.4976504727,0.9006628394126892
2021-05-27,536.3710327148438,Hold,0,1866,49.194302326111995,996488.6989125464,1386827.1606240475,0.9034931659698486
2021-05-28,543.743896484375,Hold,0,1866,49.194302326111995,1010185.5846017034,1405889.7609106184,0.9753420948982239
2021-05-31,550.1950073242188,Hold,0,1866,49.194302326111995,1022170.0902840918,1422569.1613699766,0.9886665344238281
2021-06-01,551.1167602539062,Hold,0,1866,49.194302326111995,1023882.4702908606,1424952.361197189,0.9895344376564026
2021-06-02,548.3518676757812,Hold,0,1866,49.194302326111995,1018746.0105963416,1417803.7085569608,0.9889456629753113
2021-06-03,549.2734985351562,Hold,0,1866,49.194302326111995,1020458.1638278479,1420186.5927703702,0.9895812273025513
2021-06-04,548.3518676757812,Hold,0,1866,49.194302326111995,1018746.0105963416,1417803.7085569608,0.9876669645309448
2021-06-07,545.5869750976562,Hold,0,1866,49.194302326111995,1013609.5509018225,1410655.0559167324,0.9821565747261047
2021-06-08,542.8222045898438,Hold,0,1866,49.194302326111995,1008473.317982566,1403506.7188903072,0.962186872959137
2021-06-09,540.0574951171875,Hold,0,1866,49.194302326111995,1003337.1984509405,1396358.5396707838,0.8257074356079102
2021-06-10,552.0382080078125,Hold,0,1866,49.194302326111995,1025594.2833594732,1427334.7719898939,0.8873493671417236
2021-06-11,554.8030395507812,Hold,0,1866,49.194302326111995,1030730.6296663611,1434483.2668232205,0.9498594999313354
2021-06-15,561.254150390625,Hold,0,1866,49.194302326111995,1042715.1353487493,1451162.6672825788,0.9648457169532776
2021-06-16,557.56787109375,Hold,0,1866,49.194302326111995,1035866.975973249,1441631.7616565472,0.9929541945457458
2021-06-17,560.8068237304688,Hold,0,1866,49.194302326111995,1041884.1173994971,1450006.1005011166,0.9952430129051208
2021-06-18,558.030517578125,Hold,0,1866,49.194302326111995,1036726.4542179388,1442827.9379702986,0.9949624538421631
2021-06-21,539.5219116210938,Hold,0,1866,49.194302326111995,1002342.221986936,1394973.78410968,0.9912102222442627
2021-06-22,534.8949584960938,Hold,0,1866,49.194302326111995,993746.5324389868,1383010.7585169552,0.9774009585380554
2021-06-23,550.6271362304688,Hold,0,1866,49.194302326111995,1022972.874713169,1423686.4342329525,0.8729931712150574
2021-06-24,546.0,Hold,0,1866,49.194302326111995,1014376.8450023261,1411722.9352195233,0.47265899181365967
2021-06-25,546.9254760742188,Sell,933,933,508072.6679784629,1016096.1416545997,1414115.7612677305,0.7923136949539185
2021-06-28,546.0,Sell,933,0,1015236.4933284628,1015236.4933284628,1411722.9352195233,0.9640741944313049
2021-06-29,550.6271362304688,Hold,0,0,1015236.4933284628,1015236.4933284628,1423686.4342329525,0.9908181428909302
2021-06-30,550.6271362304688,Hold,0,0,1015236.4933284628,1015236.4933284628,1423686.4342329525,0.996502161026001
2021-07-01,548.7763061523438,Hold,0,0,1015236.4933284628,1015236.4933284628,1418901.0977503415,0.9989290833473206
2021-07-02,544.1491088867188,Hold,0,0,1015236.4933284628,1015236.4933284628,1406937.4409300108,0.9994568228721619
2021-07-05,546.9254760742188,Hold,0,0,1015236.4933284628,1015236.4933284628,1414115.7612677305,0.9996497631072998
2021-07-06,547.850830078125,Hold,0,0,1015236.4933284628,1015236.4933284628,1416508.2717021345,0.999842643737793
2021-07-07,549.7015991210938,Hold,0,0,1015236.4933284628,1015236.4933284628,1421293.450377844,0.9998915195465088
2021-07-08,544.1491088867188,Hold,0,0,1015236.4933284628,1015236.4933284628,1406937.4409300108,0.9998911619186401
2021-07-09,540.4475708007812,Hold,0,0,1015236.4933284628,1015236.4933284628,1397367.0835785917,0.999847412109375
2021-07-12,548.7763061523438,Hold,0,0,1015236.4933284628,1015236.4933284628,1418901.0977503415,0.999818742275238
2021-07-13,561.7321166992188,Hold,0,0,1015236.4933284628,1015236.4933284628,1452398.4531286191,0.9997511506080627
2021-07-14,567.2847900390625,Hold,0,0,1015236.4933284628,1015236.4933284628,1466754.9359971571,0.999446451663971
2021-07-15,568.2102661132812,Hold,0,0,1015236.4933284628,1015236.4933284628,1469147.7620453641,0.9987539052963257
2021-07-16,545.0745239257812,Hold,0,0,1015236.4933284628,1015236.4933284628,1409330.1091713163,0.9884463548660278
2021-07-19,538.5966186523438,Hold,0,0,1015236.4933284628,1015236.4933284628,1392581.4314821775,0.6460568904876709
2021-07-20,537.671142578125,Buy,1696,1696,102046.79189858004,1009901.9353202597,1390188.6054339705,0.9928816556930542
2021-07-21,541.372802734375,Buy,169,1865,10424.41213125216,1015616.9425046957,1399759.2783991925,0.9996529817581177
2021-07-22,546.9254760742188,Buy,17,1882,1113.429768332544,1025872.4624140875,1414115.7612677305,0.9999468326568604
2021-07-23,541.372802734375,Buy,1,1883,571.2855093542724,1015465.4059882789,1399759.2783991925,0.9999610185623169
2021-07-26,536.7457885742188,Hold,0,1883,571.2855093542724,1006791.291879116,1387796.0949995664,0.9999570846557617
2021-07-27,536.7457885742188,Hold,0,1883,571.2855093542724,1006791.291879116,1387796.0949995664,0.9999325275421143
2021-07-28,535.8204345703125,Hold,0,1883,571.2855093542724,1005056.5605937934,1385403.5845651624,0.999882698059082
2021-07-29,539.5219116210938,Hold,0,1883,571.2855093542724,1011995.6001557212,1394973.78410968,0.9998598098754883
2021-07-30,536.7457885742188,Hold,0,1883,571.2855093542724,1006791.291879116,1387796.0949995664,0.9998049139976501
2021-08-02,546.0,Hold,0,1883,571.2855093542724,1024139.8633593543,1411722.9352195233,0.9996306896209717
2021-08-03,549.7015991210938,Hold,0,1883,571.2855093542724,1031079.1317625571,1421293.450377844,0.9995608925819397
2021-08-04,551.5525512695312,Hold,0,1883,571.2855093542724,1034549.0520157523,1426079.102474258,0.9996089339256287
2021-08-05,551.5525512695312,Hold,0,1883,571.2855093542724,1034549.0520157523,1426079.102474258,0.9996036887168884
2021-08-06,546.9254760742188,Hold,0,1883,571.2855093542724,1025874.8234859519,1414115.7612677305,0.9995006322860718
2021-08-09,550.6271362304688,Hold,0,1883,571.2855093542724,1032814.2063097922,1423686.4342329525,0.9992449283599854
2021-08-10,546.9254760742188,Hold,0,1883,571.2855093542724,1025874.8234859519,1414115.7612677305,0.9976535439491272
2021-08-11,546.0,Hold,0,1883,571.2855093542724,1024139.8633593543,1411722.9352195233,0.9899779558181763
2021-08-12,542.2981567382812,Hold,0,1883,571.2855093542724,1017200.1372736015,1402151.7888335965,0.9040876626968384
2021-08-13,537.671142578125,Hold,0,1883,571.2855093542724,1008526.0231644385,1390188.6054339705,0.5980896353721619
2021-08-16,540.4475708007812,Hold,0,1883,571.2855093542724,1013730.9035442313,1397367.0835785917,0.533101499080658
2021-08-17,540.4475708007812,Hold,0,1883,571.2855093542724,1013730.9035442313,1397367.0835785917,0.4936586916446686
2021-08-18,531.1932983398438,Hold,0,1883,571.2855093542724,996382.2176433555,1373440.0855517332,0.6167219877243042
2021-08-19,517.3117065429688,Hold,0,1883,571.2855093542724,970358.8455301292,1337549.1150907406,0.5987133383750916
2021-08-20,510.8338928222656,Hold,0,1883,571.2855093542724,958215.0972193648,1320800.6741119542,0.7141809463500977
2021-08-23,523.7898559570312,Hold,0,1883,571.2855093542724,982503.2231543998,1354298.4240074856,0.7551925778388977
2021-08-24,529.3424682617188,Hold,0,1883,571.2855093542724,992912.5262314352,1368654.7490691221,0.8735975027084351
2021-08-25,541.372802734375,Hold,0,1883,571.2855093542724,1015465.4059882789,1399759.2783991925,0.939183235168457
2021-08-26,549.7015991210938,Hold,0,1883,571.2855093542724,1031079.1317625571,1421293.450377844,0.9417766332626343
2021-08-27,554.328857421875,Hold,0,1883,571.2855093542724,1039753.7035542701,1433257.2650050763,0.9030285477638245
2021-08-30,559.8815307617188,Hold,0,1883,571.2855093542724,1050163.121051943,1447613.7478736143,0.6870139241218567
2021-08-31,568.2102661132812,Hold,0,1883,571.2855093542724,1065776.7324055838,1469147.7620453641,0.5618292689323425
2021-09-01,567.2847900390625,Sell,941,942,532024.1416167488,1064041.7722789864,1466754.9359971571,0.5458232760429382
2021-09-02,561.7321166992188,Hold,0,942,532024.1416167488,1058834.2994787698,1452398.4531286191,0.6043237447738647
2021-09-03,573.7626342773438,Hold,0,942,532024.1416167488,1070116.8996294166,1483503.4558793942,0.6135825514793396
2021-09-06,583.9425048828125,Hold,0,942,532024.1416167488,1079663.90447613,1509823.595568263,0.6115435361862183
2021-09-07,576.5389404296875,Hold,0,942,532024.1416167488,1072720.6074091743,1490681.6184102125,0.640146791934967
2021-09-08,572.8372802734375,Hold,0,942,532024.1416167488,1069249.0733570992,1481110.9454449902,0.5967801809310913
2021-09-09,572.8372802734375,Hold,0,942,532024.1416167488,1069249.0733570992,1481110.9454449902,0.7956762909889221
2021-09-10,575.6136474609375,Hold,0,942,532024.1416167488,1071852.8383775582,1488289.26578271,0.8971989154815674
2021-09-13,569.1357421875,Hold,0,942,532024.1416167488,1065777.6537864264,1471540.5880935711,0.9566089510917664
2021-09-14,567.2847900390625,Hold,0,942,532024.1416167488,1064041.7722789864,1466754.9359971571,0.9728484749794006
2021-09-15,561.7321166992188,Hold,0,942,532024.1416167488,1058834.2994787698,1452398.4531286191,0.9784060716629028
2021-09-16,557.78125,Hold,0,942,532024.1416167488,1055129.0516433113,1442183.454584367,0.9810796976089478
2021-09-17,557.78125,Hold,0,942,532024.1416167488,1055129.0516433113,1442183.454584367,0.9813336730003357
2021-09-22,544.7664794921875,Hold,0,942,532024.1416167488,1042923.3879435981,1408533.657739192,0.9814112782478333
2021-09-23,546.6255493164062,Hold,0,942,532024.1416167488,1044666.8824643104,1413340.2981535124,0.979086697101593
2021-09-24,555.9220581054688,Hold,0,942,532024.1416167488,1053385.4426411963,1437376.4985562437,0.97157222032547
2021-09-27,559.6405639648438,Hold,0,942,532024.1416167488,1056872.7751268288,1446990.7262262937,0.8834842443466187
2021-09-28,552.203369140625,Hold,0,942,532024.1416167488,1049897.9384334602,1427761.797465489,0.5579919815063477
2021-09-29,539.1885986328125,Buy,492,1434,266365.32596290356,1036140.382109162,1394112.0006203137,0.5604065656661987
2021-09-30,539.1885986328125,Buy,246,1680,133535.91813598096,1035364.4357968696,1394112.0006203137,0.5955073833465576
2021-10-01,533.61083984375,Buy,124,1804,67273.88495995557,1025648.1847868599,1379690.6591152386,0.7488125562667847
2021-10-04,531.7515869140625,Buy,63,1867,33725.79698565442,1022112.9573127083,1374883.5452802137,0.755878210067749
2021-10-05,531.7515869140625,Buy,31,1898,17218.007664966557,1022016.5241624214,1374883.5452802137,0.7105857729911804
2021-10-06,530.8218383789062,Buy,16,1914,8712.755512989017,1020209.9851511574,1372479.6727488982,0.7559818029403687
2021-10-07,539.1885986328125,Buy,14,1928,1153.3583195869169,1036108.9428732735,1394112.0006203137,0.8841441869735718
2021-10-08,534.5403442382812,Buy,1,1929,618.0562553580961,1027183.6374571448,1382093.9004189481,0.9618544578552246
2021-10-12,534.5403442382812,Buy,1,1930,82.75419112927534,1027180.5103961311,1382093.9004189481,0.97890305519104
2021-10-13,530.8218383789062,Hold,0,1930,82.75419112927534,1020035.5510572029,1372479.6727488982,0.9882102012634277
2021-10-14,532.68115234375,Hold,0,1930,82.75419112927534,1023608.148003263,1377286.9443908245,0.9936079978942871
2021-10-15,557.78125,Hold,0,1930,82.75419112927534,1071836.9753708167,1442183.454584367,0.9967383742332458
2021-10-18,548.48486328125,Hold,0,1930,82.75419112927534,1053974.342470304,1418147.5697954388,0.9988659620285034
2021-10-19,557.78125,Hold,0,1930,82.75419112927534,1071836.9753708167,1442183.454584367,0.9994956254959106
2021-10-20,555.9220581054688,Hold,0,1930,82.75419112927534,1068264.6129779487,1437376.4985562437,0.9996405839920044
2021-10-21,554.062744140625,Hold,0,1930,82.75419112927534,1064692.0160318885,1432569.226914317,0.9997338652610779
2021-10-22,557.78125,Hold,0,1930,82.75419112927534,1071836.9753708167,1442183.454584367,0.9998000264167786
2021-10-25,551.27392578125,Hold,0,1930,82.75419112927534,1059333.4138042885,1425358.7139686812,0.9998328685760498
2021-10-26,556.8516235351562,Hold,0,1930,82.75419112927534,1070050.7355360847,1439779.8976668546,0.9987130165100098
2021-10-27,556.8516235351562,Hold,0,1930,82.75419112927534,1070050.7355360847,1439779.8976668546,0.9825575947761536
2021-10-28,553.1331787109375,Hold,0,1930,82.75419112927534,1062905.8934737525,1430165.827803706,0.8802227973937988
2021-10-29,548.48486328125,Hold,0,1930,82.75419112927534,1053974.342470304,1418147.5697954388,0.7227495312690735
2021-11-01,548.48486328125,Hold,0,1930,82.75419112927534,1053974.342470304,1418147.5697954388,0.5601816773414612
2021-11-02,550.3440551757812,Hold,0,1930,82.75419112927534,1057546.704863172,1422954.5258235624,0.6051934361457825
2021-11-03,550.3440551757812,Hold,0,1930,82.75419112927534,1057546.704863172,1422954.5258235624,0.6241955757141113
2021-11-04,545.6959228515625,Hold,0,1930,82.75419112927534,1048615.5056895118,1410936.7412359999,0.49549639225006104
2021-11-05,557.78125,Hold,0,1930,82.75419112927534,1071836.9753708167,1442183.454584367,0.5203914046287537
2021-11-08,559.6405639648438,Hold,0,1930,82.75419112927534,1075409.5723168768,1446990.7262262937,0.5686296820640564
2021-11-09,568.0073852539062,Hold,0,1930,82.75419112927534,1091486.0826592536,1468623.211904611,0.659497082233429
2021-11-10,568.9368286132812,Hold,0,1930,82.75419112927534,1093271.9706641973,1471026.2954014188,0.7300746440887451
2021-11-11,563.3590698242188,Hold,0,1930,82.75419112927534,1082554.5316558052,1456604.9538963437,0.7800114154815674
2021-11-12,561.4998779296875,Hold,0,1930,82.75419112927534,1078982.169262937,1451797.9978682203,0.7645134925842285
2021-11-15,565.21826171875,Hold,0,1930,82.75419112927534,1086126.894048673,1461411.909924467,0.5526885390281677
2021-11-16,567.0775756835938,Hold,0,1930,82.75419112927534,1089699.4909947333,1466219.1815663937,0.7755791544914246
2021-11-17,567.0775756835938,Hold,0,1930,82.75419112927534,1089699.4909947333,1466219.1815663937,0.8871951103210449
2021-11-18,569.866455078125,Hold,0,1930,82.75419112927534,1095058.2104989295,1473429.8523189314,0.8886178135871887
2021-11-19,574.5146484375,Hold,0,1930,82.75419112927534,1103989.5269491859,1485447.7947133954,0.8776945471763611
2021-11-22,571.725830078125,Hold,0,1930,82.75419112927534,1098630.9247215858,1478237.2817677595,0.9235739707946777
2021-11-23,568.9368286132812,Hold,0,1930,82.75419112927534,1093271.9706641973,1471026.2954014188,0.9425991177558899
2021-11-24,560.5702514648438,Hold,0,1930,82.75419112927534,1077195.9294282051,1449394.4409507078,0.935584545135498
2021-11-25,560.5702514648438,Hold,0,1930,82.75419112927534,1077195.9294282051,1449394.4409507078,0.9549195170402527
2021-11-26,554.062744140625,Hold,0,1930,82.75419112927534,1064692.0160318885,1432569.226914317,0.9732042551040649
2021-11-29,551.27392578125,Hold,0,1930,82.75419112927534,1059333.4138042885,1425358.7139686812,0.9756357669830322
2021-11-30,554.062744140625,Hold,0,1930,82.75419112927534,1064692.0160318885,1432569.226914317,0.971882700920105
2021-12-01,557.78125,Hold,0,1930,82.75419112927534,1071836.9753708167,1442183.454584367,0.9619770050048828
2021-12-02,571.725830078125,Hold,0,1930,82.75419112927534,1098630.9247215858,1478237.2817677595,0.943832516670227
2021-12-03,565.21826171875,Hold,0,1930,82.75419112927534,1086126.894048673,1461411.909924467,0.9417875409126282
2021-12-06,557.78125,Hold,0,1930,82.75419112927534,1071836.9753708167,1442183.454584367,0.9263103604316711
2021-12-07,564.2886352539062,Hold,0,1930,82.75419112927534,1084340.6542139412,1459008.3530069548,0.9420217871665955
2021-12-08,559.6405639648438,Hold,0,1930,82.75419112927534,1075409.5723168768,1446990.7262262937,0.9488313794136047
2021-12-09,565.21826171875,Hold,0,1930,82.75419112927534,1086126.894048673,1461411.909924467,0.9605451822280884
2021-12-10,562.4295654296875,Hold,0,1930,82.75419112927534,1080768.5263742653,1454201.7125926344,0.9907097816467285
2021-12-13,558.7108154296875,Hold,0,1930,82.75419112927534,1073623.0979289527,1444586.8536949782,0.9959214925765991
2021-12-14,556.8516235351562,Hold,0,1930,82.75419112927534,1070050.7355360847,1439779.8976668546,0.9979872703552246
2021-12-15,557.78125,Hold,0,1930,82.75419112927534,1071836.9753708167,1442183.454584367,0.9986685514450073
2021-12-16,565.0192260742188,Hold,0,1930,82.75419112927534,1085744.4550688912,1460897.3016185118,0.9988771080970764
2021-12-17,566.8869018554688,Hold,0,1930,82.75419112927534,1089333.1189086128,1465726.1928059508,0.999211311340332
2021-12-20,558.4817504882812,Hold,0,1930,82.75419112927534,1073182.9588639045,1443994.6043934599,0.9994015693664551
2021-12-21,557.5478515625,Hold,0,1930,82.75419112927534,1071388.5096674475,1441580.0009928388,0.9995155334472656
2021-12-22,560.3495483398438,Hold,0,1930,82.75419112927534,1076771.8572568183,1448823.8111947018,0.9996788501739502
2021-12-23,565.9530639648438,Hold,0,1930,82.75419112927534,1087538.786988752,1463311.7472122312,0.9996542930603027
2021-12-24,564.0852661132812,Hold,0,1930,82.75419112927534,1083949.888595838,1458482.5404109892,0.9995610117912292
2021-12-27,565.9530639648438,Hold,0,1930,82.75419112927534,1087538.786988752,1463311.7472122312,0.9994053840637207
2021-12-28,574.3583984375,Hold,0,1930,82.75419112927534,1103689.2988632484,1485043.8090454268,0.9991294741630554
2021-12-29,575.292236328125,Hold,0,1930,82.75419112927534,1105483.6307831092,1487458.2546391462,0.997003972530365
2021-12-30,574.3583984375,Hold,0,1930,82.75419112927534,1103689.2988632484,1485043.8090454268,0.9195356965065002
2022-01-03,589.3009643554688,Hold,0,1930,82.75419112927534,1132400.837836347,1523677.936876068,0.6058098673820496
2022-01-04,612.64892578125,Hold,0,1930,82.75419112927534,1177263.0059605383,1584044.2843468061,0.5370157957077026
2022-01-05,607.04541015625,Sell,1930,0,1166496.076228605,1166496.076228605,1569556.3483292768,0.8679885268211365
2022-01-06,601.4418334960938,Hold,0,0,1166496.076228605,1166496.076228605,1555068.254504846,0.9806985259056091
2022-01-07,592.1027221679688,Hold,0,0,1166496.076228605,1166496.076228605,1530921.9048848324,0.997331976890564
2022-01-10,600.5079345703125,Hold,0,0,1166496.076228605,1166496.076228605,1552653.6511042248,0.9993895292282104
2022-01-11,607.979248046875,Hold,0,0,1166496.076228605,1166496.076228605,1571970.7939229961,0.9997649788856506
2022-01-12,616.384521484375,Hold,0,0,1166496.076228605,1166496.076228605,1593702.6979492903,0.9998669624328613
2022-01-13,617.3184814453125,Hold,0,0,1166496.076228605,1166496.076228605,1596117.4591568129,0.9998950958251953
2022-01-14,627.5914916992188,Hold,0,0,1166496.076228605,1166496.076228605,1622678.4121774472,0.9997947812080383
2022-01-17,637.864501953125,Hold,0,0,1166496.076228605,1166496.076228605,1649239.3651980816,0.9997325539588928
2022-01-18,618.2522583007812,Hold,0,0,1166496.076228605,1166496.076228605,1598531.7469436307,0.9994869232177734
2022-01-19,610.7811279296875,Hold,0,0,1166496.076228605,1166496.076228605,1579215.077545564,0.9906961917877197
2022-01-20,607.979248046875,Hold,0,0,1166496.076228605,1166496.076228605,1571970.7939229961,0.9392780661582947
2022-01-21,598.64013671875,Hold,0,0,1166496.076228605,1166496.076228605,1547824.4443029829,0.5781318545341492
2022-01-24,609.84716796875,Hold,0,0,1166496.076228605,1166496.076228605,1576800.3163380413,0.62806636095047
2022-01-25,598.64013671875,Hold,0,0,1166496.076228605,1166496.076228605,1547824.4443029829,0.5466832518577576
2022-01-26,593.9705200195312,Hold,0,0,1166496.076228605,1166496.076228605,1535751.1116860746,0.7393271327018738
2022-02-07,593.0365600585938,Hold,0,0,1166496.076228605,1166496.076228605,1533336.350478552,0.8104565143585205
2022-02-08,586.4992065429688,Hold,0,0,1166496.076228605,1166496.076228605,1516433.968867303,0.8450428247451782
2022-02-09,591.1687622070312,Hold,0,0,1166496.076228605,1166496.076228605,1528507.1436773099,0.847518265247345
2022-02-10,606.111328125,Hold,0,0,1166496.076228605,1166496.076228605,1567141.271507951,0.7872440218925476
2022-02-11,607.04541015625,Hold,0,0,1166496.076228605,1166496.076228605,1569556.3483292768,0.6846574544906616
2022-02-14,594.904296875,Hold,0,0,1166496.076228605,1166496.076228605,1538165.3994728925,0.5199059844017029
2022-02-15,591.1687622070312,Hold,0,0,1166496.076228605,1166496.076228605,1528507.1436773099,0.4962652623653412
2022-02-16,603.3096923828125,Hold,0,0,1166496.076228605,1166496.076228605,1559897.6191129896,0.5733964443206787
2022-02-17,602.3757934570312,Hold,0,0,1166496.076228605,1166496.076228605,1557483.0157123685,0.5898906588554382
2022-02-18,594.904296875,Hold,0,0,1166496.076228605,1166496.076228605,1538165.3994728925,0.6121058464050293
2022-02-21,590.23486328125,Hold,0,0,1166496.076228605,1166496.076228605,1526092.5402766888,0.5847208499908447
2022-02-22,585.5653076171875,Hold,0,0,1166496.076228605,1166496.076228605,1514019.3654666822,0.8245707154273987
2022-02-23,583.6973266601562,Hold,0,0,1166496.076228605,1166496.076228605,1509189.6852447353,0.9412052035331726
2022-02-24,564.0852661132812,Hold,0,0,1166496.076228605,1166496.076228605,1458482.5404109892,0.9645168781280518
2022-02-25,564.0852661132812,Hold,0,0,1166496.076228605,1166496.076228605,1458482.5404109892,0.9728373289108276
2022-03-01,564.0852661132812,Hold,0,0,1166496.076228605,1166496.076228605,1458482.5404109892,0.9761403799057007
2022-03-02,561.2833862304688,Hold,0,0,1166496.076228605,1166496.076228605,1451238.2567884214,0.9732741713523865
2022-03-03,562.2174072265625,Hold,0,0,1166496.076228605,1166496.076228605,1453653.1758028455,0.9671148061752319
2022-03-04,555.6801147460938,Hold,0,0,1166496.076228605,1166496.076228605,1436750.9519984983,0.9086678624153137
2022-03-07,537.935546875,Hold,0,0,1166496.076228605,1166496.076228605,1390872.2249314862,0.8431729674339294
2022-03-08,525.7945556640625,Hold,0,0,1166496.076228605,1166496.076228605,1359481.5916889051,0.9975084066390991
2022-03-09,530.4642333984375,Hold,0,0,1166496.076228605,1166496.076228605,1371555.0821127149,0.9995396137237549
2022-03-10,548.208740234375,Hold,0,0,1166496.076228605,1166496.076228605,1417433.6513728253,0.9997243285179138
2022-03-11,537.0015869140625,Hold,0,0,1166496.076228605,1166496.076228605,1388457.4637239636,0.9998525381088257
2022-03-14,534.2000122070312,Hold,0,0,1166496.076228605,1166496.076228605,1381213.9691359038,0.9998804330825806
2022-03-15,521.1250610351562,Hold,0,0,1166496.076228605,1166496.076228605,1347408.5746858,0.9999104738235474
2022-03-16,523.7060546875,Hold,0,0,1166496.076228605,1166496.076228605,1354081.7551316572,0.9999511241912842
2022-03-17,546.23095703125,Hold,0,0,1166496.076228605,1166496.076228605,1412320.0765349898,0.9999685287475586
2022-03-18,545.2925415039062,Hold,0,0,1166496.076228605,1166496.076228605,1409893.795423654,0.9999666213989258
2022-03-21,549.9852294921875,Hold,0,0,1166496.076228605,1166496.076228605,1422026.779049348,0.9999619722366333
2022-03-22,547.1696166992188,Hold,0,0,1166496.076228605,1166496.076228605,1414746.9888739316,0.9999579191207886
2022-03-23,553.7393798828125,Hold,0,0,1166496.076228605,1166496.076228605,1431733.1659499037,0.999955415725708
2022-03-24,554.677978515625,Hold,0,0,1166496.076228605,1166496.076228605,1434159.920481944,0.9999579191207886
2022-03-25,561.2477416992188,Hold,0,0,1166496.076228605,1166496.076228605,1451146.097557916,0.999546229839325
2022-03-28,548.108154296875,Hold,0,0,1166496.076228605,1166496.076228605,1417173.5855990704,0.9996448755264282
2022-03-29,552.8009033203125,Hold,0,0,1166496.076228605,1166496.076228605,1429306.7270316663,0.9998642206192017
2022-03-30,563.1248168945312,Hold,0,0,1166496.076228605,1166496.076228605,1455999.2910081937,0.9999083280563354
2022-03-31,560.3092041015625,Hold,0,0,1166496.076228605,1166496.076228605,1448719.5008327772,0.999915599822998
2022-04-01,552.8009033203125,Hold,0,0,1166496.076228605,1166496.076228605,1429306.7270316663,0.9999130964279175
2022-04-06,542.476806640625,Hold,0,0,1166496.076228605,1166496.076228605,1402613.6896344342,0.9999008178710938
2022-04-07,531.21435546875,Hold,0,0,1166496.076228605,1166496.076228605,1373494.528932768,0.9998838901519775
2022-04-08,532.1529541015625,Hold,0,0,1166496.076228605,1166496.076228605,1375921.2834648085,0.9998718500137329
2022-04-11,523.7060546875,Hold,0,0,1166496.076228605,1166496.076228605,1354081.7551316572,0.9998887777328491
2022-04-12,522.7674560546875,Hold,0,0,1166496.076228605,1166496.076228605,1351655.0005996167,0.9998974800109863
2022-04-13,537.7841796875,Hold,0,0,1166496.076228605,1166496.076228605,1390480.8638156415,0.9999173879623413
2022-04-14,537.7841796875,Hold,0,0,1166496.076228605,1166496.076228605,1390480.8638156415,0.9999226331710815
2022-04-15,527.4603271484375,Hold,0,0,1166496.076228605,1166496.076228605,1363788.4576460156,0.9999128580093384
2022-04-18,526.5216674804688,Hold,0,0,1166496.076228605,1166496.076228605,1361361.5453070737,0.9998277425765991
2022-04-19,530.27587890625,Hold,0,0,1166496.076228605,1166496.076228605,1371068.0900145306,0.9998311996459961
2022-04-20,534.968505859375,Hold,0,0,1166496.076228605,1166496.076228605,1383200.9158333235,0.9998955726623535
2022-04-21,530.27587890625,Hold,0,0,1166496.076228605,1166496.076228605,1371068.0900145306,0.9998356103897095
2022-04-22,523.7060546875,Hold,0,0,1166496.076228605,1166496.076228605,1354081.7551316572,0.9997126460075378
2022-04-25,513.3821411132812,Hold,0,0,1166496.076228605,1166496.076228605,1327389.1911551298,0.9991810917854309
2022-04-26,512.4435424804688,Hold,0,0,1166496.076228605,1166496.076228605,1324962.4366230892,0.9939674139022827
2022-04-27,493.6726989746094,Hold,0,0,1166496.076228605,1166496.076228605,1276430.26540996,0.9477702379226685
2022-04-28,498.365478515625,Hold,0,0,1166496.076228605,1166496.076228605,1288563.4857460065,0.5786713361740112
2022-04-29,504.9353332519531,Hold,0,0,1166496.076228605,1166496.076228605,1305549.899532331,0.8513092994689941
2022-05-03,498.365478515625,Hold,0,0,1166496.076228605,1166496.076228605,1288563.4857460065,0.8432570099830627
2022-05-04,501.1811218261719,Hold,0,0,1166496.076228605,1166496.076228605,1295843.3548248739,0.5703646540641785
2022-05-05,508.6894226074219,Buy,1144,1144,583726.1112689796,1163091.7231367468,1315256.1286259848,0.7920119762420654
2022-05-06,495.5498046875,Buy,588,1732,291927.60493138194,1146421.9233920265,1281283.5377636885,0.6893151998519897
2022-05-09,488.0414733886719,Buy,298,2030,146283.99904988322,1132624.2354838052,1261870.6850591267,0.604849636554718
2022-05-10,486.1644287109375,Buy,150,2180,73255.41709660563,1128404.086524889,1257017.5705123,0.6928710341453552
2022-05-11,488.9800109863281,Buy,74,2254,37019.333341458834,1134303.2159240653,1264297.2817842655,0.7547879219055176
2022-05-12,473.96337890625,Buy,38,2292,18983.05982605356,1100500.1402939733,1225471.655278593,0.8406853675842285
2022-05-13,479.59466552734375,Buy,35,2327,2173.3267486533514,1113251.739149714,1240031.3934363278,0.9435242414474487
2022-05-16,488.0414733886719,Buy,4,2331,218.37901870034852,1132809.0643031693,1261870.6850591267,0.9776108860969543
2022-05-17,497.4269104003906,Hold,0,2331,218.37901870034852,1154589.710244977,1286136.8101174168,0.9954727292060852
2022-05-18,504.9353332519531,Hold,0,2331,218.37901870034852,1172014.3969704926,1305549.899532331,0.9989209175109863
2022-05-19,489.9185485839844,Hold,0,2331,218.37901870034852,1137165.1651628525,1266723.8785094044,0.9992179870605469
2022-05-20,497.4269104003906,Hold,0,2331,218.37901870034852,1154589.710244977,1286136.8101174168,0.9997060894966125
2022-05-23,495.5498046875,Hold,0,2331,218.37901870034852,1150233.538563598,1281283.5377636885,0.9998959302902222
2022-05-24,488.0414733886719,Hold,0,2331,218.37901870034852,1132809.0643031693,1261870.6850591267,0.9999231100082397
2022-05-25,491.795654296875,Hold,0,2331,218.37901870034852,1141521.3368442315,1271577.150863133,0.9999339580535889
2022-05-26,482.4102478027344,Hold,0,2331,218.37901870034852,1119740.7617241195,1247311.1047082937,0.9999138116836548
2022-05-27,497.4269104003906,Hold,0,2331,218.37901870034852,1154589.710244977,1286136.8101174168,0.9999290704727173
2022-05-30,513.3821411132812,Hold,0,2331,218.37901870034852,1191616.7800173713,1327389.1911551298,0.9999480247497559
2022-05-31,525.5831909179688,Hold,0,2331,218.37901870034852,1219931.5772487037,1358935.1063888364,0.9999630451202393
2022-06-01,515.2591552734375,Hold,0,2331,218.37901870034852,1195972.7392336633,1332242.226798506,0.9999570846557617
2022-06-02,506.8123474121094,Hold,0,2331,218.37901870034852,1176370.3561867843,1310402.9351757069,0.999958872795105
2022-06-06,506.8123474121094,Hold,0,2331,218.37901870034852,1176370.3561867843,1310402.9351757069,0.9999635219573975
2022-06-07,502.11962890625,Hold,0,2331,218.37901870034852,1165480.0332158806,1298269.8726465618,0.9999622106552124
2022-06-08,510.5664367675781,Hold,0,2331,218.37901870034852,1185082.4162627594,1320109.164269361,0.9999630451202393
2022-06-09,507.75091552734375,Hold,0,2331,218.37901870034852,1178548.4774383218,1312829.6108042966,0.9999645948410034
2022-06-10,497.4269104003906,Hold,0,2331,218.37901870034852,1154589.710244977,1286136.8101174168,0.9999663829803467
2022-06-13,484.2872619628906,Hold,0,2331,218.37901870034852,1124096.7209404113,1252164.1403516699,0.9999668598175049
2022-06-14,481.47174072265625,Hold,0,2331,218.37901870034852,1117562.7821159738,1244884.5868866055,0.9999759197235107
2022-06-15,477.717529296875,Hold,0,2331,218.37901870034852,1108850.4387532158,1235178.0421791486,0.9999799728393555
2022-06-16,479.3689270019531,Hold,0,2331,218.37901870034852,1112682.8131731292,1239447.744610944,0.9999749660491943
2022-06-17,472.7633972167969,Hold,0,2331,218.37901870034852,1097353.4571368669,1222369.0926906636,0.9999772310256958
2022-06-20,469.93255615234375,Hold,0,2331,218.37901870034852,1090783.965821183,1215049.9296933103,0.999969482421875
2022-06-21,476.5379943847656,Hold,0,2331,218.37901870034852,1106113.1093923585,1232128.3449032384,0.9999585151672363
2022-06-22,466.6297302246094,Hold,0,2331,218.37901870034852,1083119.1461596603,1206510.4459262686,0.999970555305481
2022-06-23,458.1370544433594,Hold,0,2331,218.37901870034852,1063410.3181041307,1184552.5624169544,0.999980092048645
2022-06-24,459.0805969238281,Hold,0,2331,218.37901870034852,1065599.9832920686,1186992.0993080204,0.9999862909317017
2022-06-27,470.4043884277344,Hold,0,2331,218.37901870034852,1091878.9400585433,1216269.8559457448,0.9999880790710449
2022-06-28,469.460693359375,Hold,0,2331,218.37901870034852,1089688.920762127,1213829.924537425,0.9999926090240479
2022-06-29,463.3270263671875,Hold,0,2331,218.37901870034852,1075454.6097849205,1197971.2777730299,0.9999939203262329
2022-06-30,449.17242431640625,Hold,0,2331,218.37901870034852,1042606.2325244575,1161374.437041403,0.9999924898147583
2022-07-01,427.94061279296875,Hold,0,2331,218.37901870034852,993333.8790988502,1106479.412654315,0.9999918937683105
2022-07-04,415.2014465332031,Hold,0,2331,218.37901870034852,963770.282907077,1073542.19287309,0.9999761581420898
2022-07-05,420.8631896972656,Hold,0,2331,218.37901870034852,976909.4071818358,1088180.6766746985,0.9999438524246216
2022-07-06,410.9549865722656,Hold,0,2331,218.37901870034852,953915.5855925292,1062562.93550463,0.9998764991760254
2022-07-07,431.7151184082031,Hold,0,2331,218.37901870034852,1002093.3188892547,1116238.4281565375,0.9998132586479187
2022-07-08,440.6797180175781,Hold,0,2331,218.37901870034852,1022897.3336472319,1139416.4746286382,0.9997487664222717
2022-07-11,435.9615478515625,Hold,0,2331,218.37901870034852,1011947.9453821067,1127217.6066215467,0.9997358918190002
2022-07-12,424.16595458984375,Hold,0,2331,218.37901870034852,984574.0851999671,1096720.0026348387,0.9996992349624634
2022-07-13,443.9823913574219,Hold,0,2331,218.37901870034852,1030561.7992002761,1147955.563878426,0.9996590614318848
2022-07-14,448.22882080078125,Hold,0,2331,218.37901870034852,1040416.4256931281,1158934.7423434353,0.9996812343597412
2022-07-15,464.74249267578125,Hold,0,2331,218.37901870034852,1078739.4616753059,1201630.9776268827,0.9989437460899353
2022-07-18,467.57342529296875,Hold,0,2331,218.37901870034852,1085309.1654560769,1208950.3773345884,0.9998877048492432
2022-07-19,463.3270263671875,Hold,0,2331,218.37901870034852,1075454.6097849205,1197971.2777730299,0.999873161315918
2022-07-20,467.1015930175781,Hold,0,2331,218.37901870034852,1084214.1912187166,1207730.4510821537,0.9998934268951416
2022-07-21,472.7633972167969,Hold,0,2331,218.37901870034852,1097353.4571368669,1222369.0926906636,0.9999072551727295
2022-07-22,474.6507263183594,Hold,0,2331,218.37901870034852,1101733.3540863083,1227248.7977004019,0.9998830556869507
2022-07-25,471.3479919433594,Hold,0,2331,218.37901870034852,1094068.7468898727,1218709.5506437123,0.9998576641082764
2022-07-26,467.1015930175781,Hold,0,2331,218.37901870034852,1084214.1912187166,1207730.4510821537,0.9998844861984253
2022-07-27,473.70709228515625,Hold,0,2331,218.37901870034852,1099543.4764332832,1224809.0240989835,0.9999310970306396
2022-07-28,472.7633972167969,Hold,0,2331,218.37901870034852,1097353.4571368669,1222369.0926906636,0.999936580657959
2022-07-29,480.31256103515625,Hold,0,2331,218.37901870034852,1114872.6908261543,1241887.5182123624,0.9999266862869263
2022-08-01,475.5943298339844,Hold,0,2331,218.37901870034852,1103923.1609176376,1229688.4923983694,0.9999165534973145
2022-08-02,464.2706298828125,Hold,0,2331,218.37901870034852,1077644.4166162498,1200410.9724709974,0.9998925924301147
2022-08-03,472.7633972167969,Hold,0,2331,218.37901870034852,1097353.4571368669,1222369.0926906636,0.9998424053192139
2022-08-04,471.81976318359375,Hold,0,2331,218.37901870034852,1095163.5794838418,1219929.3190892453,0.9998471736907959
2022-08-05,486.91796875,Hold,0,2331,218.37901870034852,1130201.763575634,1258965.8545188399,0.9998705387115479
2022-08-08,483.1435241699219,Hold,0,2331,218.37901870034852,1121442.465428621,1249206.9968235188,0.9998316764831543
2022-08-09,481.25616455078125,Hold,0,2331,218.37901870034852,1117062.4976574837,1244327.21291033,0.9998108744621277
2022-08-10,471.81976318359375,Hold,0,2331,218.37901870034852,1095163.5794838418,1219929.3190892453,0.9998524188995361
2022-08-11,485.0307312011719,Hold,0,2331,218.37901870034852,1125822.0790912795,1254086.386219454,0.9998213648796082
2022-08-12,487.8617248535156,Hold,0,2331,218.37901870034852,1132391.924515442,1261405.9437340612,0.9998383522033691
2022-08-15,493.5234680175781,Hold,0,2331,218.37901870034852,1145531.0487902008,1276044.4275356694,0.9999024868011475
2022-08-16,495.4107360839844,Hold,0,2331,218.37901870034852,1149910.804096251,1280923.9747385061,0.999941349029541
2022-08-17,497.298095703125,Hold,0,2331,218.37901870034852,1154290.7718673882,1285803.758651695,0.9999748468399048
2022-08-18,490.6925964355469,Hold,0,2331,218.37901870034852,1138961.4866528213,1268725.1856348652,0.9999847412109375
2022-08-19,489.7490234375,Hold,0,2331,218.37901870034852,1136771.7506431877,1266285.5698403486,0.9999910593032837
2022-08-22,483.1435241699219,Hold,0,2331,218.37901870034852,1121442.465428621,1249206.9968235188,0.9999939203262329
2022-08-23,475.5943298339844,Hold,0,2331,218.37901870034852,1103923.1609176376,1229688.4923983694,0.9999957084655762
2022-08-24,474.6507263183594,Hold,0,2331,218.37901870034852,1101733.3540863083,1227248.7977004019,0.9999972581863403
2022-08-25,479.3689270019531,Hold,0,2331,218.37901870034852,1112682.8131731292,1239447.744610944,0.9999955892562866
2022-08-26,483.1435241699219,Hold,0,2331,218.37901870034852,1121442.465428621,1249206.9968235188,0.999983549118042
2022-08-29,470.4043884277344,Hold,0,2331,218.37901870034852,1091878.9400585433,1216269.8559457448,0.9998877048492432
2022-08-30,468.04522705078125,Hold,0,2331,218.37901870034852,1086404.0688717414,1210170.224683572,0.9993112087249756
2022-08-31,476.5379943847656,Hold,0,2331,218.37901870034852,1106113.1093923585,1232128.3449032384,0.9988288283348083
2022-09-01,462.855224609375,Hold,0,2331,218.37901870034852,1074359.706369256,1196751.430424046,0.9990338087081909
2022-09-02,457.6651611328125,Hold,0,2331,218.37901870034852,1062315.2022233787,1183332.4783576184,0.9996521472930908
2022-09-05,458.6088562011719,Hold,0,2331,218.37901870034852,1064505.2215197952,1185772.4097659383,0.9998433589935303
2022-09-06,461.4397277832031,Hold,0,2331,218.37901870034852,1071074.7836571748,1193091.6516667425,0.9999054670333862
2022-09-07,445.8697204589844,Hold,0,2331,218.37901870034852,1034941.6961497177,1152835.2688881643,0.9999265670776367
2022-09-08,448.22882080078125,Hold,0,2331,218.37901870034852,1040416.4256931281,1158934.7423434353,0.999934196472168
2022-09-12,459.0805969238281,Hold,0,2331,218.37901870034852,1065599.9832920686,1186992.0993080204,0.9999397993087769
2022-09-13,465.2143249511719,Hold,0,2331,218.37901870034852,1079834.4359126664,1202850.9038793172,0.9999499320983887
2022-09-14,452.947021484375,Hold,0,2331,218.37901870034852,1051365.8847799492,1171133.6892539777,0.9999417066574097
2022-09-15,452.23516845703125,Hold,0,2331,218.37901870034852,1049713.8979058356,1169293.1873611966,0.9998408555984497
2022-09-16,447.96429443359375,Hold,0,2331,218.37901870034852,1039802.5432347205,1158250.8072321163,0.9995781779289246
2022-09-19,443.2189636230469,Hold,0,2331,218.37901870034852,1028790.123660414,1145981.715153835,0.9979189038276672
2022-09-20,452.23516845703125,Hold,0,2331,218.37901870034852,1049713.8979058356,1169293.1873611966,0.9938780665397644
2022-09-21,447.0152587890625,Hold,0,2331,218.37901870034852,1037600.130141555,1155797.067719911,0.9798455834388733
2022-09-22,440.84625244140625,Hold,0,2331,218.37901870034852,1023283.8076407172,1139847.050759518,0.9407942295074463
2022-09-23,431.8299865722656,Hold,0,2331,218.37901870034852,1002359.8917519042,1116535.420745255,0.5513488054275513
2022-09-26,423.7628479003906,Hold,0,2331,218.37901870034852,983638.6014213439,1095677.7669535496,0.7544591426849365
2022-09-27,425.1864929199219,Hold,0,2331,218.37901870034852,986942.4335261794,1099358.6129322103,0.8810885548591614
2022-09-28,415.6957092285156,Hold,0,2331,218.37901870034852,964917.3110907836,1074820.1131618444,0.8022350072860718
2022-09-29,412.8484802246094,Sell,1165,1166,479058.57295875234,958309.788524504,1067458.5790114247,0.544378399848938
2022-09-30,400.51043701171875,Sell,583,583,711522.9309239425,943987.2888891326,1035558.4661871884,0.667573094367981
2022-10-03,395.76507568359375,Sell,291,292,826180.9511540374,941232.985199356,1023289.2952054563,0.7941032648086548
2022-10-04,407.1540222167969,Sell,146,146,885362.3965416366,944543.8419292357,1052735.5107105856,0.519671618938446
2022-10-05,422.33929443359375,Hold,0,146,885362.3965416366,946751.0812277724,1091997.1576852414,0.6950112581253052
2022-10-06,428.03369140625,Hold,0,146,885362.3965416366,947578.784320616,1106720.0681791792,0.9167805314064026
2022-10-07,415.6957092285156,Hold,0,146,885362.3965416366,945785.4098760528,1074820.1131618444,0.9499717950820923
2022-10-11,381.0544128417969,Hold,0,146,885362.3965416366,940750.1606131224,985254.7546972554,0.973972499370575
2022-10-12,377.258056640625,Hold,0,146,885362.3965416366,940198.3452436752,975439.244324278,0.9843900799751282
2022-10-13,374.8854064941406,Hold,0,146,885362.3965416366,939853.4711729155,969304.7377368626,0.9886198043823242
2022-10-14,391.01971435546875,Hold,0,146,885362.3965416366,942198.6565510756,1011020.1242237241,0.9904081225395203
2022-10-17,376.7835693359375,Hold,0,146,885362.3965416366,940129.376639714,974212.453471626,0.9912105798721313
2022-10-18,386.2743835449219,Hold,0,146,885362.3965416366,941508.903973706,998751.0321454427,0.9901970624923706
2022-10-19,375.3599548339844,Hold,0,146,885362.3965416366,939922.4486485778,970531.6863964162,0.9886680245399475
2022-10-20,377.258056640625,Hold,0,146,885362.3965416366,940198.3452436752,975439.244324278,0.982703447341919
2022-10-21,369.6654357910156,Hold,0,146,885362.3965416366,939094.7278123321,955808.4602886754,0.9643179774284363
2022-10-24,367.2927551269531,Hold,0,146,885362.3965416366,938749.8493057219,949673.8747978093,0.95488041639328
2022-10-25,352.1075439453125,Hold,0,146,885362.3965416366,936542.6188788863,910412.385630055,0.9478247165679932
2022-10-26,356.8529052734375,Hold,0,146,885362.3965416366,937232.3758921066,922681.5566117872,0.9344437718391418
2022-10-27,365.8691711425781,Hold,0,146,885362.3965416366,938542.9257504363,945993.1866260503,0.9165813326835632
2022-10-28,360.1747131347656,Hold,0,146,885362.3965416366,937715.2137858917,931270.1183252111,0.863614559173584
2022-10-31,370.1399841308594,Hold,0,146,885362.3965416366,939163.7052879942,957035.4089482289,0.7501491904258728
2022-11-01,371.5635986328125,Hold,0,146,885362.3965416366,939370.6332791304,960716.1760234388,0.652042031288147
2022-11-02,374.8854064941406,Buy,1179,1325,442742.6666857291,937267.8302915145,969304.7377368626,0.5802649855613708
2022-11-03,364.445556640625,Buy,1091,2416,44565.969995036954,921170.2202818533,942312.4195508405,0.8675926923751831
2022-11-04,362.54736328125,Buy,110,2526,4628.930734905116,916371.1791028982,937404.6249126263,0.9709944128990173
2022-11-07,370.1399841308594,Buy,11,2537,551.5889652144115,935441.4539618551,957035.4089482289,0.990592896938324
2022-11-08,378.6817321777344,Buy,1,2538,172.3676115683238,957013.7618831763,979120.1692063893,0.9981192946434021
2022-11-09,395.76507568359375,Hold,0,2538,172.3676115683238,1000179.4306493032,1023289.2952054563,0.9995802044868469
2022-11-10,386.7489013671875,Hold,0,2538,172.3676115683238,977397.6377323507,999977.9019015455,0.9998584985733032
2022-11-11,419.0174865722656,Hold,0,2538,172.3676115683238,1058932.9097964058,1083408.5959718176,0.9999686479568481
2022-11-14,422.33929443359375,Hold,0,2538,172.3676115683238,1067326.3520869988,1091997.1576852414,0.9999713897705078
2022-11-15,455.5570068359375,Hold,0,2538,172.3676115683238,1151259.8496623558,1177881.8279780713,0.9998563528060913
2022-11-16,462.2004699707031,Hold,0,2538,172.3676115683238,1168046.3486891366,1195058.5568876653,0.9953194260597229
2022-11-17,460.3022766113281,Hold,0,2538,172.3676115683238,1163250.0518882943,1190150.7622494511,0.9962323307991028
2022-11-18,462.2004699707031,Hold,0,2538,172.3676115683238,1168046.3486891366,1195058.5568876653,0.9962273836135864
2022-11-21,457.45513916015625,Hold,0,2538,172.3676115683238,1156055.992241436,1182789.464809384,0.9969086050987244
2022-11-22,465.99676513671875,Hold,0,2538,172.3676115683238,1177638.710958178,1204873.9094537413,0.9954845905303955
2022-11-23,466.9458312988281,Hold,0,2538,172.3676115683238,1180036.782247718,1207327.7278693975,0.9933276176452637
2022-11-24,470.7421569824219,Hold,0,2538,172.3676115683238,1189629.2216276405,1217143.159338924,0.9940685033798218
2022-11-25,472.6403503417969,Hold,0,2538,172.3676115683238,1194425.5184284828,1222050.9539771383,0.9921872615814209
2022-11-28,456.0315246582031,Hold,0,2538,172.3676115683238,1152458.8467516853,1179108.697734174,0.9919032454490662
2022-11-29,462.2004699707031,Hold,0,2538,172.3676115683238,1168046.3486891366,1195058.5568876653,0.9930101037025452
2022-11-30,465.04766845703125,Hold,0,2538,172.3676115683238,1175240.5625577567,1202420.0121346342,0.9918190240859985
2022-12-01,473.1148986816406,Hold,0,2538,172.3676115683238,1195624.5926286934,1223277.9026366917,0.9927391409873962
2022-12-02,467.42041015625,Hold,0,2538,172.3676115683238,1181235.9335588096,1208554.7554324018,0.9929805397987366
2022-12-05,464.0986022949219,Hold,0,2538,172.3676115683238,1172842.4912682166,1199966.1937189777,0.996839165687561
2022-12-06,453.6588134765625,Hold,0,2538,172.3676115683238,1146463.5528615136,1172974.0333398571,0.9885318279266357
2022-12-07,450.81158447265625,Hold,0,2538,172.3676115683238,1139269.2618820122,1165612.4991894376,0.9930775165557861
2022-12-08,447.48980712890625,Hold,0,2538,172.3676115683238,1130875.8967023003,1157024.0163794644,0.99400395154953
2022-12-09,456.9805603027344,Hold,0,2538,172.3676115683238,1154856.8409303443,1181562.4372463797,0.9957976341247559
2022-12-12,450.81158447265625,Hold,0,2538,172.3676115683238,1139269.2618820122,1165612.4991894376,0.9976744055747986
2022-12-13,447.48980712890625,Hold,0,2538,172.3676115683238,1130875.8967023003,1157024.0163794644,0.9981557726860046
2022-12-14,456.0315246582031,Hold,0,2538,172.3676115683238,1152458.8467516853,1179108.697734174,0.9979732632637024
2022-12-15,458.6564636230469,Hold,0,2538,172.3676115683238,1159091.4620736733,1185895.4991491474,0.9955952763557434
2022-12-16,449.5883483886719,Hold,0,2538,172.3676115683238,1136178.4264371863,1162449.8121720173,0.996243953704834
2022-12-19,445.29290771484375,Hold,0,2538,172.3676115683238,1125324.838597814,1151343.9147650632,0.9977292418479919
2022-12-20,436.7020568847656,Hold,0,2538,172.3676115683238,1103617.7400299506,1129132.1988546057,0.9958772659301758
2022-12-21,438.1338195800781,Hold,0,2538,172.3676115683238,1107235.4741249396,1132834.0331511723,0.9900194406509399
2022-12-22,446.7247009277344,Hold,0,2538,172.3676115683238,1128942.649803684,1155045.8279650807,0.9854775667190552
2022-12-23,434.3157043457031,Hold,0,2538,172.3676115683238,1097587.977575953,1122962.2646177923,0.996732234954834
2022-12-26,435.74749755859375,Hold,0,2538,172.3676115683238,1101205.788781823,1126664.1778178099,0.9933860898017883
2022-12-27,436.2247619628906,Hold,0,2538,172.3676115683238,1102411.7258504464,1127898.1488844822,0.9919314980506897
2022-12-28,430.4974670410156,Hold,0,2538,172.3676115683238,1087940.172583442,1113090.180470609,0.9906793236732483
2022-12-29,425.7247619628906,Hold,0,2538,172.3676115683238,1075880.6476754462,1100750.3119969822,0.9733890891075134
2022-12-30,428.11114501953125,Hold,0,2538,172.3676115683238,1081910.4872403252,1106920.3251372464,0.9195584654808044
2023-01-03,432.4066162109375,Hold,0,2538,172.3676115683238,1092764.1521905784,1118026.3014476513,0.65851891040802
2023-01-04,429.0657043457031,Hold,0,2538,172.3676115683238,1084322.438488453,1109388.3461740422,0.5389522314071655
2023-01-05,437.6565856933594,Hold,0,2538,172.3676115683238,1106029.6141671974,1131600.1409879506,0.6208801865577698
2023-01-06,437.6565856933594,Hold,0,2538,172.3676115683238,1106029.6141671974,1131600.1409879506,0.9060643315315247
2023-01-09,459.1337585449219,Hold,0,2538,172.3676115683238,1160297.4762531775,1187129.5491192709,0.989621639251709
2023-01-10,463.9064025878906,Hold,0,2538,172.3676115683238,1172356.846939411,1199469.259785996,0.998308539390564
2023-01-11,462.474609375,Hold,0,2538,172.3676115683238,1168739.035733541,1195767.3465859785,0.9993725419044495
2023-01-12,464.3836364746094,Hold,0,2538,172.3676115683238,1173562.7068971535,1200703.1519492178,0.9994090795516968
2023-01-13,477.2699890136719,Hold,0,2538,172.3676115683238,1206123.5475261512,1234020.9230735311,0.999235987663269
2023-01-16,482.0426940917969,Hold,0,2538,172.3676115683238,1218183.072434147,1246360.7915471578,0.9993100166320801
2023-01-17,480.13360595703125,Hold,0,2538,172.3676115683238,1213359.2470487724,1241424.828377017,0.9993463158607483
2023-01-30,518.315185546875,Hold,0,2538,172.3676115683238,1309835.2920909752,1340143.618359129,0.9994269609451294
2023-01-31,498.26983642578125,Hold,0,2538,172.3676115683238,1259185.318321746,1288316.202331277,0.9991402626037598
2023-02-01,505.9062194824219,Hold,0,2538,172.3676115683238,1278480.6969741248,1308060.1339152914,0.9984906911849976
2023-02-02,515.4515380859375,Hold,0,2538,172.3676115683238,1302599.515457473,1332739.6341521924,0.9966769218444824
2023-02-03,517.3606567382812,Hold,0,2538,172.3676115683238,1307423.4179537285,1337675.676225784,0.993121325969696
2023-02-06,502.08795166015625,Hold,0,2538,172.3676115683238,1268832.8148707328,1298187.9708646573,0.9892832040786743
2023-02-07,499.22442626953125,Hold,0,2538,172.3676115683238,1261597.3466807548,1290784.3022715237,0.9786504507064819
2023-02-08,515.4515380859375,Hold,0,2538,172.3676115683238,1302599.515457473,1332739.6341521924,0.9744017124176025
2023-02-09,515.4515380859375,Hold,0,2538,172.3676115683238,1302599.515457473,1332739.6341521924,0.9668118953704834
2023-02-10,520.2242431640625,Hold,0,2538,172.3676115683238,1314659.0403654685,1345079.502625819,0.9655396938323975
2023-02-13,516.4061889648438,Hold,0,2538,172.3676115683238,1305011.698038244,1335207.8918993406,0.9656339287757874
2023-02-14,520.2242431640625,Hold,0,2538,172.3676115683238,1314659.0403654685,1345079.502625819,0.9772412776947021
2023-02-15,501.1334533691406,Hold,0,2538,172.3676115683238,1266421.017844367,1295720.107634763,0.9811958074569702
2023-02-16,503.9970703125,Hold,0,2538,172.3676115683238,1273656.7173669883,1303124.012938249,0.9825068116188049
2023-02-17,494.45172119140625,Hold,0,2538,172.3676115683238,1249537.8217727593,1278444.433797897,0.9882259368896484
2023-02-20,493.4971923828125,Hold,0,2538,172.3676115683238,1247125.9476355126,1275976.4916645521,0.988227903842926
2023-02-21,492.5425720214844,Hold,0,2538,172.3676115683238,1244713.8421656226,1273508.3128208546,0.984488844871521
2023-02-22,483.9517822265625,Hold,0,2538,172.3676115683238,1223006.8978195214,1251296.7547172986,0.9803687930107117
2023-02-23,494.45172119140625,Hold,0,2538,172.3676115683238,1249537.8217727593,1278444.433797897,0.9760394096374512
2023-02-24,487.76995849609375,Hold,0,2538,172.3676115683238,1232654.54859027,1261168.6810575803,0.9560624957084656
2023-03-01,498.26983642578125,Hold,0,2538,172.3676115683238,1259185.318321746,1288316.202331277,0.8911120295524597
2023-03-02,495.40625,Hold,0,2538,172.3676115683238,1251949.6959100058,1280912.375931242,0.6756123304367065
2023-03-03,492.5425720214844,Hold,0,2538,172.3676115683238,1244713.8421656226,1273508.3128208546,0.6524344682693481
2023-03-06,497.31524658203125,Hold,0,2538,172.3676115683238,1256773.2899627371,1285848.1023910306,0.7940025329589844
2023-03-07,500.1789245605469,Hold,0,2538,172.3676115683238,1264009.1437071206,1293252.165501418,0.939706563949585
2023-03-08,497.31524658203125,Hold,0,2538,172.3676115683238,1256773.2899627371,1285848.1023910306,0.9758337140083313
2023-03-09,498.26983642578125,Hold,0,2538,172.3676115683238,1259185.318321746,1288316.202331277,0.9922991394996643
2023-03-10,489.67901611328125,Hold,0,2538,172.3676115683238,1237478.2968647636,1266104.5653242704,0.9890122413635254
2023-03-13,492.5425720214844,Hold,0,2538,172.3676115683238,1244713.8421656226,1273508.3128208546,0.9777355194091797
2023-03-14,486.81536865234375,Hold,0,2538,172.3676115683238,1230242.5202312614,1258700.5811173336,0.9355440139770508
2023-03-15,487.76995849609375,Hold,0,2538,172.3676115683238,1232654.54859027,1261168.6810575803,0.9227738976478577
2023-03-16,484.65069580078125,Hold,0,2538,172.3676115683238,1224772.891217156,1253103.801546951,0.8681281805038452
2023-03-17,497.1268310546875,Hold,0,2538,172.3676115683238,1256297.207383181,1285360.9524859448,0.7671608924865723
2023-03-20,491.3686218261719,Hold,0,2538,172.3676115683238,1241747.5407936806,1270473.0548764362,0.7469667792320251
2023-03-21,496.1671447753906,Hold,0,2538,172.3676115683238,1253872.301507038,1282879.6756694189,0.6393546462059021
2023-03-22,511.52239990234375,Hold,0,2538,172.3676115683238,1292671.4895232536,1322580.8148648923,0.702618420124054
2023-03-23,516.321044921875,Hold,0,2538,172.3676115683238,1304796.5586801353,1334987.751271678,0.6283362507820129
2023-03-24,517.2806396484375,Hold,0,2538,172.3676115683238,1307221.233223635,1337468.7913778515,0.5313945412635803
2023-03-27,509.6029357910156,Hold,0,2538,172.3676115683238,1287821.4464383246,1317618.024521488,0.5786922574043274
2023-03-28,503.84478759765625,Hold,0,2538,172.3676115683238,1273271.9340705865,1302730.284718881,0.5468243956565857
2023-03-29,508.6434020996094,Hold,0,2538,172.3676115683238,1285396.9261165871,1315137.1422222157,0.5550908446311951
2023-03-30,513.44189453125,Hold,0,2538,172.3676115683238,1297521.6097190636,1327543.6841117474,0.600766658782959
2023-03-31,511.52239990234375,Hold,0,2538,172.3676115683238,1292671.4895232536,1322580.8148648923,0.9774277806282043
2023-04-06,508.6434020996094,Hold,0,2538,172.3676115683238,1285396.9261165871,1315137.1422222157,0.8390693664550781
2023-04-07,509.6029357910156,Hold,0,2538,172.3676115683238,1287821.4464383246,1317618.024521488,0.6317026019096375
2023-04-10,507.68359375,Hold,0,2538,172.3676115683238,1282971.71179692,1312655.5497918867,0.6827936768531799
2023-04-11,502.8850402832031,Hold,0,2538,172.3676115683238,1270846.8739726814,1300248.8500954534,0.7870014905929565
2023-04-12,499.0462341308594,Hold,0,2538,172.3676115683238,1261147.0962463478,1290323.5850224476,0.862488865852356
2023-04-13,489.4492492675781,Hold,0,2538,172.3676115683238,1236897.7290413948,1265510.5012433843,0.9075154066085815
2023-04-14,495.20745849609375,Hold,0,2538,172.3676115683238,1251447.3956308952,1280398.3988528927,0.9257835149765015
2023-04-17,499.0462341308594,Hold,0,2538,172.3676115683238,1261147.0962463478,1290323.5850224476,0.9254403710365295
2023-04-18,494.2477111816406,Hold,0,2538,172.3676115683238,1249022.3355329903,1277916.9642294652,0.9285853505134583
2023-04-19,489.4492492675781,Hold,0,2538,172.3676115683238,1236897.7290413948,1265510.5012433843,0.9225465655326843
2023-04-20,492.328369140625,Hold,0,2538,172.3676115683238,1244172.6008915855,1272954.489499864,0.9275124669075012
2023-04-21,490.408935546875,Hold,0,2538,172.3676115683238,1239322.6349175377,1267991.7780599103,0.9253777861595154
2023-04-24,486.57012939453125,Hold,0,2538,172.3676115683238,1229622.857191204,1258066.5129869047,0.9117053151130676
2023-04-25,477.93280029296875,Hold,0,2538,172.3676115683238,1207798.3187515128,1235734.6271209165,0.8956865668296814
2023-04-26,471.6947326660156,Hold,0,2538,172.3676115683238,1192036.1606685005,1219606.0516514196,0.9251778721809387
2023-04-27,473.6141052246094,Hold,0,2538,172.3676115683238,1196885.9724207863,1224568.6052844715,0.931685745716095
2023-04-28,481.7716064453125,Hold,0,2538,172.3676115683238,1217498.0964778464,1245659.892193922,0.951596200466156
2023-05-02,480.8118591308594,Hold,0,2538,172.3676115683238,1215073.0363799415,1243178.4575704946,0.978087306022644
2023-05-03,476.01336669921875,Hold,0,2538,172.3676115683238,1202948.352777465,1230771.9156809628,0.9887891411781311
2023-05-04,477.93280029296875,Hold,0,2538,172.3676115683238,1207798.3187515128,1235734.6271209165,0.9913051128387451
2023-05-05,479.8521423339844,Hold,0,2538,172.3676115683238,1212648.0533929176,1240697.1018505178,0.991378664970398
2023-05-08,483.6910095214844,Hold,0,2538,172.3676115683238,1222347.9853410132,1250622.524730425,0.9919984936714172
2023-05-09,489.4492492675781,Hold,0,2538,172.3676115683238,1236897.7290413948,1265510.5012433843,0.9917169213294983
2023-05-10,482.73126220703125,Hold,0,2538,172.3676115683238,1219922.9252431083,1248141.0901069974,0.9916184544563293
2023-05-11,478.8924865722656,Hold,0,2538,172.3676115683238,1210223.2246276557,1238215.9039374425,0.9893718361854553
2023-05-12,476.01336669921875,Hold,0,2538,172.3676115683238,1202948.352777465,1230771.9156809628,0.957834780216217
2023-05-15,475.53350830078125,Hold,0,2538,172.3676115683238,1201735.861283953,1229531.2378209746,0.7151990532875061
2023-05-16,484.65069580078125,Hold,0,2538,172.3676115683238,1224772.891217156,1253103.801546951,0.6090420484542847
2023-05-17,498.08660888671875,Hold,0,2538,172.3676115683238,1258722.344591967,1287842.4660128232,0.49766236543655396
2023-05-18,508.6434020996094,Hold,0,2538,172.3676115683238,1285396.9261165871,1315137.1422222157,0.5705845355987549
2023-05-19,510.562744140625,Hold,0,2538,172.3676115683238,1290246.6607579917,1320099.616951817,0.5948395133018494
2023-05-22,509.6029357910156,Hold,0,2538,172.3676115683238,1287821.4464383246,1317618.024521488,0.5621634721755981
2023-05-23,508.6434020996094,Hold,0,2538,172.3676115683238,1285396.9261165871,1315137.1422222157,0.6792330145835876
2023-05-24,503.84478759765625,Hold,0,2538,172.3676115683238,1273271.9340705865,1302730.284718881,0.7794862985610962
2023-05-25,521.1194458007812,Hold,0,2538,172.3676115683238,1316921.0109499686,1347394.0564508573,0.845457136631012
2023-05-26,543.1926879882812,Hold,0,2538,172.3676115683238,1372695.0027644706,1404464.6067827176,0.8687928915023804
2023-05-29,545.1121215820312,Hold,0,2538,172.3676115683238,1377544.9687385184,1409427.3182226713,0.9029985070228577
2023-05-30,543.1926879882812,Hold,0,2538,172.3676115683238,1372695.0027644706,1404464.6067827176,0.906217098236084
2023-05-31,535.5150146484375,Hold,0,2538,172.3676115683238,1353295.2930900413,1384613.9188298048,0.895309329032898
2023-06-01,528.7971801757812,Hold,0,2538,172.3676115683238,1336320.8748461602,1367244.9022106717,0.9031500816345215
2023-06-02,539.3538818359375,Hold,0,2538,172.3676115683238,1362995.225038137,1394539.341709712,0.918759822845459
2023-06-05,532.6358032226562,Hold,0,2538,172.3676115683238,1346020.1899072074,1377169.6938629728,0.931071400642395
2023-06-06,537.4343872070312,Hold,0,2538,172.3676115683238,1358145.104842327,1389576.4724628567,0.9444958567619324
2023-06-07,545.1121215820312,Hold,0,2538,172.3676115683238,1377544.9687385184,1409427.3182226713,0.9511008858680725
2023-06-08,536.4746704101562,Hold,0,2538,172.3676115683238,1355720.1218553032,1387095.11674288,0.9564042091369629
2023-06-09,542.23291015625,Hold,0,2538,172.3676115683238,1370269.8655556845,1401983.0932558393,0.9486129283905029
2023-06-12,550.870361328125,Hold,0,2538,172.3676115683238,1392094.7124389,1424315.2947356305,0.9167959690093994
2023-06-13,569.1046752929688,Hold,0,2538,172.3676115683238,1438168.618083544,1471460.264380682,0.8718806505203247
2023-06-14,566.2256469726562,Hold,0,2538,172.3676115683238,1430893.9775659966,1464016.5128345548,0.8321376442909241
2023-06-15,569.841064453125,Hold,0,2538,172.3676115683238,1440029.3036430993,1473364.2046478863,0.9925204515457153
2023-06-16,567.9127807617188,Hold,0,2538,172.3676115683238,1435156.975513549,1468378.611207208,0.9995033740997314
2023-06-19,562.1275634765625,Hold,0,2538,172.3676115683238,1420539.065794326,1453420.8840437634,0.9998213648796082
2023-06-20,562.1275634765625,Hold,0,2538,172.3676115683238,1420539.065794326,1453420.8840437634,0.9999116659164429
2023-06-21,560.1990966796875,Hold,0,2538,172.3676115683238,1415666.2749994895,1448434.8171823805,0.999727189540863
2023-06-26,553.4498291015625,Hold,0,2538,172.3676115683238,1398612.4325481346,1430984.530008949,0.9969447255134583
2023-06-27,551.5215454101562,Hold,0,2538,172.3676115683238,1393740.1044185844,1425998.9365682707,0.9845744967460632
2023-06-28,553.4498291015625,Hold,0,2538,172.3676115683238,1398612.4325481346,1430984.530008949,0.8729304671287537
2023-06-29,552.485595703125,Hold,0,2538,172.3676115683238,1396176.0371507164,1428491.4965782575,0.7626137733459473
2023-06-30,555.378173828125,Hold,0,2538,172.3676115683238,1403484.9148994468,1435970.281256529,0.6009041666984558
2023-07-03,558.270751953125,Hold,0,2538,172.3676115683238,1410793.7926481774,1443449.0659348005,0.7496027946472168
2023-07-04,564.0559692382812,Hold,0,2538,172.3676115683238,1425411.7023674003,1458406.793098245,0.8013507127761841
2023-07-05,561.1633911132812,Hold,0,2538,172.3676115683238,1418102.82461867,1450928.0084199735,0.8532308340072632
2023-07-06,544.77197265625,Hold,0,2538,172.3676115683238,1376685.490858419,1408547.8603603314,0.8578822016716003
2023-07-07,544.77197265625,Hold,0,2538,172.3676115683238,1376685.490858419,1408547.8603603314,0.5835103392601013
2023-07-10,544.77197265625,Sell,1269,1269,688428.9292349936,1376685.4908584189,1408547.8603603314,0.761731743812561
2023-07-11,556.3424072265625,Sell,1269,0,1391303.400577642,1391303.400577642,1438463.3146872204,0.9284667372703552
2023-07-12,557.3065795898438,Hold,0,0,1391303.400577642,1391303.400577642,1440956.1903110105,0.962325394153595
2023-07-13,564.0559692382812,Hold,0,0,1391303.400577642,1391303.400577642,1458406.793098245,0.9467673897743225
2023-07-14,569.841064453125,Hold,0,0,1391303.400577642,1391303.400577642,1473364.2046478863,0.8831082582473755
2023-07-17,569.841064453125,Hold,0,0,1391303.400577642,1391303.400577642,1473364.2046478863,0.8459646105766296
2023-07-18,560.1990966796875,Hold,0,0,1391303.400577642,1391303.400577642,1448434.8171823805,0.8953419327735901
2023-07-19,560.1990966796875,Hold,0,0,1391303.400577642,1391303.400577642,1448434.8171823805,0.9286736845970154
2023-07-20,558.270751953125,Hold,0,0,1391303.400577642,1391303.400577642,1443449.0659348005,0.9442782402038574
2023-07-21,539.9509887695312,Hold,0,0,1391303.400577642,1391303.400577642,1396083.1666275784,0.9562986493110657
2023-07-24,538.0225830078125,Hold,0,0,1391303.400577642,1391303.400577642,1391097.257573097,0.9483019709587097
2023-07-25,548.6287841796875,Hold,0,0,1391303.400577642,1391303.400577642,1418519.6784692944,0.9568911194801331
2023-07-26,545.7362060546875,Hold,0,0,1391303.400577642,1391303.400577642,1411040.893791023,0.9316996335983276
2023-07-27,548.6287841796875,Hold,0,0,1391303.400577642,1391303.400577642,1418519.6784692944,0.659546434879303
2023-07-28,546.7003173828125,Hold,0,0,1391303.400577642,1391303.400577642,1413533.6116079113,0.878345787525177
2023-07-31,544.77197265625,Hold,0,0,1391303.400577642,1391303.400577642,1408547.8603603314,0.8929624557495117
2023-08-01,546.7003173828125,Hold,0,0,1391303.400577642,1391303.400577642,1413533.6116079113,0.8810555934906006
2023-08-02,540.915283203125,Hold,0,0,1391303.400577642,1391303.400577642,1398576.3578651715,0.8841949105262756
2023-08-04,534.165771484375,Hold,0,0,1391303.400577642,1391303.400577642,1381125.439464134,0.905406653881073
2023-08-07,538.0225830078125,Hold,0,0,1391303.400577642,1391303.400577642,1391097.257573097,0.9106713533401489
2023-08-08,532.2374267578125,Hold,0,0,1391303.400577642,1391303.400577642,1376139.688216554,0.9421382546424866
2023-08-09,534.165771484375,Hold,0,0,1391303.400577642,1391303.400577642,1381125.439464134,0.9584473371505737
2023-08-10,531.2732543945312,Hold,0,0,1391303.400577642,1391303.400577642,1373646.812592764,0.9620169401168823
2023-08-11,526.4522705078125,Hold,0,0,1391303.400577642,1391303.400577642,1361182.118860011,0.9630852341651917
2023-08-14,521.6312866210938,Hold,0,0,1391303.400577642,1391303.400577642,1348717.425127258,0.9630100131034851
2023-08-15,522.595458984375,Hold,0,0,1391303.400577642,1391303.400577642,1351210.300751048,0.9598352909088135
2023-08-16,522.595458984375,Hold,0,0,1391303.400577642,1391303.400577642,1351210.300751048,0.9668635725975037
2023-08-17,524.5238037109375,Hold,0,0,1391303.400577642,1391303.400577642,1356196.051998628,0.9633328318595886
2023-08-18,519.7028198242188,Hold,0,0,1391303.400577642,1391303.400577642,1343731.358265875,0.9611918926239014
2023-08-21,517.7744750976562,Hold,0,0,1391303.400577642,1391303.400577642,1338745.607018295,0.9618893265724182
2023-08-22,521.6312866210938,Hold,0,0,1391303.400577642,1391303.400577642,1348717.425127258,0.9706158638000488
2023-08-23,532.2374267578125,Hold,0,0,1391303.400577642,1391303.400577642,1376139.688216554,0.9764352440834045
2023-08-24,543.807861328125,Hold,0,0,1391303.400577642,1391303.400577642,1406055.142543443,0.9747353196144104
2023-08-25,526.4522705078125,Hold,0,0,1391303.400577642,1391303.400577642,1361182.118860011,0.9447699785232544
2023-08-28,529.3447265625,Hold,0,0,1391303.400577642,1391303.400577642,1368660.5879244795,0.5105984210968018
2023-08-29,532.2374267578125,Hold,0,0,1391303.400577642,1391303.400577642,1376139.688216554,0.832817554473877
2023-08-30,535.1299438476562,Hold,0,0,1391303.400577642,1391303.400577642,1383618.315087924,0.8500148057937622
2023-08-31,529.3447265625,Hold,0,0,1391303.400577642,1391303.400577642,1368660.5879244795,0.8388509750366211
2023-09-01,528.380615234375,Hold,0,0,1391303.400577642,1391303.400577642,1366167.870107591,0.5439281463623047
2023-09-04,537.058349609375,Hold,0,0,1391303.400577642,1391303.400577642,1388604.2241424054,0.8284156322479248
2023-09-05,532.2374267578125,Hold,0,0,1391303.400577642,1391303.400577642,1376139.688216554,0.9554081559181213
2023-09-06,530.3089599609375,Hold,0,0,1391303.400577642,1391303.400577642,1371153.6213551708,0.9786795377731323
2023-09-07,522.595458984375,Hold,0,0,1391303.400577642,1391303.400577642,1351210.300751048,0.9833933711051941
2023-09-08,519.7028198242188,Hold,0,0,1391303.400577642,1391303.400577642,1343731.358265875,0.9843385815620422
2023-09-11,516.8102416992188,Hold,0,0,1391303.400577642,1391303.400577642,1336252.5735876034,0.9830183982849121
2023-09-12,524.5238037109375,Hold,0,0,1391303.400577642,1391303.400577642,1356196.051998628,0.979450523853302
2023-09-13,521.6312866210938,Hold,0,0,1391303.400577642,1391303.400577642,1348717.425127258,0.9777899980545044
2023-09-14,533.2660522460938,Hold,0,0,1391303.400577642,1391303.400577642,1378799.2079283812,0.9763753414154053
2023-09-15,541.022705078125,Hold,0,0,1391303.400577642,1391303.400577642,1398854.0980119,0.9765199422836304
2023-09-18,523.5703735351562,Hold,0,0,1391303.400577642,1391303.400577642,1353730.9503895107,0.9749905467033386
2023-09-19,521.6312866210938,Hold,0,0,1391303.400577642,1391303.400577642,1348717.425127258,0.9722310900688171
2023-09-20,518.7225341796875,Hold,0,0,1391303.400577642,1391303.400577642,1341196.8216200757,0.9629209041595459
2023-09-21,510.9659118652344,Hold,0,0,1391303.400577642,1391303.400577642,1321142.0104400076,0.9398965835571289
2023-09-22,506.1180419921875,Hold,0,0,1391303.400577642,1391303.400577642,1308607.8027671217,0.905503511428833
2023-09-25,509.0267639160156,Hold,0,0,1391303.400577642,1391303.400577642,1316128.3273708532,0.8421351313591003
2023-09-26,503.2093505859375,Hold,0,0,1391303.400577642,1391303.400577642,1301087.3570668409,0.726929247379303
2023-09-27,506.1180419921875,Buy,1372,1372,695919.9355804619,1387241.1959490045,1308607.8027671217,0.6348577737808228
2023-09-28,507.0876159667969,Buy,685,2057,348069.9377440704,1386533.5382125282,1311114.6443016988,0.8465707898139954
2023-10-02,516.7833251953125,Buy,605,2662,34970.494176672364,1404560.3341849549,1336182.9807440198,0.977677047252655
2023-10-03,512.905029296875,Buy,61,2723,3638.7031198913573,1394098.964148401,1326155.614605711,0.953850507736206
2023-10-04,504.1788635253906,Buy,6,2729,609.3192094558713,1370425.0620456154,1303594.0407945164,0.9799501895904541
2023-10-05,511.9354553222656,Buy,1,2730,96.6542461097714,1391496.1389917382,1323648.773071134,0.9906008243560791
2023-10-06,515.8137817382812,Hold,0,2730,96.6542461097714,1402037.1189547738,1333676.2181128934,0.9944924116134644
2023-10-11,527.4486694335938,Hold,0,2730,96.6542461097714,1433659.8100108956,1363758.3165278195,0.995502769947052
2023-10-12,533.2660522460938,Hold,0,2730,96.6542461097714,1449470.9896502998,1378799.2079283812,0.9954286813735962
2023-10-13,536.1748046875,Hold,0,2730,96.6542461097714,1457376.7453586585,1386319.8114355635,0.9959457516670227
2023-10-16,528.418212890625,Hold,0,2730,96.6542461097714,1436294.951321244,1366265.079158946,0.9968665242195129
2023-10-17,534.2357177734375,Hold,0,2730,96.6542461097714,1452106.4627379617,1381306.2861733106,0.9969006776809692
2023-10-18,523.5703735351562,Hold,0,2730,96.6542461097714,1423118.9129921882,1353730.9503895107,0.9946105480194092
2023-10-19,529.3878784179688,Hold,0,2730,96.6542461097714,1438930.4244089057,1368772.1574038754,0.9918770790100098
2023-10-20,539.0836181640625,Hold,0,2730,96.6542461097714,1465282.666955674,1393840.5727496473,0.9919469952583313
2023-10-23,527.4486694335938,Hold,0,2730,96.6542461097714,1433659.8100108956,1363758.3165278195,0.99177086353302
2023-10-24,527.4486694335938,Hold,0,2730,96.6542461097714,1433659.8100108956,1363758.3165278195,0.9928669929504395
2023-10-25,527.4486694335938,Hold,0,2730,96.6542461097714,1433659.8100108956,1363758.3165278195,0.992612361907959
2023-10-26,514.8441772460938,Hold,0,2730,96.6542461097714,1399401.8117557685,1331169.2976748655,0.9936701059341431
2023-10-27,516.7833251953125,Hold,0,2730,96.6542461097714,1404672.2602651222,1336182.9807440198,0.99405837059021
2023-10-30,515.8137817382812,Hold,0,2730,96.6542461097714,1402037.1189547738,1333676.2181128934,0.9954178333282471
2023-10-31,512.905029296875,Hold,0,2730,96.6542461097714,1394131.363246415,1326155.614605711,0.9949280023574829
2023-11-01,511.9354553222656,Hold,0,2730,96.6542461097714,1391496.1389917382,1323648.773071134,0.9900355935096741
2023-11-02,530.357421875,Hold,0,2730,96.6542461097714,1441565.5657192543,1371278.9200350018,0.9853367209434509
2023-11-03,532.2964477539062,Hold,0,2730,96.6542461097714,1446835.6824512947,1376292.2874903532,0.9794086813926697
2023-11-06,533.2660522460938,Hold,0,2730,96.6542461097714,1449470.9896502998,1378799.2079283812,0.9610801935195923
2023-11-07,538.1139526367188,Hold,0,2730,96.6542461097714,1462647.1938680122,1391333.4945047176,0.9366548657417297
2023-11-08,539.0836181640625,Hold,0,2730,96.6542461097714,1465282.666955674,1393840.5727496473,0.8674802780151367
2023-11-09,540.0531005859375,Hold,0,2730,96.6542461097714,1467917.6423773658,1396347.177573872,0.9697347283363342
2023-11-10,540.0531005859375,Hold,0,2730,96.6542461097714,1467917.6423773658,1396347.177573872,0.9762248992919922
2023-11-13,553.627197265625,Hold,0,2730,96.6542461097714,1504810.947831498,1431443.1168648542,0.9805768132209778
2023-11-14,554.596923828125,Hold,0,2730,96.6542461097714,1507446.5868078163,1433950.3529166852,0.9821676015853882
2023-11-15,563.3228759765625,Hold,0,2730,96.6542461097714,1531163.0244896095,1456511.3744037244,0.9889939427375793
2023-11-16,565.2620849609375,Hold,0,2730,96.6542461097714,1536433.6388876198,1461525.2152797803,0.9884604215621948
2023-11-17,562.353271484375,Hold,0,2730,96.6542461097714,1528527.7172906045,1454004.4539656965,0.9833031296730042
2023-11-20,559.4447021484375,Hold,0,2730,96.6542461097714,1520622.4592482154,1446484.323879219,0.9898977279663086
2023-11-21,567.2012329101562,Hold,0,2730,96.6542461097714,1541704.0873969735,1466538.8983489347,0.9915812611579895
2023-11-22,559.4447021484375,Hold,0,2730,96.6542461097714,1520622.4592482154,1446484.323879219,0.9874181747436523
2023-11-23,560.4142456054688,Hold,0,2730,96.6542461097714,1523257.600558564,1448991.086510345,0.9861985445022583
2023-11-24,557.50537109375,Hold,0,2730,96.6542461097714,1515351.513072892,1441470.1673893598,0.9829676747322083
2023-11-27,550.718505859375,Hold,0,2730,96.6542461097714,1496905.3580117957,1423922.6711645734,0.9838886260986328
2023-11-28,557.50537109375,Hold,0,2730,96.6542461097714,1515351.513072892,1441470.1673893598,0.9811851382255554
2023-11-29,556.5359497070312,Hold,0,2730,96.6542461097714,1512716.7035398567,1438963.7203720366,0.9779797792434692
2023-11-30,559.4447021484375,Hold,0,2730,96.6542461097714,1520622.4592482154,1446484.323879219,0.9690437912940979
2023-12-01,561.3837890625,Hold,0,2730,96.6542461097714,1525892.7418689125,1451497.8491414716,0.845288872718811
2023-12-04,556.5359497070312,Hold,0,2730,96.6542461097714,1512716.7035398567,1438963.7203720366,0.8779029250144958
2023-12-05,552.6575927734375,Hold,0,2730,96.6542461097714,1502175.6406324927,1428936.1964268263,0.5584234595298767
2023-12-06,552.6575927734375,Sell,1365,1365,751136.1474393012,1502175.6406324927,1428936.1964268263,0.4752020537853241
2023-12-07,548.7793579101562,Sell,1365,0,1496905.2750674675,1496905.2750674675,1418908.988095419,0.9214987754821777
2023-12-08,552.6575927734375,Hold,0,0,1496905.2750674675,1496905.2750674675,1428936.1964268263,0.9894485473632812
2023-12-11,556.5359497070312,Hold,0,0,1496905.2750674675,1496905.2750674675,1438963.7203720366,0.9976988434791565
2023-12-12,560.4142456054688,Hold,0,0,1496905.2750674675,1496905.2750674675,1448991.086510345,0.9974525570869446
2023-12-13,559.4447021484375,Hold,0,0,1496905.2750674675,1496905.2750674675,1446484.323879219,0.9953331351280212
2023-12-14,567.24169921875,Hold,0,0,1496905.2750674675,1496905.2750674675,1466643.5243246625,0.991599440574646
2023-12-15,570.1657104492188,Hold,0,0,1496905.2750674675,1496905.2750674675,1474203.5795572323,0.9913472533226013
2023-12-18,570.1657104492188,Hold,0,0,1496905.2750674675,1496905.2750674675,1474203.5795572323,0.987467348575592
2023-12-19,570.1657104492188,Hold,0,0,1496905.2750674675,1496905.2750674675,1474203.5795572323,0.9847528338432312
2023-12-20,570.1657104492188,Hold,0,0,1496905.2750674675,1496905.2750674675,1474203.5795572323,0.9488787055015564
2023-12-21,562.3685302734375,Hold,0,0,1496905.2750674675,1496905.2750674675,1454043.905691084,0.8194006681442261
2023-12-22,567.24169921875,Hold,0,0,1496905.2750674675,1496905.2750674675,1466643.5243246625,0.8035151362419128
2023-12-25,566.2671508789062,Hold,0,0,1496905.2750674675,1496905.2750674675,1464123.821527609,0.917493462562561
2023-12-26,571.1403198242188,Hold,0,0,1496905.2750674675,1496905.2750674675,1476723.4401611874,0.9775019288063049
2023-12-27,576.9882202148438,Hold,0,0,1496905.2750674675,1496905.2750674675,1491843.235012524,0.9844456315040588
2023-12-28,577.9628295898438,Hold,0,0,1496905.2750674675,1496905.2750674675,1494363.0956164792,0.9873769879341125
2023-12-29,577.9628295898438,Hold,0,0,1496905.2750674675,1496905.2750674675,1494363.0956164792,0.986221432685852
2024-01-02,577.9628295898438,Hold,0,0,1496905.2750674675,1496905.2750674675,1494363.0956164792,0.9878700375556946
2024-01-03,563.34326171875,Hold,0,0,1496905.2750674675,1496905.2750674675,1456564.081908842,0.98698490858078
2024-01-04,565.29248046875,Hold,0,0,1496905.2750674675,1496905.2750674675,1461603.8031167523,0.9861035943031311
2024-01-05,561.3939208984375,Hold,0,0,1496905.2750674675,1496905.2750674675,1451524.0450871289,0.9847687482833862
2024-01-08,568.2164916992188,Hold,0,0,1496905.2750674675,1496905.2750674675,1469163.8583493223,0.9854555726051331
2024-01-09,571.1403198242188,Hold,0,0,1496905.2750674675,1496905.2750674675,1476723.4401611874,0.984327495098114
2024-01-10,569.1911010742188,Hold,0,0,1496905.2750674675,1496905.2750674675,1471683.7189532772,0.9722456932067871
2024-01-11,571.1403198242188,Hold,0,0,1496905.2750674675,1496905.2750674675,1476723.4401611874,0.8862265944480896
2024-01-12,569.1911010742188,Hold,0,0,1496905.2750674675,1496905.2750674675,1471683.7189532772,0.7105057835578918
2024-01-15,571.1403198242188,Hold,0,0,1496905.2750674675,1496905.2750674675,1476723.4401611874,0.6738545298576355
2024-01-16,565.29248046875,Hold,0,0,1496905.2750674675,1496905.2750674675,1461603.8031167523,0.625096321105957
2024-01-17,566.2671508789062,Hold,0,0,1496905.2750674675,1496905.2750674675,1464123.821527609,0.6415820121765137
2024-01-18,573.0896606445312,Hold,0,0,1496905.2750674675,1496905.2750674675,1481763.4769829006,0.5756251811981201
2024-01-19,610.1259765625,Hold,0,0,1496905.2750674675,1496905.2750674675,1577521.1782643232,0.5335726141929626
2024-01-22,610.1259765625,Hold,0,0,1496905.2750674675,1496905.2750674675,1577521.1782643232,0.5121569037437439
2024-01-23,612.0753173828125,Buy,1221,1221,748496.3473964562,1492533.3128866996,1582561.2150860364,0.49621206521987915
2024-01-24,611.1007690429688,Hold,0,1221,748496.3473964562,1491348.6547753396,1580041.512288983,0.5078369975090027
2024-01-25,625.7202758789062,Hold,0,1221,748496.3473964562,1509120.0845230478,1617840.3681897183,0.6374550461769104
2024-01-26,627.6695556640625,Hold,0,1221,748496.3473964562,1511489.6233282401,1622880.24720453,0.8076205253601074
2024-01-29,631.568115234375,Hold,0,1221,748496.3473964562,1516228.7009386253,1632960.0052341535,0.854417622089386
2024-01-30,625.7202758789062,Hold,0,1221,748496.3473964562,1509120.0845230478,1617840.3681897183,0.8384187817573547
2024-01-31,612.0753173828125,Hold,0,1221,748496.3473964562,1492533.3128866996,1582561.2150860364,0.8728440999984741
2024-02-01,612.0753173828125,Hold,0,1221,748496.3473964562,1492533.3128866996,1582561.2150860364,0.9450125694274902
2024-02-02,618.8977661132812,Hold,0,1221,748496.3473964562,1500826.661607795,1600200.7127344266,0.9519332647323608
2024-02-05,629.6189575195312,Hold,0,1221,748496.3473964562,1513859.3105217475,1627920.4418331448,0.9169911742210388
2024-02-15,679.3256225585938,Hold,0,1221,748496.3473964562,1574282.5871512368,1756437.4356142941,0.8192793726921082
2024-02-16,665.6806640625,Sell,610,611,1152764.7139421105,1557695.8155148888,1721158.2825106122,0.6942148208618164
2024-02-19,660.8074951171875,Sell,611,0,1554731.4847543512,1554731.4847543512,1708558.6638770336,0.9419492483139038
2024-02-20,669.5792236328125,Hold,0,0,1554731.4847543512,1554731.4847543512,1731238.0405402356,0.9354850649833679
2024-02-21,663.7313232421875,Hold,0,0,1554731.4847543512,1554731.4847543512,1716118.245688899,0.9672386050224304
2024-02-22,674.452392578125,Hold,0,0,1554731.4847543512,1554731.4847543512,1743837.659173814,0.9955529570579529
2024-02-23,679.3256225585938,Hold,0,0,1554731.4847543512,1554731.4847543512,1756437.4356142941,0.9990143775939941
2024-02-26,680.3003540039062,Hold,0,0,1554731.4847543512,1554731.4847543512,1758957.6118320522,0.9994766116142273
2024-02-27,680.3003540039062,Hold,0,0,1554731.4847543512,1554731.4847543512,1758957.6118320522,0.9997014403343201
2024-02-29,672.503173828125,Hold,0,0,1554731.4847543512,1554731.4847543512,1738797.937965904,0.9998377561569214
2024-03-01,671.528564453125,Hold,0,0,1554731.4847543512,1554731.4847543512,1736278.0773619488,0.9998965263366699
2024-03-04,706.6156005859375,Hold,0,0,1554731.4847543512,1554731.4847543512,1826995.8996285596,0.9999271631240845
2024-03-05,711.4888305664062,Hold,0,0,1554731.4847543512,1554731.4847543512,1839595.6760690396,0.9998956918716431
2024-03-06,716.362060546875,Hold,0,0,1554731.4847543512,1554731.4847543512,1852195.4525095196,0.9997101426124573
2024-03-07,740.7281494140625,Hold,0,0,1554731.4847543512,1554731.4847543512,1915194.1769050183,0.9988676309585571
2024-03-08,764.1195068359375,Hold,0,0,1554731.4847543512,1554731.4847543512,1975672.7250827588,0.966768205165863
2024-03-11,746.5759887695312,Hold,0,0,1554731.4847543512,1554731.4847543512,1930313.8139494534,0.7141209840774536
2024-03-12,750.4744873046875,Hold,0,0,1554731.4847543512,1554731.4847543512,1940393.4141721753,0.9772095084190369
2024-03-13,759.2462768554688,Hold,0,0,1554731.4847543512,1554731.4847543512,1963072.9486422788,0.9812265634536743
2024-03-14,764.1195068359375,Hold,0,0,1554731.4847543512,1554731.4847543512,1975672.7250827588,0.9948156476020813
2024-03-15,733.9056396484375,Hold,0,0,1554731.4847543512,1554731.4847543512,1897554.5214497265,0.9955757856369019
2024-03-18,748.103759765625,Hold,0,0,1554731.4847543512,1554731.4847543512,1934263.878502159,0.9968120455741882
2024-03-19,746.145263671875,Hold,0,0,1554731.4847543512,1554731.4847543512,1929200.170645213,0.9960523843765259
2024-03-20,742.228515625,Hold,0,0,1554731.4847543512,1554731.4847543512,1919073.3861589276,0.9946278929710388
2024-03-21,767.6875610351562,Hold,0,0,1554731.4847543512,1554731.4847543512,1984897.9587404875,0.9910799860954285
2024-03-22,768.6666870117188,Hold,0,0,1554731.4847543512,1554731.4847543512,1987429.497055157,0.97459477186203
2024-03-25,763.770751953125,Hold,0,0,1554731.4847543512,1554731.4847543512,1974771.0164473003,0.790324866771698
2024-03-26,765.7291870117188,Hold,0,0,1554731.4847543512,1554731.4847543512,1979834.5664973448,0.5406213998794556
2024-03-27,762.7915649414062,Hold,0,0,1554731.4847543512,1554731.4847543512,1972239.320325729,0.8554534912109375
2024-03-28,752.9996948242188,Hold,0,0,1554731.4847543512,1554731.4847543512,1946922.3591100157,0.8654708862304688
2024-03-29,759.85400390625,Hold,0,0,1554731.4847543512,1554731.4847543512,1964644.2319610151,0.8636268377304077
2024-04-01,753.9788208007812,Hold,0,0,1554731.4847543512,1554731.4847543512,1949453.8974246853,0.8403679728507996
2024-04-02,773.562744140625,Hold,0,0,1554731.4847543512,1554731.4847543512,2000088.293276817,0.5915411710739136
2024-04-03,763.770751953125,Buy,1016,1016,777634.6134752985,1550191.9369130428,1974771.0164473003,0.7636241316795349
2024-04-08,766.7084350585938,Buy,911,1927,78167.90741423739,1549077.3581141136,1982366.4204258176,0.9705944657325745
2024-04-09,801.9592895507812,Buy,87,2014,8298.026320397359,1616297.0143851587,2073507.7964161893,0.975009024143219
2024-04-10,798.0426025390625,Buy,9,2023,1105.4080011682327,1608401.6951193474,2063381.1697368054,0.9887371063232422
2024-04-11,802.9385375976562,Buy,1,2024,301.32527615449976,1618257.6472433787,2076039.6503446621,0.9895259141921997
2024-04-12,800.9801025390625,Hold,0,2024,301.32527615449976,1614311.3148208568,2070976.100294618,0.9953692555427551
2024-04-15,789.229736328125,Hold,0,2024,301.32527615449976,1590633.8122397775,2040595.4312219587,0.9979580640792847
2024-04-16,771.6043090820312,Hold,0,2024,301.32527615449976,1555117.8043451854,1995024.7432267729,0.9979751706123352
2024-04-17,787.271484375,Hold,0,2024,301.32527615449976,1586687.8487827952,2035532.354592619,0.9972454309463501
2024-04-18,787.271484375,Hold,0,2024,301.32527615449976,1586687.8487827952,2035532.354592619,0.9957281947135925
2024-04-19,734.3949584960938,Hold,0,2024,301.32527615449976,1480139.3331449656,1898819.6593794553,0.9919745326042175
2024-04-22,726.5614624023438,Hold,0,2024,301.32527615449976,1464354.4954089304,1878566.0904068844,0.9879750609397888
2024-04-23,738.311767578125,Hold,0,2024,301.32527615449976,1488031.8750014964,1908946.6016726422,0.9841809272766113
2024-04-24,766.7084350585938,Hold,0,2024,301.32527615449976,1545252.4037486764,1982366.4204258176,0.9959497451782227
2024-04-25,750.0621337890625,Hold,0,2024,301.32527615449976,1511709.3775825754,1939327.2707453016,0.9953314661979675
2024-04-26,765.7291870117188,Hold,0,2024,301.32527615449976,1543279.1760431589,1979834.5664973448,0.9955180287361145
2024-04-29,778.458740234375,Hold,0,2024,301.32527615449976,1568929.7833412425,2012746.9316915753,0.991134762763977
2024-04-30,773.562744140625,Hold,0,2024,301.32527615449976,1559064.1367677073,2000088.293276817,0.9774896502494812
2024-05-02,755.937255859375,Hold,0,2024,301.32527615449976,1523548.0058846017,1954517.4474747297,0.9764522910118103
2024-05-03,763.770751953125,Hold,0,2024,301.32527615449976,1539332.843620637,1974771.0164473003,0.9742603898048401
2024-05-06,769.6459350585938,Hold,0,2024,301.32527615449976,1551171.5949111765,1989961.3509836302,0.9695871472358704
2024-05-07,783.354736328125,Hold,0,2024,301.32527615449976,1578795.4299147776,2025405.5701063336,0.9738824963569641
2024-05-08,785.3130493164062,Hold,0,2024,301.32527615449976,1582741.5163602731,2030468.8045425748,0.9724293351173401
2024-05-09,779.4378662109375,Hold,0,2024,301.32527615449976,1570902.7650697336,2015278.4700062452,0.9587218165397644
2024-05-10,785.3130493164062,Hold,0,2024,301.32527615449976,1582741.5163602731,2030468.8045425748,0.9599020481109619
2024-05-13,801.9592895507812,Hold,0,2024,301.32527615449976,1616284.4195378611,2073507.7964161893,0.989319384098053
2024-05-14,807.83447265625,Hold,0,2024,301.32527615449976,1628123.1708284006,2088698.130952519,0.8347228169441223
2024-05-15,821.5431518554688,Hold,0,2024,301.32527615449976,1655746.7598549754,2124142.034461419,0.8459803462028503
2024-05-16,823.5015869140625,Hold,0,2024,301.32527615449976,1659693.0922774973,2129205.5845114635,0.9692376852035522
2024-05-17,817.62646484375,Hold,0,2024,301.32527615449976,1647854.463975471,2114015.4077820354,0.974210262298584
2024-05-20,817.62646484375,Hold,0,2024,301.32527615449976,1647854.463975471,2114015.4077820354,0.9795600175857544
2024-05-21,823.5015869140625,Hold,0,2024,301.32527615449976,1659693.0922774973,2129205.5845114635,0.98391193151474
2024-05-22,846.0230102539062,Hold,0,2024,301.32527615449976,1705074.7467456248,2187434.9109214074,0.9855883717536926
2024-05-23,856.7941284179688,Hold,0,2024,301.32527615449976,1726779.0216211863,2215283.726065594,0.9835737943649292
2024-05-24,848.9605712890625,Hold,0,2024,301.32527615449976,1710994.0608966378,2195029.9992861217,0.9844262599945068
2024-05-27,850.9189453125,Hold,0,2024,301.32527615449976,1714940.2703306468,2200093.3915292644,0.9801396131515503
2024-05-28,847.0022583007812,Hold,0,2024,301.32527615449976,1707047.9744511424,2189966.7648498802,0.9614536166191101
2024-05-29,839.1686401367188,Hold,0,2024,301.32527615449976,1691262.8907380807,2169712.8802635064,0.9454959034919739
2024-05-30,820.5640258789062,Hold,0,2024,301.32527615449976,1653773.778126484,2121610.4961467492,0.9334362745285034
2024-05-31,803.917724609375,Hold,0,2024,301.32527615449976,1620230.751960383,2078571.3464662335,0.9268513321876526
2024-06-03,828.3975219726562,Hold,0,2024,301.32527615449976,1669558.6158625192,2141864.06511932,0.8923811912536621
2024-06-04,821.5431518554688,Hold,0,2024,301.32527615449976,1655746.7598549754,2124142.034461419,0.8399690389633179
2024-06-05,836.2310791015625,Hold,0,2024,301.32527615449976,1685343.5765870677,2162117.7918987926,0.7647191286087036
2024-06-06,875.3988037109375,Sell,1012,1012,882284.7912487253,1764268.257221296,2263386.2679892527,0.5119931697845459
2024-06-07,860.7109375,Sell,506,506,1315877.3507991158,1749469.9103495064,2225410.668358781,0.6615296006202698
2024-06-11,864.627685546875,Sell,253,253,1533660.1829328134,1751443.015066511,2235537.4528450663,0.8047983646392822
2024-06-12,890.0867309570312,Sell,253,0,1757855.6515174676,1757855.6515174676,2301362.025426626,0.8839460015296936
2024-06-13,903.356689453125,Hold,0,0,1757855.6515174676,1757855.6515174676,2335671.612927183,0.9055908918380737
2024-06-14,906.3056640625,Hold,0,0,1757855.6515174676,1757855.6515174676,2343296.211182487,0.8748497366905212
2024-06-17,905.32275390625,Hold,0,0,1757855.6515174676,1757855.6515174676,2340754.888839921,0.656570553779602
2024-06-18,926.9481201171875,Hold,0,0,1757855.6515174676,1757855.6515174676,2396667.4521282054,0.6124149560928345
2024-06-19,964.3013305664062,Hold,0,0,1757855.6515174676,1757855.6515174676,2493244.4868424768,0.6864345073699951
2024-06-20,964.3013305664062,Hold,0,0,1757855.6515174676,1757855.6515174676,2493244.4868424768,0.782118558883667
2024-06-21,953.4885864257812,Hold,0,0,1757855.6515174676,1757855.6515174676,2465288.0473914333,0.9246982336044312
2024-06-24,923.999267578125,Hold,0,0,1757855.6515174676,1757855.6515174676,2389043.1694867043,0.9686171412467957
2024-06-25,928.9141235351562,Buy,944,944,879711.1436213006,1752725.816161657,2401750.5702340417,0.7488856315612793
2024-06-26,943.6588134765625,Hold,0,944,879711.1436213006,1766583.2119475212,2439873.088089857,0.6850137114524841
2024-06-27,943.6588134765625,Hold,0,944,879711.1436213006,1766583.2119475212,2439873.088089857,0.8933955430984497
2024-06-28,949.5567016601562,Hold,0,944,879711.1436213006,1772126.1817343133,2455122.1267935634,0.913140594959259
2024-07-01,951.522705078125,Hold,0,944,879711.1436213006,1773973.8765713982,2460205.2448993996,0.9119786024093628
2024-07-02,943.6588134765625,Hold,0,944,879711.1436213006,1766583.2119475212,2439873.088089857,0.8736194372177124
2024-07-03,962.3353881835938,Hold,0,944,879711.1436213006,1784135.8826830927,2488161.526543542,0.8732309937477112
2024-07-04,987.8927612304688,Hold,0,944,879711.1436213006,1808155.2845806512,2554240.326043499,0.8573708534240723
2024-07-05,987.8927612304688,Hold,0,944,879711.1436213006,1808155.2845806512,2554240.326043499,0.8685392141342163
2024-07-08,1017.38232421875,Hold,0,944,879711.1436213006,1835870.248239074,2630485.835175834,0.8514646291732788
2024-07-09,1022.2969970703125,Hold,0,944,879711.1436213006,1840489.1698395135,2643192.762502467,0.7389500737190247
2024-07-10,1027.2119140625,Hold,0,944,879711.1436213006,1845108.3208888788,2655900.321056706,0.768036425113678
2024-07-11,1061.6162109375,Hold,0,944,879711.1436213006,1877442.2635099725,2744852.915322575,0.7490618228912354
2024-07-12,1022.2969970703125,Hold,0,944,879711.1436213006,1840489.1698395135,2643192.762502467,0.7420234084129333
2024-07-15,1022.2969970703125,Hold,0,944,879711.1436213006,1840489.1698395135,2643192.762502467,0.7588155269622803
2024-07-16,1037.041748046875,Hold,0,944,879711.1436213006,1854346.6229876091,2681315.4381651836,0.8031352758407593
2024-07-17,1012.4672241210938,Hold,0,944,879711.1436213006,1831250.9251030143,2617777.803200891,0.8348712921142578
2024-07-18,987.8927612304688,Hold,0,944,879711.1436213006,1808155.2845806512,2554240.326043499,0.8414921164512634
2024-07-19,953.4885864257812,Hold,0,944,879711.1436213006,1775821.4566840203,2465288.0473914333,0.8519754409790039
2024-07-22,923.0162963867188,Hold,0,944,879711.1436213006,1747182.9037370966,2386501.689337237,0.8571040630340576
2024-07-23,962.3353881835938,Hold,0,944,879711.1436213006,1784135.8826830927,2488161.526543542,0.8671453595161438
2024-07-26,908.2716674804688,Hold,0,944,879711.1436213006,1733325.5653134636,2348379.3292883234,0.8801682591438293
2024-07-29,927.93115234375,Hold,0,944,879711.1436213006,1751801.9974242302,2399209.090084574,0.8907715082168579
2024-07-30,923.999267578125,Hold,0,944,879711.1436213006,1748106.7224745234,2389043.1694867043,0.893500804901123
2024-07-31,918.1014404296875,Hold,0,944,879711.1436213006,1742563.8100499627,2373794.2885899,0.8748056888580322
2024-08-01,943.6588134765625,Hold,0,944,879711.1436213006,1766583.2119475212,2439873.088089857,0.8709478974342346
2024-08-02,887.6290893554688,Hold,0,944,879711.1436213006,1713925.1997408075,2295007.772728802,0.8333654403686523
2024-08-05,801.126953125,Hold,0,944,879711.1436213006,1632628.5198627068,2071355.7836997479,0.8134536147117615
2024-08-06,865.0205688476562,Hold,0,944,879711.1436213006,1692677.1966932975,2236553.2558703455,0.8386504650115967
2024-08-07,904.3397216796875,Hold,0,944,879711.1436213006,1729630.233001525,2338213.2508835522,0.8828397393226624
2024-08-08,880.7482299804688,Hold,0,944,879711.1436213006,1707458.4112165887,2277217.253875628,0.61122065782547
2024-08-09,918.1014404296875,Buy,861,1805,88099.36180154048,1737939.4708097344,2373794.2885899,0.9994277358055115
2024-08-12,923.999267578125,Buy,85,1890,9447.504646114452,1748078.483494198,2389043.1694867043,0.997723400592804
2024-08-13,924.9822387695312,Buy,9,1899,1110.801599976452,1749879.377897268,2391584.6496361718,0.9957952499389648
2024-08-14,931.8630981445312,Buy,1,1900,177.61059691706487,1762882.8580738762,2409375.168489346,0.9281608462333679
2024-08-15,926.9481201171875,Hold,0,1900,177.61059691706487,1753585.7224996882,2396667.4521282054,0.7807981967926025
2024-08-16,952.505615234375,Hold,0,1900,177.61059691706487,1801930.0885821467,2462746.567241966,0.5301042795181274
2024-08-19,956.4375610351562,Hold,0,1900,177.61059691706487,1809367.7277693108,2472912.645646737,0.7063301205635071
2024-08-20,956.4375610351562,Hold,0,1900,177.61059691706487,1809367.7277693108,2472912.645646737,0.6311199069023132
2024-08-21,941.6928100585938,Hold,0,1900,177.61059691706487,1781476.6674076775,2434789.9699840206,0.7292795181274414
2024-08-22,934.8120727539062,Hold,0,1900,177.61059691706487,1768461.1163276604,2416999.76674465,0.7670671343803406
2024-08-23,932.8460693359375,Hold,0,1900,177.61059691706487,1764742.2390072565,2411916.6486388133,0.8268933296203613
2024-08-26,933.8289794921875,Hold,0,1900,177.61059691706487,1766601.5044869927,2414457.970981379,0.9169514179229736
2024-08-27,925.9652099609375,Hold,0,1900,177.61059691706487,1751726.4570199517,2394126.1297856392,0.9398563504219055
2024-08-28,947.5906982421875,Hold,0,1900,177.61059691706487,1792633.068461602,2450039.0086877267,0.9104440808296204
2024-08-29,926.9481201171875,Hold,0,1900,177.61059691706487,1753585.7224996882,2396667.4521282054,0.7992920279502869
2024-08-30,927.93115234375,Hold,0,1900,177.61059691706487,1755445.218886712,2399209.090084574,0.6058787107467651
2024-09-02,931.8630981445312,Hold,0,1900,177.61059691706487,1762882.8580738762,2409375.168489346,0.8456379175186157
2024-09-03,923.999267578125,Hold,0,1900,177.61059691706487,1748007.6951531915,2389043.1694867043,0.9594772458076477
2024-09-04,873.867431640625,Hold,0,1900,177.61059691706487,1653178.690282586,2259426.892829356,0.9658440947532654
2024-09-05,886.6460571289062,Hold,0,1900,177.61059691706487,1677350.6424165277,2292466.134772433,0.9322583675384521
2024-09-06,902.373779296875,Hold,0,1900,177.61059691706487,1707101.083711541,2333130.2905846173,0.8850628733634949
2024-09-09,883.6972045898438,Hold,0,1900,177.61059691706487,1671772.615070031,2284841.8521309323,0.8628228306770325
2024-09-10,888.612060546875,Hold,0,1900,177.61059691706487,1681069.5197369317,2297549.2528782696,0.893770694732666
2024-09-11,885.6631469726562,Hold,0,1900,177.61059691706487,1675491.3769367915,2289924.812429867,0.9504178166389465
2024-09-12,928.1197509765625,Hold,0,1900,177.61059691706487,1755801.9706460503,2399696.713410365,0.9240982532501221
2024-09-13,935.0313720703125,Hold,0,1900,177.61059691706487,1768875.9412698296,2417566.76694192,0.6782066822052002
2024-09-16,935.0313720703125,Hold,0,1900,177.61059691706487,1768875.9412698296,2417566.76694192,0.8461816310882568
2024-09-18,929.107177734375,Hold,0,1900,177.61059691706487,1757669.7796954277,2402249.7134636454,0.9481379389762878
2024-09-19,947.8670043945312,Hold,0,1900,177.61059691706487,1793155.7271070795,2450753.400531045,0.965112030506134
2024-09-20,960.7026977539062,Hold,0,1900,177.61059691706487,1817435.628397973,2483940.1919270717,0.9668521881103516
2024-09-23,964.6521606445312,Hold,0,1900,177.61059691706487,1824906.4027809075,2494151.560912588,0.9685131311416626
2024-09-24,974.5257568359375,Hold,0,1900,177.61059691706487,1843583.2232846003,2519679.8255694774,0.972952663898468
2024-09-25,992.2982788085938,Hold,0,1900,177.61059691706487,1877201.592554162,2565630.828197399,0.9789272546768188
2024-09-26,1002.171875,Hold,0,1900,177.61059691706487,1895878.4130578546,2591159.092854289,0.9834349751472473
2024-09-27,987.3614501953125,Hold,0,1900,177.61059691706487,1867863.1245754939,2552866.616965504,0.9822354316711426
2024-09-30,944.9049072265625,Hold,0,1900,177.61059691706487,1787552.6463198785,2443094.873791908,0.984826922416687
2024-10-01,959.71533203125,Hold,0,1900,177.61059691706487,1815567.9348022393,2481387.3496806924,0.9884589314460754
2024-10-04,964.6521606445312,Hold,0,1900,177.61059691706487,1824906.4027809075,2494151.560912588,0.9908665418624878
2024-10-07,992.2982788085938,Hold,0,1900,177.61059691706487,1877201.592554162,2565630.828197399,0.9754227995872498
2024-10-08,997.235107421875,Hold,0,1900,177.61059691706487,1886540.0605328302,2578395.039429295,0.9068028330802917
2024-10-09,1007.1087036132812,Hold,0,1900,177.61059691706487,1905216.8810365228,2603923.304086184,0.7995328307151794
2024-10-11,1031.7928466796875,Hold,0,1900,177.61059691706487,1951909.2209298639,2667744.3602456613,0.5055727958679199
2024-10-14,1031.7928466796875,Hold,0,1900,177.61059691706487,1951909.2209298639,2667744.3602456613,0.7090499401092529
2024-10-15,1056.476806640625,Hold,0,1900,177.61059691706487,1998601.2144622735,2731564.942984434,0.7700830698013306
2024-10-16,1031.7928466796875,Hold,0,1900,177.61059691706487,1951909.2209298639,2667744.3602456613,0.7831222414970398
2024-10-17,1021.9191284179688,Hold,0,1900,177.61059691706487,1933232.1695188836,2642215.779974969,0.707118034362793
2024-10-18,1071.2872314453125,Hold,0,1900,177.61059691706487,2026616.5029446343,2769857.418873219,0.7176637649536133
2024-10-21,1071.2872314453125,Hold,0,1900,177.61059691706487,2026616.5029446343,2769857.418873219,0.7292474508285522
2024-10-22,1061.41357421875,Hold,0,1900,177.61059691706487,2007939.566987298,2744328.996409428,0.8445812463760376
2024-10-23,1046.6031494140625,Hold,0,1900,177.61059691706487,1979924.2785049372,2706036.520520643,0.9056684970855713
2024-10-24,1046.6031494140625,Hold,0,1900,177.61059691706487,1979924.2785049372,2706036.520520643,0.9342104196548462
2024-10-25,1051.5400390625,Hold,0,1900,177.61059691706487,1989262.861937249,2718800.8895594403,0.9279612302780151
2024-10-28,1036.7294921875,Hold,0,1900,177.61059691706487,1961247.3425476006,2680508.0980568524,0.6827134490013123
2024-10-29,1026.85595703125,Sell,950,950,971374.1240472344,1942570.6374975517,2654979.9912068644,0.7121009826660156
2024-10-30,1016.9822998046875,Sell,950,0,1933232.1695188836,1933232.1695188836,2629451.5687430734,0.9795717597007751
2024-11-01,1012.0454711914062,Hold,0,0,1933232.1695188836,1933232.1695188836,2616687.357511178,0.9948099851608276
2024-11-04,1026.85595703125,Hold,0,0,1933232.1695188836,1933232.1695188836,2654979.9912068644,0.9981006979942322
2024-11-05,1036.7294921875,Hold,0,0,1933232.1695188836,1933232.1695188836,2680508.0980568524,0.9994837045669556
2024-11-06,1046.6031494140625,Hold,0,0,1933232.1695188836,1933232.1695188836,2706036.520520643,0.9996564388275146
2024-11-07,1051.5400390625,Hold,0,0,1933232.1695188836,1933232.1695188836,2718800.8895594403,0.9996285438537598
2024-11-08,1076.2239990234375,Hold,0,0,1933232.1695188836,1933232.1695188836,2782621.472298213,0.9989307522773743
2024-11-11,1071.2872314453125,Hold,0,0,1933232.1695188836,1933232.1695188836,2769857.418873219,0.9953258037567139
2024-11-12,1036.7294921875,Hold,0,0,1933232.1695188836,1933232.1695188836,2680508.0980568524,0.9805748462677002
2024-11-13,1021.9191284179688,Hold,0,0,1933232.1695188836,1933232.1695188836,2642215.779974969,0.9414597749710083
2024-11-14,1021.9191284179688,Hold,0,0,1933232.1695188836,1933232.1695188836,2642215.779974969,0.608545184135437
2024-11-15,1021.9191284179688,Buy,944,944,967165.8266807732,1927588.7233241082,2642215.779974969,0.651861310005188
2024-11-18,1012.0454711914062,Buy,477,1421,483732.2243145668,1915485.172858114,2616687.357511178,0.6838415265083313
2024-11-19,1026.85595703125,Hold,0,1421,483732.2243145668,1936437.7460123575,2654979.9912068644,0.787001371383667
2024-11-20,1012.0454711914062,Hold,0,1421,483732.2243145668,1915485.172858114,2616687.357511178,0.9019633531570435
2024-11-21,997.235107421875,Hold,0,1421,483732.2243145668,1894532.7723982153,2578395.039429295,0.8371776342391968
2024-11-22,1026.85595703125,Hold,0,1421,483732.2243145668,1936437.7460123575,2654979.9912068644,0.7721806168556213
2024-11-25,1016.9822998046875,Hold,0,1421,483732.2243145668,1922469.3639095281,2629451.5687430734,0.710202693939209
2024-11-26,997.235107421875,Hold,0,1421,483732.2243145668,1894532.7723982153,2578395.039429295,0.604140043258667
2024-11-27,987.3614501953125,Hold,0,1421,483732.2243145668,1880564.3902953863,2552866.616965504,0.5538026094436646
2024-11-28,992.2982788085938,Hold,0,1421,483732.2243145668,1887548.581346801,2565630.828197399,0.5848937630653381
2024-11-29,983.4120483398438,Hold,0,1421,483732.2243145668,1874977.1238014274,2542655.405786889,0.5273277759552002
2024-12-02,1021.9191284179688,Hold,0,1421,483732.2243145668,1929453.5549609428,2642215.779974969,0.5468388199806213
2024-12-03,1041.66650390625,Hold,0,1421,483732.2243145668,1957390.4055137732,2693272.7827094523,0.779151976108551
2024-12-04,1056.476806640625,Hold,0,1421,483732.2243145668,1978342.7196264993,2731564.942984434,0.7832969427108765
2024-12-05,1061.41357421875,Hold,0,1421,483732.2243145668,1985326.824330741,2744328.996409428,0.7871015071868896
2024-12-06,1051.5400390625,Sell,710,711,1227021.976131217,1971358.6149222571,2718800.8895594403,0.5122142434120178
2024-12-09,1061.41357421875,Sell,355,356,1602156.4469304725,1978347.6345488806,2744328.996409428,0.5961374640464783
2024-12-10,1051.5400390625,Sell,178,178,1788502.3283718298,1974848.2098131874,2718800.8895594403,0.7468792796134949
2024-12-11,1031.7928466796875,Sell,89,89,1879925.5459084783,1971348.7634451268,2667744.3602456613,0.8347762227058411
2024-12-12,1050.6243896484375,Sell,89,0,1973017.3544369359,1973017.3544369359,2716433.4704223825,0.8980512619018555
2024-12-13,1055.580078125,Hold,0,0,1973017.3544369359,1973017.3544369359,2729246.4439868573,0.9364273548126221
2024-12-16,1075.4031982421875,Hold,0,0,1973017.3544369359,1973017.3544369359,2780499.2850861643,0.94852614402771
2024-12-17,1065.49169921875,Hold,0,0,1973017.3544369359,1973017.3544369359,2754873.022343412,0.9234574437141418
2024-12-18,1075.4031982421875,Hold,0,0,1973017.3544369359,1973017.3544369359,2780499.2850861643,0.8480170965194702
2024-12-19,1060.535888671875,Hold,0,0,1973017.3544369359,1973017.3544369359,2742059.7331651347,0.540436327457428
2024-12-20,1025.845458984375,Hold,0,0,1973017.3544369359,1973017.3544369359,2652367.3401447977,0.6273151636123657
2024-12-23,1070.447509765625,Hold,0,0,1973017.3544369359,1973017.3544369359,2767686.31152169,0.689906656742096
2024-12-24,1070.447509765625,Hold,0,0,1973017.3544369359,1973017.3544369359,2767686.31152169,0.6598710417747498
2024-12-25,1075.4031982421875,Hold,0,0,1973017.3544369359,1973017.3544369359,2780499.2850861643,0.642235517501831
2024-12-26,1075.4031982421875,Hold,0,0,1973017.3544369359,1973017.3544369359,2780499.2850861643,0.8631503582000732
2024-12-27,1080.35888671875,Hold,0,0,1973017.3544369359,1973017.3544369359,2793312.2586506386,0.9480462670326233
2024-12-30,1080.35888671875,Hold,0,0,1973017.3544369359,1973017.3544369359,2793312.2586506386,0.942602276802063
2024-12-31,1065.49169921875,Hold,0,0,1973017.3544369359,1973017.3544369359,2754873.022343412,0.9427885413169861
2025-01-02,1055.580078125,Hold,0,0,1973017.3544369359,1973017.3544369359,2729246.4439868573,0.8780447840690613
2025-01-03,1065.49169921875,Hold,0,0,1973017.3544369359,1973017.3544369359,2754873.022343412,0.680014967918396
2025-01-06,1115.0494384765625,Hold,0,0,1973017.3544369359,1973017.3544369359,2883004.9672847786,0.5062040090560913
2025-01-07,1120.005126953125,Hold,0,0,1973017.3544369359,1973017.3544369359,2895817.9408492534,0.5800703167915344
2025-01-08,1095.226318359375,Hold,0,0,1973017.3544369359,1973017.3544369359,2831752.1261854717,0.6460862159729004
2025-01-09,1090.2705078125,Hold,0,0,1973017.3544369359,1973017.3544369359,2818938.837007194,0.7189532518386841
2025-01-10,1090.2705078125,Hold,0,0,1973017.3544369359,1973017.3544369359,2818938.837007194,0.855522096157074
2025-01-13,1065.49169921875,Hold,0,0,1973017.3544369359,1973017.3544369359,2754873.022343412,0.9599230289459229
2025-01-14,1080.35888671875,Hold,0,0,1973017.3544369359,1973017.3544369359,2793312.2586506386,0.9849415421485901
2025-01-15,1055.580078125,Hold,0,0,1973017.3544369359,1973017.3544369359,2729246.4439868573,0.9933395981788635
2025-01-16,1095.226318359375,Hold,0,0,1973017.3544369359,1973017.3544369359,2831752.1261854717,0.997153639793396
2025-01-17,1110.0936279296875,Hold,0,0,1973017.3544369359,1973017.3544369359,2870191.6781065012,0.9992275238037109
2025-01-20,1110.0936279296875,Hold,0,0,1973017.3544369359,1973017.3544369359,2870191.6781065012,0.9997537732124329
2025-01-21,1110.0936279296875,Hold,0,0,1973017.3544369359,1973017.3544369359,2870191.6781065012,0.9998722076416016
2025-01-22,1124.9609375,Hold,0,0,1973017.3544369359,1973017.3544369359,2908631.230027531,0.9999051094055176
2025-02-03,1060.535888671875,Hold,0,0,1973017.3544369359,1973017.3544369359,2742059.7331651347,0.9999308586120605
2025-02-04,1085.314697265625,Hold,0,0,1973017.3544369359,1973017.3544369359,2806125.5478289165,0.9999555349349976
2025-02-05,1100.1820068359375,Hold,0,0,1973017.3544369359,1973017.3544369359,2844565.099749946,0.9999276399612427
2025-02-06,1105.1378173828125,Hold,0,0,1973017.3544369359,1973017.3544369359,2857378.388928224,0.9999194145202637
2025-02-07,1115.0494384765625,Hold,0,0,1973017.3544369359,1973017.3544369359,2883004.9672847786,0.9998723268508911
2025-02-10,1095.226318359375,Hold,0,0,1973017.3544369359,1973017.3544369359,2831752.1261854717,0.9998576641082764
2025-02-11,1100.1820068359375,Hold,0,0,1973017.3544369359,1973017.3544369359,2844565.099749946,0.9998563528060913
2025-02-12,1090.2705078125,Hold,0,0,1973017.3544369359,1973017.3544369359,2818938.837007194,0.9998050332069397
2025-02-13,1080.35888671875,Hold,0,0,1973017.3544369359,1973017.3544369359,2793312.2586506386,0.9997615218162537
2025-02-14,1050.6243896484375,Hold,0,0,1973017.3544369359,1973017.3544369359,2716433.4704223825,0.9997194409370422
2025-02-17,1075.4031982421875,Hold,0,0,1973017.3544369359,1973017.3544369359,2780499.2850861643,0.9997517466545105
2025-02-18,1090.2705078125,Hold,0,0,1973017.3544369359,1973017.3544369359,2818938.837007194,0.999762237071991
2025-02-19,1080.35888671875,Hold,0,0,1973017.3544369359,1973017.3544369359,2793312.2586506386,0.9997885823249817
2025-02-20,1070.447509765625,Hold,0,0,1973017.3544369359,1973017.3544369359,2767686.31152169,0.9998124241828918
2025-02-21,1085.314697265625,Hold,0,0,1973017.3544369359,1973017.3544369359,2806125.5478289165,0.9997997879981995
2025-02-24,1065.49169921875,Hold,0,0,1973017.3544369359,1973017.3544369359,2754873.022343412,0.9996521472930908
2025-02-25,1045.6685791015625,Hold,0,0,1973017.3544369359,1973017.3544369359,2703620.181244105,0.9990056157112122
2025-02-26,1050.6243896484375,Hold,0,0,1973017.3544369359,1973017.3544369359,2716433.4704223825,0.9992361068725586
2025-02-27,1030.8011474609375,Hold,0,0,1973017.3544369359,1973017.3544369359,2665180.313709272,0.9984447360038757
2025-03-03,1010.9781494140625,Hold,0,0,1973017.3544369359,1973017.3544369359,2613927.788223768,0.997456967830658
2025-03-04,991.1549682617188,Hold,0,0,1973017.3544369359,1973017.3544369359,2562674.7893175595,0.9959303736686707
2025-03-05,1010.9781494140625,Hold,0,0,1973017.3544369359,1973017.3544369359,2613927.788223768,0.9937427639961243
2025-03-06,996.1107788085938,Hold,0,0,1973017.3544369359,1973017.3544369359,2575488.078495837,0.9801218509674072
2025-03-07,996.1107788085938,Hold,0,0,1973017.3544369359,1973017.3544369359,2575488.078495837,0.9376378655433655
2025-03-10,989.1727294921875,Hold,0,0,1973017.3544369359,1973017.3544369359,2557549.6945759105,0.8185052275657654
2025-03-11,962.4114990234375,Hold,0,0,1973017.3544369359,1973017.3544369359,2488358.311749775,0.6411799788475037
2025-03-12,979.2611694335938,Hold,0,0,1973017.3544369359,1973017.3544369359,2531923.274026257,0.7755719423294067
2025-03-13,956.4645385742188,Hold,0,0,1973017.3544369359,1973017.3544369359,2472982.3962972225,0.928037166595459
2025-03-14,950.5177001953125,Hold,0,0,1973017.3544369359,1973017.3544369359,2457606.7964584725,0.9439809918403625
2025-03-17,961.4203491210938,Hold,0,0,1973017.3544369359,1973017.3544369359,2485795.6854755,0.8921880125999451
2025-03-18,966.8971557617188,Hold,0,0,1973017.3544369359,1973017.3544369359,2499956.014365411,0.6709856986999512
2025-03-19,947.9774169921875,Buy,1039,1039,986665.2665178898,1967255.4054998448,2451038.8732159496,0.5852847099304199
2025-03-20,980.8380126953125,Buy,502,1541,493582.94167246134,1998366.0583902195,2536000.2153278086,0.6952782273292542
2025-03-21,967.8929443359375,Buy,458,1999,49656.27783648111,1975912.7039329258,2502530.6339642038,0.8824560642242432
2025-03-24,967.8929443359375,Buy,46,2045,5069.75701452676,1975652.243941605,2502530.6339642038,0.9323936700820923
2025-03-25,985.81689453125,Buy,4,2049,1120.8702801029317,2012121.4579098758,2548873.155514872,0.9405690431594849
2025-03-26,975.859130859375,Buy,1,2050,143.62054998208214,1991802.5766708928,2523127.275140745,0.9793391823768616
2025-03-27,953.9520874023438,Hold,0,2050,143.62054998208214,1947091.8618519383,2466486.433001806,0.9906013011932373
2025-03-28,947.9774169921875,Hold,0,2050,143.62054998208214,1934897.9852400762,2451038.8732159496,0.9973742961883545
2025-03-31,906.1549072265625,Hold,0,2050,143.62054998208214,1849541.2226622563,2342906.4281356577,0.9990690350532532
2025-04-01,940.01123046875,Hold,0,2050,143.62054998208214,1918639.56613653,2430442.2320394083,0.9996217489242554
2025-04-02,938.0197143554688,Hold,0,2050,143.62054998208214,1914575.023644846,2425293.150648724,0.9998094439506531
2025-04-07,844.4168701171875,Hold,0,2050,143.62054998208214,1723538.287757166,2183282.2223071116,0.9998669624328613
2025-04-08,812.5521240234375,Hold,0,2050,143.62054998208214,1658504.6113429815,2100895.657600947,0.9997816681861877
2025-04-09,781.68310546875,Hold,0,2050,143.62054998208214,1595503.1438904363,2021083.5546866741,0.9995269775390625
2025-04-10,859.353515625,Hold,0,2050,143.62054998208214,1754022.9170026188,2221901.042868302,0.9986683130264282
2025-04-11,885.24365234375,Hold,0,2050,143.62054998208214,1806862.8413733465,2288840.205595512,0.9991045594215393
2025-04-14,861.3450317382812,Hold,0,2050,143.62054998208214,1758087.4594943027,2227050.124258987,0.9986618757247925
2025-04-15,873.2943725585938,Hold,0,2050,143.62054998208214,1782475.2127180272,2257945.2438307,0.9990026354789734
2025-04-16,851.3873291015625,Hold,0,2050,143.62054998208214,1737764.4978990727,2201304.4016917613,0.9990015625953674
2025-04-17,843.4210815429688,Hold,0,2050,143.62054998208214,1721505.9542271215,2180707.6027083187,0.9962283372879028
2025-04-18,846.408447265625,Hold,0,2050,143.62054998208214,1727602.954817255,2188431.461504698,0.9953747391700745
2025-04-21,831.4718017578125,Hold,0,2050,143.62054998208214,1697118.3255718022,2149812.6409435067,0.9975388050079346
2025-04-22,812.5521240234375,Hold,0,2050,143.62054998208214,1658504.6113429815,2100895.657600947,0.9947441816329956
2025-04-23,869.311279296875,Hold,0,2050,143.62054998208214,1774346.0031662541,2247646.9232424297,0.9954559803009033
2025-04-24,860.3493041992188,Hold,0,2050,143.62054998208214,1756055.2505326634,2224475.6624670955,0.9937117099761963
2025-04-25,884.2478637695312,Hold,0,2050,143.62054998208214,1804830.5078433019,2286265.5859967186,0.9914699196815491
2025-04-28,893.2098388671875,Hold,0,2050,143.62054998208214,1823121.2604768926,2309436.846772053,0.9898180365562439
2025-04-29,898.188720703125,Hold,0,2050,143.62054998208214,1833282.8035587103,2322309.786959117,0.9902920126914978
2025-04-30,904.1633911132812,Hold,0,2050,143.62054998208214,1845476.6801705724,2337757.346744973,0.9884927868843079
2025-05-02,945.9859008789062,Hold,0,2050,143.62054998208214,1930833.4427483922,2445889.791825265,0.9951658248901367
2025-05-05,934.03662109375,Hold,0,2050,143.62054998208214,1906445.814093073,2414994.830060453,0.9965733289718628
2025-05-06,916.1126708984375,Hold,0,2050,143.62054998208214,1869864.3088258917,2368652.3085097848,0.9947559833526611
2025-05-07,924.078857421875,Hold,0,2050,143.62054998208214,1886122.7279294378,2389248.949686326,0.9945963025093079
2025-05-08,914.12109375,Hold,0,2050,143.62054998208214,1865799.6417658024,2363503.069312199,0.9965994954109192
2025-05-09,944.9901123046875,Hold,0,2050,143.62054998208214,1928801.1092183476,2443315.172226472,0.9959782361984253
2025-05-12,952.956298828125,Hold,0,2050,143.62054998208214,1945059.528321894,2463911.813403013,0.9951142072677612
2025-05-13,964.9056396484375,Hold,0,2050,143.62054998208214,1969447.281545618,2494806.9329747264,0.9975469708442688
2025-05-14,994.7788696289062,Hold,0,2050,143.62054998208214,2030416.4154681189,2572044.4162902064,0.9987748265266418
2025-05-15,988.80419921875,Hold,0,2050,143.62054998208214,2018222.5388562565,2556596.85650435,0.9982434511184692
2025-05-16,993.7830810546875,Hold,0,2050,143.62054998208214,2028384.0819380742,2569469.7966914135,0.9973050355911255
2025-05-19,979.8422241210938,Hold,0,2050,143.62054998208214,1999931.7862226658,2533425.595729016,0.9928215146064758
2025-05-20,973.8676147460938,Hold,0,2050,143.62054998208214,1987738.0341792088,2517978.1937500606,0.9815559983253479
2025-05-21,985.81689453125,Hold,0,2050,143.62054998208214,2012125.6628345281,2548873.155514872,0.9426652193069458
2025-05-22,977.8507080078125,Hold,0,2050,143.62054998208214,1995867.2437309818,2528276.5143383313,0.7281168699264526
2025-05-23,979.8422241210938,Hold,0,2050,143.62054998208214,1999931.7862226658,2533425.595729016,0.4881587624549866
2025-05-26,971.8760375976562,Hold,0,2050,143.62054998208214,1983673.3671191197,2512828.9545524744,0.6217480301856995
2025-05-27,960.9224853515625,Hold,0,2050,143.62054998208214,1961317.94742544,2484508.454579554,0.6788036227226257
2025-05-28,962.9140625,Hold,0,2050,143.62054998208214,1965382.614485529,2489657.69377714,0.7254343628883362
2025-05-29,962.9140625,Hold,0,2050,143.62054998208214,1965382.614485529,2489657.69377714,0.7665356993675232
2025-06-02,942.0028076171875,Hold,0,2050,143.62054998208214,1922704.2331966192,2435591.4712369945,0.7932050228118896
2025-06-03,945.9859008789062,Hold,0,2050,143.62054998208214,1930833.4427483922,2445889.791825265,0.7994305491447449
2025-06-04,985.81689453125,Hold,0,2050,143.62054998208214,2012125.6628345281,2548873.155514872,0.8079227805137634
2025-06-05,993.7830810546875,Hold,0,2050,143.62054998208214,2028384.0819380742,2569469.7966914135,0.7709888219833374
2025-06-06,990.7957763671875,Hold,0,2050,143.62054998208214,2022287.2059163456,2561746.0957019357,0.6775659322738647
2025-06-09,1000.7534790039062,Sell,1025,1025,1021376.8940307789,2042610.1675115759,2587491.8182691615,0.6769177317619324
2025-06-10,1040.58447265625,Sell,1025,0,2083256.2775546436,2083256.2775546436,2690475.1819587685,0.909294605255127
2025-06-11,1060.5,Hold,0,0,2083256.2775546436,2083256.2775546436,2741966.942707023,0.9796461462974548
2025-06-12,1045.0,Hold,0,0,2083256.2775546436,2083256.2775546436,2701891.5644445233,0.9924837946891785
2025-06-13,1030.0,Hold,0,0,2083256.2775546436,2083256.2775546436,2663108.940319523,0.9963623881340027
2025-06-16,1025.0,Hold,0,0,2083256.2775546436,2083256.2775546436,2650181.398944523,0.9969196319580078
2025-06-17,1045.0,Hold,0,0,2083256.2775546436,2083256.2775546436,2701891.5644445233,0.994105339050293
2025-06-18,1055.0,Hold,0,0,2083256.2775546436,2083256.2775546436,2727746.647194523,0.9389296770095825
2025-06-19,1035.0,Hold,0,0,2083256.2775546436,2083256.2775546436,2676036.4816945232,0.6439981460571289
2025-06-20,1055.0,Hold,0,0,2083256.2775546436,2083256.2775546436,2727746.647194523,0.8149511218070984
2025-06-23,1020.0,Hold,0,0,2083256.2775546436,2083256.2775546436,2637253.857569523,0.9579721689224243
2025-06-24,1050.0,Hold,0,0,2083256.2775546436,2083256.2775546436,2714819.105819523,0.9593036770820618
2025-06-25,1070.0,Hold,0,0,2083256.2775546436,2083256.2775546436,2766529.271319523,0.9546886682510376
2025-06-26,1075.0,Hold,0,0,2083256.2775546436,2083256.2775546436,2779456.812694523,0.9319122433662415
2025-06-27,1080.0,Hold,0,0,2083256.2775546436,2083256.2775546436,2792384.354069523,0.9295762777328491
2025-06-30,1060.0,Hold,0,0,2083256.2775546436,2083256.2775546436,2740674.188569523,0.9330774545669556
2025-07-01,1085.0,Hold,0,0,2083256.2775546436,2083256.2775546436,2805311.895444523,0.9427065253257751
2025-07-02,1085.0,Hold,0,0,2083256.2775546436,2083256.2775546436,2805311.895444523,0.9505496025085449
2025-07-03,1090.0,Hold,0,0,2083256.2775546436,2083256.2775546436,2818239.436819523,0.9573100209236145
2025-07-04,1085.0,Hold,0,0,2083256.2775546436,2083256.2775546436,2805311.895444523,0.9639270305633545
2025-07-07,1080.0,Hold,0,0,2083256.2775546436,2083256.2775546436,2792384.354069523,0.9639197587966919
2025-07-08,1080.0,Hold,0,0,2083256.2775546436,2083256.2775546436,2792384.354069523,0.968758761882782
2025-07-09,1090.0,Hold,0,0,2083256.2775546436,2083256.2775546436,2818239.436819523,0.9729194641113281
2025-07-10,1100.0,Hold,0,0,2083256.2775546436,2083256.2775546436,2844094.519569523,0.9780429601669312
2025-07-11,1100.0,Hold,0,0,2083256.2775546436,2083256.2775546436,2844094.519569523,0.9772893190383911
2025-07-14,1095.0,Hold,0,0,2083256.2775546436,2083256.2775546436,2831166.978194523,0.9679895639419556
2025-07-15,1110.0,Hold,0,0,2083256.2775546436,2083256.2775546436,2869949.602319523,0.9584441781044006
2025-07-16,1130.0,Hold,0,0,2083256.2775546436,2083256.2775546436,2921659.767819523,0.926728367805481
2025-07-17,1130.0,Hold,0,0,2083256.2775546436,2083256.2775546436,2921659.767819523,0.8157707452774048
2025-07-18,1155.0,Hold,0,0,2083256.2775546436,2083256.2775546436,2986297.474694523,0.8361367583274841
2025-07-21,1150.0,Hold,0,0,2083256.2775546436,2083256.2775546436,2973369.933319523,0.821061909198761
2025-07-22,1130.0,Buy,1656,1656,209309.70355464355,2072309.2895546434,2921659.767819523,0.9404700398445129
2025-07-23,1145.0,Buy,164,1820,21262.117054643546,2095940.8595546435,2960442.391944523,0.9955171942710876
2025-07-24,1145.0,Buy,16,1836,2916.0110546435462,2095833.6875546435,2960442.391944523,0.9967940449714661
2025-07-25,1145.0,Buy,2,1838,622.7478046435463,2095820.2910546435,2960442.391944523,0.9972942471504211
2025-07-28,1145.0,Hold,0,1838,622.7478046435463,2095820.2910546435,2960442.391944523,0.9971229434013367
2025-07-29,1135.0,Hold,0,1838,622.7478046435463,2077521.6225546435,2934587.309194523,0.9967296123504639
2025-07-30,1155.0,Hold,0,1838,622.7478046435463,2114118.9595546434,2986297.474694523,0.9966040849685669
2025-07-31,1160.0,Hold,0,1838,622.7478046435463,2123268.2938046437,2999225.016069523,0.9942874312400818
2025-08-04,1135.0,Hold,0,1838,622.7478046435463,2077521.6225546435,2934587.309194523,0.9905949831008911
2025-08-05,1150.0,Hold,0,1838,622.7478046435463,2104969.6253046435,2973369.933319523,0.9906585216522217
2025-08-06,1125.0,Hold,0,1838,622.7478046435463,2059222.9540546436,2908732.2264445233,0.9473441243171692
2025-08-07,1180.0,Hold,0,1838,622.7478046435463,2159865.6308046435,3050935.181569523,0.9448031783103943
2025-08-08,1175.0,Hold,0,1838,622.7478046435463,2150716.2965546437,3038007.640194523,0.5894708037376404
2025-08-11,1180.0,Hold,0,1838,622.7478046435463,2159865.6308046435,3050935.181569523,0.49141427874565125
2025-08-12,1180.0,Hold,0,1838,622.7478046435463,2159865.6308046435,3050935.181569523,0.6558130383491516
2025-08-13,1200.0,Hold,0,1838,622.7478046435463,2196462.967804644,3102645.3470695233,0.6959905624389648
2025-08-14,1175.0,Hold,0,1838,622.7478046435463,2150716.2965546437,3038007.640194523,0.7563628554344177
2025-08-15,1180.0,Hold,0,1838,622.7478046435463,2159865.6308046435,3050935.181569523,0.7695510387420654
2025-08-18,1180.0,Hold,0,1838,622.7478046435463,2159865.6308046435,3050935.181569523,0.7964039444923401
